method,fold,prob,y_true
gb,15,0.7920813240082223,1
gb,15,0.8021613236446984,1
gb,15,0.6787903960696428,1
gb,15,0.8206240581119083,1
gb,15,0.8956951031320352,1
gb,15,0.8959462805975185,1
gb,15,0.8725331710304552,1
gb,15,0.8824161951846347,1
gb,15,0.9193810480902804,1
gb,15,0.6219159955222207,1
gb,15,0.6981188421535461,1
gb,15,0.6645809353251555,1
gb,15,0.6759646943659449,1
gb,15,0.7525107471941143,1
gb,15,0.8172971474104608,1
gb,15,0.7937132736195772,1
gb,15,0.7220893158072056,1
gb,15,0.8299559624032782,1
gb,15,0.9022685957135735,1
gb,15,0.8527738063056732,1
gb,15,0.9155463113485122,1
gb,15,0.8469680519054404,1
gb,15,0.8028371735041299,1
gb,15,0.8397557028261049,1
gb,15,0.8457524936569539,1
gb,15,0.8882785472308217,1
gb,15,0.81264608293706,1
gb,15,0.6460108093599992,1
gb,15,0.7933958047922907,1
gb,15,0.9003190098847456,1
gb,15,0.8815384643974229,1
gb,15,0.9039463124789922,1
gb,15,0.9568662081647737,1
gb,15,0.9476203157721069,1
gb,15,0.9538197796025666,1
gb,15,0.8939780980279461,1
gb,15,0.9198282783489258,1
gb,15,0.9182456717981076,1
gb,15,0.9561985130519559,1
gb,15,0.946787934259301,1
gb,15,0.9383381659132948,1
gb,15,0.952409276920562,1
gb,15,0.9200329091902635,0
gb,15,0.5276690306677689,0
gb,15,0.8919631245015945,0
gb,15,0.9017081050675595,0
gb,15,0.8712955955544964,0
gb,15,0.8452794476576293,0
gb,15,0.7792224364142015,0
gb,15,0.7995407831709379,1
gb,15,0.7303545582234988,1
gb,15,0.6011525506897979,1
gb,15,0.6910951971455109,1
gb,15,0.8575121201498939,1
gb,15,0.742139772390731,1
gb,15,0.7649639431396194,1
gb,15,0.7382409739482936,1
gb,15,0.7259250477742166,1
gb,15,0.6602249419125004,1
gb,15,0.7539938733077414,1
gb,15,0.816154278974474,1
gb,15,0.7035002744672239,1
gb,15,0.7045576141135672,1
gb,15,0.7085159104095561,1
gb,15,0.7491744987133614,1
gb,15,0.7523027496751963,1
gb,15,0.8070633801884356,1
gb,15,0.8263323050017237,1
gb,15,0.8619571187477465,1
gb,15,0.8406859692022461,1
gb,15,0.800213461518521,1
gb,15,0.835468764822515,1
gb,15,0.8918185969525861,1
gb,15,0.8465351727455578,1
gb,15,0.8455313760138795,1
gb,15,0.8443429656920522,1
gb,15,0.8309306328273826,1
gb,15,0.905013185127479,1
gb,15,0.8515076688955772,1
gb,15,0.882140002704314,1
gb,15,0.8086791035741729,1
gb,15,0.8825270375965193,1
gb,15,0.8882501267595426,1
gb,15,0.9131306127729296,1
gb,15,0.9084145765416604,1
gb,15,0.8792029012956718,1
gb,15,0.8933634164913536,1
gb,15,0.8700510322849602,1
gb,15,0.8759951766214268,1
gb,15,0.8097324427166268,1
gb,15,0.8250948960323419,1
gb,15,0.8383603610248902,1
gb,15,0.9216379179775377,1
gb,15,0.8816168954006931,1
gb,15,0.9121954586301747,1
gb,15,0.963119639722703,1
gb,15,0.9129942022109211,1
gb,15,0.8182770022072768,1
gb,15,0.829404982578182,1
gb,15,0.8382536586533453,1
gb,15,0.8182563776585577,1
gb,15,0.8107767860034101,1
gb,15,0.9001215599230001,1
gb,15,0.9327575801017555,1
gb,15,0.8096110631745885,1
gb,15,0.9326657471456409,1
gb,15,0.9122866913898641,1
gb,15,0.8757797683450762,1
gb,15,0.932377403722057,1
gb,15,0.8906237763676507,1
gb,15,0.9165342285146741,1
gb,15,0.6550652432188915,1
gb,15,0.8739089048891179,1
gb,15,0.9065509911297264,1
gb,15,0.9433619492184845,1
gb,15,0.9067964366896861,1
gb,15,0.8066393071003253,1
gb,15,0.8704744515222417,1
gb,15,0.8683765686079746,1
gb,15,0.8481456116845877,1
gb,15,0.8330609457243984,1
gb,15,0.8672034075155296,1
gb,15,0.9297494569392727,1
gb,15,0.8940410509398802,1
gb,15,0.9089274645149873,1
gb,15,0.9519129572015503,1
gb,15,0.9422072362613939,1
gb,15,0.8757681360753942,1
gb,15,0.9160406013073639,1
gb,15,0.9193643117422958,1
gb,15,0.8605348521511696,1
gb,15,0.7630999198270406,1
gb,15,0.8355422125383111,1
gb,15,0.8943351892611021,1
gb,15,0.8465787579311315,1
gb,15,0.8478752764320674,1
gb,15,0.8171454457269876,1
gb,15,0.8334284764967451,1
gb,15,0.8897325443451173,1
gb,15,0.7921435832781534,1
gb,15,0.8951801934274722,1
gb,15,0.7255882569226371,1
gb,15,0.7416635269040941,1
gb,15,0.757168698603731,1
gb,15,0.7587621681238831,1
gb,15,0.738457283337455,1
gb,15,0.7882271032960391,1
gb,15,0.8411642882944819,1
gb,15,0.6760096042576191,1
gb,15,0.8530109832309986,1
gb,15,0.7866481767168993,1
gb,15,0.8571659682995477,1
gb,15,0.8217551686116983,1
gb,15,0.8559104888027346,1
gb,15,0.8990516573627296,1
gb,15,0.826296379711193,1
gb,15,0.7699387017387888,1
gb,15,0.7639503126296434,1
gb,15,0.8159119678504221,1
gb,15,0.8114722208432762,1
gb,15,0.8036589226164873,1
deep_ssl_strict,15,0.8816579580307007,1
deep_ssl_strict,15,0.8038693070411682,1
deep_ssl_strict,15,0.7350533604621887,1
deep_ssl_strict,15,0.40877822041511536,1
deep_ssl_strict,15,0.7273584604263306,1
deep_ssl_strict,15,0.12960539758205414,1
deep_ssl_strict,15,0.20114949345588684,1
deep_ssl_strict,15,0.09081821143627167,1
deep_ssl_strict,15,0.8104177117347717,1
deep_ssl_strict,15,0.7784271240234375,1
deep_ssl_strict,15,0.87580406665802,1
deep_ssl_strict,15,0.9621533155441284,1
deep_ssl_strict,15,0.9429510831832886,1
deep_ssl_strict,15,0.9288296699523926,1
deep_ssl_strict,15,0.9635067582130432,1
deep_ssl_strict,15,0.9264788031578064,1
deep_ssl_strict,15,0.5479123592376709,1
deep_ssl_strict,15,0.672065794467926,1
deep_ssl_strict,15,0.491387277841568,1
deep_ssl_strict,15,0.4687274098396301,1
deep_ssl_strict,15,0.3970142900943756,1
deep_ssl_strict,15,0.9240269064903259,1
deep_ssl_strict,15,0.9514732956886292,1
deep_ssl_strict,15,0.980233371257782,1
deep_ssl_strict,15,0.8657628893852234,1
deep_ssl_strict,15,0.8582450151443481,1
deep_ssl_strict,15,0.8539555072784424,1
deep_ssl_strict,15,0.905085563659668,1
deep_ssl_strict,15,0.7301433682441711,1
deep_ssl_strict,15,0.8772068619728088,1
deep_ssl_strict,15,0.9674068093299866,1
deep_ssl_strict,15,0.051727958023548126,1
deep_ssl_strict,15,0.04528369382023811,1
deep_ssl_strict,15,0.8403863310813904,1
deep_ssl_strict,15,0.5189617872238159,1
deep_ssl_strict,15,0.6286598443984985,1
deep_ssl_strict,15,0.667849063873291,1
deep_ssl_strict,15,0.30509090423583984,1
deep_ssl_strict,15,0.8226233124732971,1
deep_ssl_strict,15,0.8180148601531982,1
deep_ssl_strict,15,0.7148223519325256,1
deep_ssl_strict,15,0.9793851375579834,1
deep_ssl_strict,15,0.9196667671203613,0
deep_ssl_strict,15,0.8313723802566528,0
deep_ssl_strict,15,0.2602194845676422,0
deep_ssl_strict,15,0.14544934034347534,0
deep_ssl_strict,15,0.921607494354248,0
deep_ssl_strict,15,0.2237662374973297,0
deep_ssl_strict,15,0.0719853937625885,0
deep_ssl_strict,15,0.953031063079834,1
deep_ssl_strict,15,0.9735061526298523,1
deep_ssl_strict,15,0.9561340808868408,1
deep_ssl_strict,15,0.7741380333900452,1
deep_ssl_strict,15,0.9270788431167603,1
deep_ssl_strict,15,0.8497931957244873,1
deep_ssl_strict,15,0.9374169707298279,1
deep_ssl_strict,15,0.12293018400669098,1
deep_ssl_strict,15,0.016564801335334778,1
deep_ssl_strict,15,0.03035043552517891,1
deep_ssl_strict,15,0.6633836030960083,1
deep_ssl_strict,15,0.8667868375778198,1
deep_ssl_strict,15,0.8892630934715271,1
deep_ssl_strict,15,0.8378985524177551,1
deep_ssl_strict,15,0.8652414083480835,1
deep_ssl_strict,15,0.9041203856468201,1
deep_ssl_strict,15,0.8939163684844971,1
deep_ssl_strict,15,0.9107558727264404,1
deep_ssl_strict,15,0.8624221682548523,1
deep_ssl_strict,15,0.39669331908226013,1
deep_ssl_strict,15,0.8586031198501587,1
deep_ssl_strict,15,0.9406692385673523,1
deep_ssl_strict,15,0.9234148263931274,1
deep_ssl_strict,15,0.8450868129730225,1
deep_ssl_strict,15,0.8858038783073425,1
deep_ssl_strict,15,0.9222140312194824,1
deep_ssl_strict,15,0.8280735015869141,1
deep_ssl_strict,15,0.5911639928817749,1
deep_ssl_strict,15,0.9604196548461914,1
deep_ssl_strict,15,0.5594545602798462,1
deep_ssl_strict,15,0.5201175808906555,1
deep_ssl_strict,15,0.8616397976875305,1
deep_ssl_strict,15,0.6509621143341064,1
deep_ssl_strict,15,0.934951663017273,1
deep_ssl_strict,15,0.9440730214118958,1
deep_ssl_strict,15,0.9303357005119324,1
deep_ssl_strict,15,0.7782692909240723,1
deep_ssl_strict,15,0.8874817490577698,1
deep_ssl_strict,15,0.5419100522994995,1
deep_ssl_strict,15,0.7749308347702026,1
deep_ssl_strict,15,0.5487427115440369,1
deep_ssl_strict,15,0.5438610315322876,1
deep_ssl_strict,15,0.9879083037376404,1
deep_ssl_strict,15,0.9975292086601257,1
deep_ssl_strict,15,0.9891220927238464,1
deep_ssl_strict,15,0.9972073435783386,1
deep_ssl_strict,15,0.9874486327171326,1
deep_ssl_strict,15,0.9377472996711731,1
deep_ssl_strict,15,0.9898214340209961,1
deep_ssl_strict,15,0.9796579480171204,1
deep_ssl_strict,15,0.935623049736023,1
deep_ssl_strict,15,0.985772430896759,1
deep_ssl_strict,15,0.9776026606559753,1
deep_ssl_strict,15,0.9771358966827393,1
deep_ssl_strict,15,0.9500213861465454,1
deep_ssl_strict,15,0.9164469242095947,1
deep_ssl_strict,15,0.6145176291465759,1
deep_ssl_strict,15,0.9352424740791321,1
deep_ssl_strict,15,0.7422569394111633,1
deep_ssl_strict,15,0.851709246635437,1
deep_ssl_strict,15,0.971856415271759,1
deep_ssl_strict,15,0.8670274615287781,1
deep_ssl_strict,15,0.5954028367996216,1
deep_ssl_strict,15,0.9552320241928101,1
deep_ssl_strict,15,0.9792296290397644,1
deep_ssl_strict,15,0.7830190062522888,1
deep_ssl_strict,15,0.46701616048812866,1
deep_ssl_strict,15,0.5338573455810547,1
deep_ssl_strict,15,0.7988994717597961,1
deep_ssl_strict,15,0.8037751317024231,1
deep_ssl_strict,15,0.34359684586524963,1
deep_ssl_strict,15,0.6951473355293274,1
deep_ssl_strict,15,0.9067404866218567,1
deep_ssl_strict,15,0.6215782761573792,1
deep_ssl_strict,15,0.9282963871955872,1
deep_ssl_strict,15,0.49454861879348755,1
deep_ssl_strict,15,0.990224301815033,1
deep_ssl_strict,15,0.9708858132362366,1
deep_ssl_strict,15,0.023810693994164467,1
deep_ssl_strict,15,0.0054331012070178986,1
deep_ssl_strict,15,0.011709585785865784,1
deep_ssl_strict,15,0.004078012425452471,1
deep_ssl_strict,15,0.004985807463526726,1
deep_ssl_strict,15,0.18334421515464783,1
deep_ssl_strict,15,0.0009269511210732162,1
deep_ssl_strict,15,0.001919476897455752,1
deep_ssl_strict,15,0.6223629117012024,1
deep_ssl_strict,15,0.18114560842514038,1
deep_ssl_strict,15,0.14613015949726105,1
deep_ssl_strict,15,0.9311512112617493,1
deep_ssl_strict,15,0.9484604001045227,1
deep_ssl_strict,15,0.8689287900924683,1
deep_ssl_strict,15,0.8809567093849182,1
deep_ssl_strict,15,0.787140965461731,1
deep_ssl_strict,15,0.8074716329574585,1
deep_ssl_strict,15,0.8141627907752991,1
deep_ssl_strict,15,0.7733249068260193,1
deep_ssl_strict,15,0.8114011883735657,1
deep_ssl_strict,15,0.9809371829032898,1
deep_ssl_strict,15,0.9436018466949463,1
deep_ssl_strict,15,0.848442792892456,1
deep_ssl_strict,15,0.534083366394043,1
deep_ssl_strict,15,0.4425034523010254,1
deep_ssl_strict,15,0.3201124966144562,1
deep_ssl_strict,15,0.5140668749809265,1
deep_ssl_strict,15,0.9122291803359985,1
deep_ssl_strict,15,0.9145376682281494,1
deep_ssl_strict,15,0.2519490420818329,1
deep_ssl_strict,15,0.07311006635427475,1
deep_ssl_strict,15,0.06497033685445786,1
deep_ssl_strict,15,0.30798476934432983,1
deep_ssl_strict,15,0.7282652854919434,1
gb,5C,0.5549786850510485,0
gb,5C,0.5944204541139964,0
gb,5C,0.7290611502933038,0
gb,5C,0.7290611502933038,0
gb,5C,0.3422507553863556,0
gb,5C,0.19587034750688606,0
gb,5C,0.16275866568942673,0
gb,5C,0.10643027246109478,0
gb,5C,0.1322722213391959,0
gb,5C,0.14254546878609134,0
gb,5C,0.2674389386730458,0
gb,5C,0.21467467968286894,0
gb,5C,0.15213939373110988,0
gb,5C,0.14375561690999417,0
gb,5C,0.08078580781094931,0
gb,5C,0.12618594256952181,0
gb,5C,0.09436746787302229,0
gb,5C,0.19927717293478256,0
gb,5C,0.23367691499201673,0
gb,5C,0.11224139640030001,0
gb,5C,0.09846909311414534,0
gb,5C,0.10135326085252805,0
gb,5C,0.32487212953336386,0
gb,5C,0.2509422338704635,0
gb,5C,0.10435816873952809,0
gb,5C,0.14158271006662046,0
gb,5C,0.04990654625426059,0
gb,5C,0.08246632352734572,0
gb,5C,0.07606056719361756,0
gb,5C,0.0754392906818666,0
gb,5C,0.1192245136698593,0
gb,5C,0.19857725481043131,0
gb,5C,0.6630787108679126,0
gb,5C,0.8746885731437194,0
gb,5C,0.34769162860819103,0
gb,5C,0.1285835835213209,0
gb,5C,0.24168438307837403,0
gb,5C,0.2769786404920015,0
gb,5C,0.20278092987963953,0
gb,5C,0.19862073117331405,0
gb,5C,0.1285835835213209,0
gb,5C,0.229236163814016,0
gb,5C,0.16698546007941328,0
gb,5C,0.23049936006815314,0
gb,5C,0.17765376933119703,0
gb,5C,0.13688715343254115,0
gb,5C,0.13319196649042075,0
gb,5C,0.18978904965411067,0
gb,5C,0.23623793086262487,0
gb,5C,0.231484001662233,0
gb,5C,0.19964420492653812,0
gb,5C,0.21901649943535897,0
gb,5C,0.20278092987963953,0
gb,5C,0.183401595810634,0
gb,5C,0.21343887291225294,0
gb,5C,0.19862073117331405,0
gb,5C,0.21162626783719002,0
gb,5C,0.23208016999095857,0
gb,5C,0.20317021480553032,0
gb,5C,0.16565732741303177,0
gb,5C,0.14502975488655498,0
gb,5C,0.21807116200455132,0
gb,5C,0.16982439505279837,0
gb,5C,0.16342719484254264,0
gb,5C,0.3317039201686256,0
gb,5C,0.23587588962561587,0
gb,5C,0.2150068753322884,0
gb,5C,0.21708732174227924,0
gb,5C,0.24581729932719534,0
gb,5C,0.14123494845547144,0
gb,5C,0.16748898568864065,0
gb,5C,0.2537362612599593,0
gb,5C,0.27432882471105097,0
gb,5C,0.222801475519574,0
gb,5C,0.2346370383021159,0
gb,5C,0.22437161936375072,0
gb,5C,0.16407682847928118,0
gb,5C,0.17919172373053213,0
gb,5C,0.1001707895290806,0
gb,5C,0.08813679988211603,0
gb,5C,0.5221404299856941,0
gb,5C,0.8583047895977843,0
gb,5C,0.3767668956551022,0
gb,5C,0.24168438307837403,0
gb,5C,0.2749906000156653,0
gb,5C,0.23733401869154636,0
gb,5C,0.6460624236105046,0
gb,5C,0.3131347180304018,0
gb,5C,0.33895649659462634,0
gb,5C,0.26300084601499263,0
gb,5C,0.21441025639633382,0
gb,5C,0.17996302646810064,0
gb,5C,0.40567967613751926,0
gb,5C,0.3057590558633977,0
gb,5C,0.19472249028102814,0
gb,5C,0.14656205683764792,0
gb,5C,0.37728972118685233,0
gb,5C,0.23610430353944686,0
gb,5C,0.15126190499538697,0
gb,5C,0.28079004738683827,0
gb,5C,0.19679623546619684,0
gb,5C,0.24168438307837403,0
gb,5C,0.2769786404920015,0
gb,5C,0.17145279688902085,0
gb,5C,0.2834159008787339,0
gb,5C,0.2976153831776906,0
gb,5C,0.15307457204896102,0
gb,5C,0.0820574168467166,0
gb,5C,0.12431810468390608,0
gb,5C,0.05717693395437715,0
gb,5C,0.12348945999233776,0
gb,5C,0.11575551220856986,0
gb,5C,0.0575514452600321,0
gb,5C,0.08101796961628259,0
gb,5C,0.0623053118681187,0
gb,5C,0.07971218147974901,0
gb,5C,0.0779032385115652,0
gb,5C,0.0851647256642068,0
gb,5C,0.12506990909199978,0
gb,5C,0.11461527918247363,0
gb,5C,0.1893417482714075,0
gb,5C,0.09333869455332576,0
gb,5C,0.0596786371719962,0
gb,5C,0.15298725855830272,0
gb,5C,0.11906354168569139,0
gb,5C,0.12035913402043867,0
gb,5C,0.0840164829784809,0
gb,5C,0.11946664733990793,0
gb,5C,0.0884601741482822,0
gb,5C,0.15510366190181787,0
gb,5C,0.07887671612720791,0
gb,5C,0.134444652606825,0
gb,5C,0.16079616020649112,0
gb,5C,0.1356189320441336,0
gb,5C,0.08340199233317357,0
gb,5C,0.056504510750977704,0
gb,5C,0.12909660110709592,0
gb,5C,0.09495917614486128,0
gb,5C,0.16638617921031826,0
gb,5C,0.09019475772750266,0
gb,5C,0.11576384610874978,0
gb,5C,0.07802804889907436,0
gb,5C,0.0996321540232868,0
gb,5C,0.07922363812102294,0
gb,5C,0.09273691800728628,0
gb,5C,0.13186476079243478,0
gb,5C,0.1570417779338952,0
gb,5C,0.07701294193441237,0
gb,5C,0.1160247396425483,0
gb,5C,0.23344749571109238,0
gb,5C,0.24840403072738243,0
gb,5C,0.0914330296028796,0
gb,5C,0.10254472978840506,0
gb,5C,0.08533853689651982,0
gb,5C,0.08420306907165998,0
gb,5C,0.09700704982836171,0
gb,5C,0.14075242973647803,0
gb,5C,0.229375362924401,0
gb,5C,0.14293966837781322,0
gb,5C,0.0911172375537258,0
gb,5C,0.09509504037747517,0
gb,5C,0.8100681007015581,1
gb,5C,0.8102049452698442,1
gb,5C,0.7731892673340417,1
gb,5C,0.7086838976563441,1
gb,5C,0.6358861812458378,1
gb,5C,0.7546579373597913,1
gb,5C,0.31174521920309123,1
gb,5C,0.40595901166218257,1
gb,5C,0.6380794604662694,1
gb,5C,0.17356661120190037,1
gb,5C,0.32970060402265133,1
gb,5C,0.7754927978660886,1
gb,5C,0.5084687807791932,1
gb,5C,0.4852607793122079,1
gb,5C,0.5048700968705733,1
gb,5C,0.4448141120521326,1
gb,5C,0.8532709443518526,1
gb,5C,0.8497214764766549,1
gb,5C,0.7432344072515709,1
gb,5C,0.7378618894029184,1
gb,5C,0.6461721470410051,1
gb,5C,0.9033760357832524,1
gb,5C,0.564676194892408,1
gb,5C,0.7920418831785558,1
gb,5C,0.6895870250021764,1
gb,5C,0.6539606066767892,1
gb,5C,0.7650512457193401,1
gb,5C,0.6094729164356231,1
gb,5C,0.7175353880995508,1
gb,5C,0.7093454805309891,1
gb,5C,0.8540250941257997,1
gb,5C,0.6797044340625925,1
gb,5C,0.7127952647735248,1
gb,5C,0.7991146314129991,1
gb,5C,0.7925569076592626,1
gb,5C,0.653660418125406,1
gb,5C,0.7360723264464085,1
gb,5C,0.8208983412727637,1
gb,5C,0.2605700219977176,1
gb,5C,0.20879326316212826,1
gb,5C,0.23475688178050177,1
gb,5C,0.5615675515014295,1
gb,5C,0.5709042726126415,1
gb,5C,0.6202917845053076,1
gb,5C,0.22313558658504823,1
gb,5C,0.5659606286659117,1
gb,5C,0.7611890696755502,1
gb,5C,0.7118126933554192,1
gb,5C,0.620201871357344,1
gb,5C,0.555172523180903,1
gb,5C,0.10316940933659308,1
gb,5C,0.8323038851004779,1
gb,5C,0.8909821719686796,1
gb,5C,0.8253878751588998,1
gb,5C,0.7007663002922183,1
gb,5C,0.8363305965013932,1
gb,5C,0.8517818037609148,1
gb,5C,0.8816281190403079,1
gb,5C,0.9719161918681718,1
gb,5C,0.983347903921737,1
gb,5C,0.8998837682844336,1
gb,5C,0.9620985342365564,1
gb,5C,0.9538822818883337,1
gb,5C,0.9041041639199052,1
gb,5C,0.9048418436748484,1
gb,5C,0.8768490483047041,1
gb,5C,0.8748048101550374,1
gb,5C,0.9296839895967386,1
gb,5C,0.8850006773894719,1
gb,5C,0.8850006773894719,1
gb,5C,0.8906009473603861,1
gb,5C,0.873151068870679,1
gb,5C,0.9045708172677033,1
gb,5C,0.8766160095899455,1
gb,5C,0.8844021154994688,1
gb,5C,0.8858266655804811,1
gb,5C,0.9456477813068863,1
gb,5C,0.9068924374344565,1
gb,5C,0.4083939727279032,1
gb,5C,0.5591814041178079,1
gb,5C,0.6705071137571095,1
gb,5C,0.6705071137571095,1
gb,5C,0.7151199556548048,1
gb,5C,0.5865959130158335,1
gb,5C,0.6938397268566031,1
gb,5C,0.6856441267056149,1
gb,5C,0.6660250511811384,1
gb,5C,0.7211840326384086,1
gb,5C,0.9293555068886216,1
gb,5C,0.9226757944066161,1
gb,5C,0.6672301600559646,1
gb,5C,0.5758357176804887,1
gb,5C,0.6116376809812281,1
gb,5C,0.5430496819656612,1
gb,5C,0.8964720839654696,1
gb,5C,0.5956755332581031,1
gb,5C,0.36253898517954897,1
gb,5C,0.22955060228077756,1
gb,5C,0.5864162310062369,1
gb,5C,0.10798978039592311,1
gb,5C,0.11196220802263183,1
gb,5C,0.39363768707937313,1
gb,5C,0.10937903951765887,1
gb,5C,0.17436212057915718,1
gb,5C,0.06617060365723787,1
gb,5C,0.09067623690754653,1
gb,5C,0.09067623690754653,1
gb,5C,0.34101831789588755,1
gb,5C,0.1820948453712705,1
gb,5C,0.23556345674500284,1
gb,5C,0.1562499240176209,1
gb,5C,0.11238270615759416,1
gb,5C,0.26860067904782414,1
gb,5C,0.2082976556193654,1
gb,5C,0.16109906967660667,1
gb,5C,0.16934649783824557,1
gb,5C,0.22116466998494883,1
gb,5C,0.18159114542256705,1
gb,5C,0.06775758218106089,1
gb,5C,0.16643303455689218,1
gb,5C,0.2204039973110682,1
gb,5C,0.3100763168412247,1
gb,5C,0.2723832110883499,1
gb,5C,0.49361323165958865,1
gb,5C,0.12621203154216615,1
gb,5C,0.11357546125625922,1
gb,5C,0.11666889067284225,1
gb,5C,0.1285835835213209,1
gb,5C,0.2136028409779707,1
gb,5C,0.1528978690666139,1
gb,5C,0.2024233133104128,1
gb,5C,0.14513570868592582,1
gb,5C,0.1406807447657776,1
gb,5C,0.1406807447657776,1
gb,5C,0.1901434234791513,1
gb,5C,0.2805011115194911,1
deep_ssl_strict,5C,0.09937205165624619,0
deep_ssl_strict,5C,0.09803174436092377,0
deep_ssl_strict,5C,0.08539848774671555,0
deep_ssl_strict,5C,0.11442413181066513,0
deep_ssl_strict,5C,0.639426589012146,0
deep_ssl_strict,5C,0.6093882322311401,0
deep_ssl_strict,5C,0.7085036635398865,0
deep_ssl_strict,5C,0.8712052702903748,0
deep_ssl_strict,5C,0.976598858833313,0
deep_ssl_strict,5C,0.872326135635376,0
deep_ssl_strict,5C,0.9734419584274292,0
deep_ssl_strict,5C,0.8867478370666504,0
deep_ssl_strict,5C,0.615647554397583,0
deep_ssl_strict,5C,0.47850921750068665,0
deep_ssl_strict,5C,0.8886797428131104,0
deep_ssl_strict,5C,0.9243388772010803,0
deep_ssl_strict,5C,0.9896482825279236,0
deep_ssl_strict,5C,0.9897172451019287,0
deep_ssl_strict,5C,0.7910042405128479,0
deep_ssl_strict,5C,0.18550628423690796,0
deep_ssl_strict,5C,0.15399448573589325,0
deep_ssl_strict,5C,0.5579720139503479,0
deep_ssl_strict,5C,0.9309134483337402,0
deep_ssl_strict,5C,0.9989222288131714,0
deep_ssl_strict,5C,0.9999485015869141,0
deep_ssl_strict,5C,0.9903258681297302,0
deep_ssl_strict,5C,0.5153245329856873,0
deep_ssl_strict,5C,0.7428942918777466,0
deep_ssl_strict,5C,0.6936574578285217,0
deep_ssl_strict,5C,0.7666688561439514,0
deep_ssl_strict,5C,0.7986698150634766,0
deep_ssl_strict,5C,0.7180690169334412,0
deep_ssl_strict,5C,0.7788087129592896,0
deep_ssl_strict,5C,0.5332177877426147,0
deep_ssl_strict,5C,0.38890305161476135,0
deep_ssl_strict,5C,0.47662436962127686,0
deep_ssl_strict,5C,0.5816771984100342,0
deep_ssl_strict,5C,0.4491785168647766,0
deep_ssl_strict,5C,0.3381991982460022,0
deep_ssl_strict,5C,0.11260007321834564,0
deep_ssl_strict,5C,0.14888174831867218,0
deep_ssl_strict,5C,0.481425940990448,0
deep_ssl_strict,5C,0.25147777795791626,0
deep_ssl_strict,5C,0.27077561616897583,0
deep_ssl_strict,5C,0.42174994945526123,0
deep_ssl_strict,5C,0.37120991945266724,0
deep_ssl_strict,5C,0.46558111906051636,0
deep_ssl_strict,5C,0.4517582058906555,0
deep_ssl_strict,5C,0.11349179595708847,0
deep_ssl_strict,5C,0.08061998337507248,0
deep_ssl_strict,5C,0.19520220160484314,0
deep_ssl_strict,5C,0.08516635745763779,0
deep_ssl_strict,5C,0.09868846833705902,0
deep_ssl_strict,5C,0.49493607878685,0
deep_ssl_strict,5C,0.13728854060173035,0
deep_ssl_strict,5C,0.23651953041553497,0
deep_ssl_strict,5C,0.2155427485704422,0
deep_ssl_strict,5C,0.14038729667663574,0
deep_ssl_strict,5C,0.0810616984963417,0
deep_ssl_strict,5C,0.4173835813999176,0
deep_ssl_strict,5C,0.5076583027839661,0
deep_ssl_strict,5C,0.9490835666656494,0
deep_ssl_strict,5C,0.9995856881141663,0
deep_ssl_strict,5C,0.9997383952140808,0
deep_ssl_strict,5C,0.999876856803894,0
deep_ssl_strict,5C,0.9554868340492249,0
deep_ssl_strict,5C,0.917116641998291,0
deep_ssl_strict,5C,0.440901517868042,0
deep_ssl_strict,5C,0.894508421421051,0
deep_ssl_strict,5C,0.8380451202392578,0
deep_ssl_strict,5C,0.914068341255188,0
deep_ssl_strict,5C,0.9383129477500916,0
deep_ssl_strict,5C,0.8414056897163391,0
deep_ssl_strict,5C,0.19105380773544312,0
deep_ssl_strict,5C,0.9562699198722839,0
deep_ssl_strict,5C,0.9870650768280029,0
deep_ssl_strict,5C,0.8918461799621582,0
deep_ssl_strict,5C,0.24508126080036163,0
deep_ssl_strict,5C,0.09765582531690598,0
deep_ssl_strict,5C,0.38273364305496216,0
deep_ssl_strict,5C,0.1865776926279068,0
deep_ssl_strict,5C,0.039211686700582504,0
deep_ssl_strict,5C,0.3988990783691406,0
deep_ssl_strict,5C,0.5112923383712769,0
deep_ssl_strict,5C,0.46366557478904724,0
deep_ssl_strict,5C,0.572810173034668,0
deep_ssl_strict,5C,0.9464088082313538,0
deep_ssl_strict,5C,0.9486567378044128,0
deep_ssl_strict,5C,0.9847742915153503,0
deep_ssl_strict,5C,0.9381677508354187,0
deep_ssl_strict,5C,0.32142069935798645,0
deep_ssl_strict,5C,0.4652602970600128,0
deep_ssl_strict,5C,0.5468474626541138,0
deep_ssl_strict,5C,0.6312261819839478,0
deep_ssl_strict,5C,0.5493821501731873,0
deep_ssl_strict,5C,0.756493330001831,0
deep_ssl_strict,5C,0.8471426963806152,0
deep_ssl_strict,5C,0.7721446752548218,0
deep_ssl_strict,5C,0.9753305315971375,0
deep_ssl_strict,5C,0.9651648998260498,0
deep_ssl_strict,5C,0.9929799437522888,0
deep_ssl_strict,5C,0.9602727890014648,0
deep_ssl_strict,5C,0.9338019490242004,0
deep_ssl_strict,5C,0.9311711192131042,0
deep_ssl_strict,5C,0.9020450711250305,0
deep_ssl_strict,5C,0.7436254620552063,0
deep_ssl_strict,5C,0.8640843033790588,0
deep_ssl_strict,5C,0.9269539713859558,0
deep_ssl_strict,5C,0.9922066330909729,0
deep_ssl_strict,5C,0.8135408759117126,0
deep_ssl_strict,5C,0.9125142097473145,0
deep_ssl_strict,5C,0.7503970265388489,0
deep_ssl_strict,5C,0.7573125958442688,0
deep_ssl_strict,5C,0.9700778126716614,0
deep_ssl_strict,5C,0.28938034176826477,0
deep_ssl_strict,5C,0.9113103151321411,0
deep_ssl_strict,5C,0.9981826543807983,0
deep_ssl_strict,5C,0.6211460828781128,0
deep_ssl_strict,5C,0.8747348785400391,0
deep_ssl_strict,5C,0.9926335215568542,0
deep_ssl_strict,5C,0.9950510859489441,0
deep_ssl_strict,5C,0.9534947276115417,0
deep_ssl_strict,5C,0.9469726085662842,0
deep_ssl_strict,5C,0.9455071091651917,0
deep_ssl_strict,5C,0.5785719156265259,0
deep_ssl_strict,5C,0.2322530895471573,0
deep_ssl_strict,5C,0.4218558073043823,0
deep_ssl_strict,5C,0.4482315182685852,0
deep_ssl_strict,5C,0.2667226493358612,0
deep_ssl_strict,5C,0.24507948756217957,0
deep_ssl_strict,5C,0.8576866984367371,0
deep_ssl_strict,5C,0.4766274094581604,0
deep_ssl_strict,5C,0.37070539593696594,0
deep_ssl_strict,5C,0.9248384237289429,0
deep_ssl_strict,5C,0.653977632522583,0
deep_ssl_strict,5C,0.48871123790740967,0
deep_ssl_strict,5C,0.8607571721076965,0
deep_ssl_strict,5C,0.9971559047698975,0
deep_ssl_strict,5C,0.980966329574585,0
deep_ssl_strict,5C,0.4046175181865692,0
deep_ssl_strict,5C,0.5786780714988708,0
deep_ssl_strict,5C,0.8726950287818909,0
deep_ssl_strict,5C,0.9972805976867676,0
deep_ssl_strict,5C,0.5429658889770508,0
deep_ssl_strict,5C,0.6240501403808594,0
deep_ssl_strict,5C,0.9987326264381409,0
deep_ssl_strict,5C,0.997370719909668,0
deep_ssl_strict,5C,0.5420435667037964,0
deep_ssl_strict,5C,0.9265395402908325,0
deep_ssl_strict,5C,0.8802536725997925,0
deep_ssl_strict,5C,0.8714944124221802,0
deep_ssl_strict,5C,0.9987744688987732,0
deep_ssl_strict,5C,0.9936028122901917,0
deep_ssl_strict,5C,0.07784447073936462,0
deep_ssl_strict,5C,0.6871227025985718,0
deep_ssl_strict,5C,0.9998371601104736,0
deep_ssl_strict,5C,0.39727091789245605,0
deep_ssl_strict,5C,0.8983492255210876,0
deep_ssl_strict,5C,0.9999005794525146,0
deep_ssl_strict,5C,0.999956488609314,0
deep_ssl_strict,5C,0.9999945163726807,0
deep_ssl_strict,5C,0.9995978474617004,1
deep_ssl_strict,5C,0.9936293959617615,1
deep_ssl_strict,5C,0.9131105542182922,1
deep_ssl_strict,5C,0.9288893938064575,1
deep_ssl_strict,5C,0.997822642326355,1
deep_ssl_strict,5C,0.910676896572113,1
deep_ssl_strict,5C,0.7839545607566833,1
deep_ssl_strict,5C,0.9710110425949097,1
deep_ssl_strict,5C,0.9468419551849365,1
deep_ssl_strict,5C,0.654906690120697,1
deep_ssl_strict,5C,0.6944198608398438,1
deep_ssl_strict,5C,0.06346838176250458,1
deep_ssl_strict,5C,0.8040809035301208,1
deep_ssl_strict,5C,0.9209201335906982,1
deep_ssl_strict,5C,0.388740211725235,1
deep_ssl_strict,5C,0.932616114616394,1
deep_ssl_strict,5C,0.8794720768928528,1
deep_ssl_strict,5C,0.4419782757759094,1
deep_ssl_strict,5C,0.8605393171310425,1
deep_ssl_strict,5C,0.8658718466758728,1
deep_ssl_strict,5C,0.591659426689148,1
deep_ssl_strict,5C,0.9495862722396851,1
deep_ssl_strict,5C,0.7019160985946655,1
deep_ssl_strict,5C,0.9881742000579834,1
deep_ssl_strict,5C,0.9647340774536133,1
deep_ssl_strict,5C,0.8044969439506531,1
deep_ssl_strict,5C,0.7069013714790344,1
deep_ssl_strict,5C,0.25779157876968384,1
deep_ssl_strict,5C,0.7883318662643433,1
deep_ssl_strict,5C,0.9502832293510437,1
deep_ssl_strict,5C,0.9654130339622498,1
deep_ssl_strict,5C,0.8353780508041382,1
deep_ssl_strict,5C,0.7859580516815186,1
deep_ssl_strict,5C,0.8387058973312378,1
deep_ssl_strict,5C,0.6809470653533936,1
deep_ssl_strict,5C,0.5744544863700867,1
deep_ssl_strict,5C,0.47690922021865845,1
deep_ssl_strict,5C,0.8515856862068176,1
deep_ssl_strict,5C,0.757219672203064,1
deep_ssl_strict,5C,0.9500052332878113,1
deep_ssl_strict,5C,0.9368892908096313,1
deep_ssl_strict,5C,0.45658794045448303,1
deep_ssl_strict,5C,0.7918779850006104,1
deep_ssl_strict,5C,0.7450737357139587,1
deep_ssl_strict,5C,0.5263864398002625,1
deep_ssl_strict,5C,0.8243489861488342,1
deep_ssl_strict,5C,0.7006366848945618,1
deep_ssl_strict,5C,0.8345496654510498,1
deep_ssl_strict,5C,0.8256080746650696,1
deep_ssl_strict,5C,0.7677821516990662,1
deep_ssl_strict,5C,0.8683687448501587,1
deep_ssl_strict,5C,0.8420417904853821,1
deep_ssl_strict,5C,0.43805527687072754,1
deep_ssl_strict,5C,0.7111902236938477,1
deep_ssl_strict,5C,0.5382463335990906,1
deep_ssl_strict,5C,0.8130500316619873,1
deep_ssl_strict,5C,0.7862063050270081,1
deep_ssl_strict,5C,0.6064754724502563,1
deep_ssl_strict,5C,0.1145465299487114,1
deep_ssl_strict,5C,0.09940142929553986,1
deep_ssl_strict,5C,0.1347939819097519,1
deep_ssl_strict,5C,0.41226473450660706,1
deep_ssl_strict,5C,0.6333367824554443,1
deep_ssl_strict,5C,0.7864671349525452,1
deep_ssl_strict,5C,0.7415450811386108,1
deep_ssl_strict,5C,0.8654561042785645,1
deep_ssl_strict,5C,0.8846806883811951,1
deep_ssl_strict,5C,0.9336001873016357,1
deep_ssl_strict,5C,0.9085298776626587,1
deep_ssl_strict,5C,0.8796601295471191,1
deep_ssl_strict,5C,0.8798658847808838,1
deep_ssl_strict,5C,0.8575795292854309,1
deep_ssl_strict,5C,0.9385269284248352,1
deep_ssl_strict,5C,0.9285397529602051,1
deep_ssl_strict,5C,0.8891035318374634,1
deep_ssl_strict,5C,0.9450384378433228,1
deep_ssl_strict,5C,0.8517705798149109,1
deep_ssl_strict,5C,0.13784395158290863,1
deep_ssl_strict,5C,0.4668462872505188,1
deep_ssl_strict,5C,0.3962700068950653,1
deep_ssl_strict,5C,0.553628146648407,1
deep_ssl_strict,5C,0.3627323508262634,1
deep_ssl_strict,5C,0.2929970920085907,1
deep_ssl_strict,5C,0.3893161714076996,1
deep_ssl_strict,5C,0.3288610577583313,1
deep_ssl_strict,5C,0.7433858513832092,1
deep_ssl_strict,5C,0.7030705213546753,1
deep_ssl_strict,5C,0.9402953386306763,1
deep_ssl_strict,5C,0.14197367429733276,1
deep_ssl_strict,5C,0.10486188530921936,1
deep_ssl_strict,5C,0.7933889627456665,1
deep_ssl_strict,5C,0.6899536848068237,1
deep_ssl_strict,5C,0.8040209412574768,1
deep_ssl_strict,5C,0.8657280802726746,1
deep_ssl_strict,5C,0.09703303873538971,1
deep_ssl_strict,5C,0.5060787200927734,1
deep_ssl_strict,5C,0.5140386819839478,1
deep_ssl_strict,5C,0.8878845572471619,1
deep_ssl_strict,5C,0.9363852143287659,1
deep_ssl_strict,5C,0.7969294190406799,1
deep_ssl_strict,5C,0.7204190492630005,1
deep_ssl_strict,5C,0.8914738297462463,1
deep_ssl_strict,5C,0.9927474856376648,1
deep_ssl_strict,5C,0.9975550770759583,1
deep_ssl_strict,5C,0.232318714261055,1
deep_ssl_strict,5C,0.38817110657691956,1
deep_ssl_strict,5C,0.5388486981391907,1
deep_ssl_strict,5C,0.9385231137275696,1
deep_ssl_strict,5C,0.9569974541664124,1
deep_ssl_strict,5C,0.9933604598045349,1
deep_ssl_strict,5C,0.9760025143623352,1
deep_ssl_strict,5C,0.9996660947799683,1
deep_ssl_strict,5C,0.9886220097541809,1
deep_ssl_strict,5C,0.9976710677146912,1
deep_ssl_strict,5C,0.9977561831474304,1
deep_ssl_strict,5C,0.9575954675674438,1
deep_ssl_strict,5C,0.9612369537353516,1
deep_ssl_strict,5C,0.9727447032928467,1
deep_ssl_strict,5C,0.9577609896659851,1
deep_ssl_strict,5C,0.998770534992218,1
deep_ssl_strict,5C,0.9992913007736206,1
deep_ssl_strict,5C,0.9950913190841675,1
deep_ssl_strict,5C,0.9895346760749817,1
deep_ssl_strict,5C,0.9967781901359558,1
deep_ssl_strict,5C,0.998347282409668,1
deep_ssl_strict,5C,0.9984667897224426,1
deep_ssl_strict,5C,0.9945660829544067,1
deep_ssl_strict,5C,0.9801939725875854,1
deep_ssl_strict,5C,0.9786810278892517,1
deep_ssl_strict,5C,0.9719744324684143,1
deep_ssl_strict,5C,0.9312732815742493,1
deep_ssl_strict,5C,0.8837144374847412,1
deep_ssl_strict,5C,0.9031956195831299,1
deep_ssl_strict,5C,0.9690800905227661,1
deep_ssl_strict,5C,0.754962682723999,1
deep_ssl_strict,5C,0.6170136332511902,1
gb,6B,0.2789019082548225,0
gb,6B,0.355228782944712,0
gb,6B,0.46262369044747187,0
gb,6B,0.30489781070731076,0
gb,6B,0.3138065852921917,0
gb,6B,0.42111474149807115,0
gb,6B,0.3331443640483532,0
gb,6B,0.7596207633903165,0
gb,6B,0.6798659260307772,0
gb,6B,0.7437708621697854,0
gb,6B,0.2428539898398133,0
gb,6B,0.33921034177513526,0
gb,6B,0.28412054907733203,0
gb,6B,0.16903862518047028,0
gb,6B,0.257736688807554,0
gb,6B,0.27174110418910075,0
gb,6B,0.49854265818242866,0
gb,6B,0.5277076333888017,0
gb,6B,0.57079978170157,0
gb,6B,0.48358437717340913,0
gb,6B,0.7188182334894789,0
gb,6B,0.641753758123495,0
gb,6B,0.42261833464543014,0
gb,6B,0.4390044607833283,0
gb,6B,0.334326919881204,0
gb,6B,0.28778428991349136,0
gb,6B,0.3884519776956734,1
gb,6B,0.3570251036814852,1
gb,6B,0.2777262748969002,1
gb,6B,0.42355804903450317,1
gb,6B,0.6049139462121409,1
gb,6B,0.4133326026912548,1
gb,6B,0.39297149850355295,1
gb,6B,0.38585784451084015,1
gb,6B,0.3174527076435691,1
gb,6B,0.2586892715392453,1
gb,6B,0.6068688008063833,1
gb,6B,0.8508845477360454,1
gb,6B,0.695713398566538,1
gb,6B,0.2341920765415566,1
gb,6B,0.30859566064885785,1
gb,6B,0.6912547655387823,1
gb,6B,0.37352317809785607,1
gb,6B,0.3092608495982376,1
gb,6B,0.41042077406167127,1
gb,6B,0.2109235915839843,1
gb,6B,0.2749204960924363,1
gb,6B,0.36886336317002283,1
gb,6B,0.5145809906416482,1
gb,6B,0.28591018665827767,1
gb,6B,0.9200525282580402,1
gb,6B,0.8976809776866105,1
gb,6B,0.9059868961365284,1
gb,6B,0.9337100717604493,1
gb,6B,0.9054508124971057,1
gb,6B,0.650285666940598,1
gb,6B,0.8675215482017001,1
gb,6B,0.9146753530073827,1
gb,6B,0.870609758831538,1
gb,6B,0.9125943412677348,1
gb,6B,0.8827554735166654,1
gb,6B,0.9105424031440814,1
gb,6B,0.7219640754072205,1
gb,6B,0.7674033627833184,1
gb,6B,0.7319984621036496,1
gb,6B,0.9007532186978672,1
gb,6B,0.9024009397908289,1
gb,6B,0.7643879840321259,1
gb,6B,0.7722655426068017,1
gb,6B,0.911110767804318,1
gb,6B,0.6052993415593417,1
gb,6B,0.7849994933263522,1
gb,6B,0.8224747064441015,1
gb,6B,0.7535445598714322,1
gb,6B,0.6866959528272564,1
gb,6B,0.8229645637249428,1
gb,6B,0.8655401188215517,1
gb,6B,0.7452842306436622,1
gb,6B,0.6666982536183749,1
gb,6B,0.656270431231524,1
gb,6B,0.7229904551001535,1
gb,6B,0.849203836072099,1
gb,6B,0.684897954213186,1
gb,6B,0.825371671376365,1
gb,6B,0.7594611307400566,1
gb,6B,0.822269350904976,1
gb,6B,0.8103741754356482,1
gb,6B,0.8489054302777401,1
gb,6B,0.8467083601517282,1
gb,6B,0.7949388787156527,1
gb,6B,0.9292666360799218,1
gb,6B,0.8959548134706324,1
gb,6B,0.6873746491282677,1
gb,6B,0.6611409645580634,1
gb,6B,0.8093261063694412,1
gb,6B,0.8091046309033758,1
gb,6B,0.7596093661873654,1
gb,6B,0.7757343327500654,1
gb,6B,0.8794193235103266,1
gb,6B,0.7477821914777195,1
gb,6B,0.6596206559636407,1
gb,6B,0.788965582896992,1
gb,6B,0.796846836575784,1
gb,6B,0.7158344025937351,1
gb,6B,0.7661718019007694,1
gb,6B,0.7048313743091158,1
gb,6B,0.7878876281528561,1
gb,6B,0.8216865578900372,1
gb,6B,0.7542792018681262,1
gb,6B,0.811205692111974,1
gb,6B,0.7786777821959698,1
gb,6B,0.7891590863199772,1
gb,6B,0.8560567625538731,1
gb,6B,0.8725562449012336,1
gb,6B,0.77521064070129,1
gb,6B,0.8548118678738257,1
gb,6B,0.8359965829897247,1
gb,6B,0.8116619893260059,1
gb,6B,0.7853681217795637,1
gb,6B,0.821847969673594,1
gb,6B,0.7515048926743018,1
gb,6B,0.8773054996528588,1
gb,6B,0.43282225688150966,1
gb,6B,0.6867824992841695,1
gb,6B,0.7466736433605847,1
gb,6B,0.6290596291472713,1
gb,6B,0.762425776427541,1
gb,6B,0.6362855408573919,1
gb,6B,0.6690626867882558,1
gb,6B,0.6221365737094219,1
gb,6B,0.8100927675450971,1
gb,6B,0.7615477912878791,1
gb,6B,0.8564692035438985,1
gb,6B,0.8613741590376736,1
gb,6B,0.8302060583490688,1
gb,6B,0.7921602363621093,1
gb,6B,0.7955387199858907,1
gb,6B,0.6460756039855157,1
gb,6B,0.7860123450062152,1
gb,6B,0.6778198182932144,1
gb,6B,0.689852388201696,1
gb,6B,0.8526434686579029,1
gb,6B,0.8397865683209227,1
gb,6B,0.8369571698021637,1
gb,6B,0.8215377954827421,1
gb,6B,0.8788217396736834,1
gb,6B,0.8683438998204593,1
gb,6B,0.8901957447471283,1
gb,6B,0.885178051905289,1
gb,6B,0.41308635699115187,1
gb,6B,0.8354136613151132,1
gb,6B,0.939873346552587,1
gb,6B,0.9547347942834825,1
gb,6B,0.9064295216946381,1
gb,6B,0.8961958605079611,1
gb,6B,0.9294622951209054,1
gb,6B,0.9484740949677453,1
gb,6B,0.9207236564910317,1
gb,6B,0.9349971502692596,1
gb,6B,0.9301470715619069,1
gb,6B,0.8304890951573997,1
gb,6B,0.8149583204545509,1
gb,6B,0.9423283163766975,1
gb,6B,0.9052008831434318,1
gb,6B,0.8801941559713876,1
gb,6B,0.9216791187013456,1
gb,6B,0.9026428469708683,1
gb,6B,0.9040998184514867,1
gb,6B,0.9562744838949374,1
gb,6B,0.9611530666681685,1
gb,6B,0.9231765191583298,1
gb,6B,0.9402712185789976,1
gb,6B,0.8854801155227858,1
gb,6B,0.9592426560250343,1
gb,6B,0.9611530666681685,1
gb,6B,0.9471812163889967,1
gb,6B,0.9215024773829099,1
gb,6B,0.9373475428534587,1
gb,6B,0.9050596581299153,1
gb,6B,0.9643886883999995,1
gb,6B,0.8557121713906203,1
gb,6B,0.789198428228296,1
gb,6B,0.7188428059421814,1
gb,6B,0.6884218584247738,1
gb,6B,0.9204972994638876,1
gb,6B,0.9251672512822885,1
gb,6B,0.9622219974277578,1
gb,6B,0.809709934570858,1
gb,6B,0.9492860422578168,1
gb,6B,0.8836597667299603,1
gb,6B,0.9601052233519197,1
gb,6B,0.7810223558070183,1
gb,6B,0.9372800371435239,1
gb,6B,0.9498670594154354,1
gb,6B,0.6584076547764418,1
gb,6B,0.8441033259683058,1
gb,6B,0.8744374918794353,1
gb,6B,0.8997862401765486,1
gb,6B,0.8886992537434062,1
gb,6B,0.9483940283131758,1
gb,6B,0.912408753702293,1
gb,6B,0.8012473706622592,1
gb,6B,0.9041447257570521,1
gb,6B,0.8770688171990537,1
gb,6B,0.8337987042484571,1
gb,6B,0.9021906873128774,1
gb,6B,0.9188428303231133,1
gb,6B,0.8098078898737038,1
gb,6B,0.8043890777631193,1
gb,6B,0.7985076593764991,1
gb,6B,0.9039116767456522,1
gb,6B,0.5776045614063714,1
gb,6B,0.8563795985091157,1
gb,6B,0.742041302997667,1
gb,6B,0.8653479926206222,1
gb,6B,0.9534991192278415,1
gb,6B,0.8964071801199069,1
gb,6B,0.9031733857035726,1
gb,6B,0.7659486663284784,1
gb,6B,0.8576498823346372,1
gb,6B,0.7461596460265374,1
gb,6B,0.9542661221405077,1
gb,6B,0.9430259059453711,1
gb,6B,0.8224286734453988,1
gb,6B,0.9103096123729352,1
gb,6B,0.9311302512557977,1
gb,6B,0.9682050333504032,1
gb,6B,0.9211465311514695,1
gb,6B,0.9334137766231672,1
gb,6B,0.9132216312903507,1
gb,6B,0.6836871142254584,0
gb,6B,0.773981333192322,0
gb,6B,0.8030358795948005,0
gb,6B,0.7718450208127049,0
gb,6B,0.7921849004606294,0
gb,6B,0.8158671883830992,0
gb,6B,0.8063375147138563,0
gb,6B,0.7142763645158575,0
gb,6B,0.8368728331197416,0
gb,6B,0.7699901556833488,0
gb,6B,0.8346405478882432,0
gb,6B,0.7593543875233875,0
gb,6B,0.7620142872584854,0
gb,6B,0.8004698230466257,0
gb,6B,0.7897761922002864,0
gb,6B,0.793337008858102,0
gb,6B,0.8112315237435631,0
gb,6B,0.8930604556924142,0
gb,6B,0.8566810483039403,0
gb,6B,0.8215907603122692,0
gb,6B,0.7633423044329738,0
gb,6B,0.929547562436056,0
gb,6B,0.9149837870708155,0
gb,6B,0.9146983317439992,0
gb,6B,0.6513227156049398,0
gb,6B,0.6960453359323727,0
gb,6B,0.6760867565247299,0
gb,6B,0.8514578222200396,0
gb,6B,0.7472398316822141,0
gb,6B,0.7808534954484695,0
gb,6B,0.8225755648862264,1
gb,6B,0.8575574269949021,1
gb,6B,0.8781024894709328,1
gb,6B,0.813218387983839,1
gb,6B,0.767026363483006,1
gb,6B,0.8196090330417974,1
gb,6B,0.7924671000719806,1
gb,6B,0.8167122634556474,1
gb,6B,0.8136364428413594,1
gb,6B,0.7951960281248844,1
gb,6B,0.7650674364678124,1
gb,6B,0.8090072613095094,1
gb,6B,0.7257495739412696,1
gb,6B,0.838579892893963,1
gb,6B,0.7376827886443477,1
gb,6B,0.688239096547088,1
gb,6B,0.8420015613341947,1
gb,6B,0.9148992662464903,1
gb,6B,0.9326432930248106,1
gb,6B,0.790578019908399,1
gb,6B,0.776357830000232,1
gb,6B,0.8122133663007967,1
gb,6B,0.8328761853937615,1
gb,6B,0.8847547052157164,1
gb,6B,0.7608182331702843,1
gb,6B,0.839852299477596,1
gb,6B,0.7038997093237628,1
gb,6B,0.7910379819626794,1
gb,6B,0.7591437079175613,1
gb,6B,0.7653749288779853,1
gb,6B,0.7140891430536574,1
gb,6B,0.7515113507479791,1
gb,6B,0.813173360426216,1
gb,6B,0.8799783744563338,1
gb,6B,0.8073800956872916,1
gb,6B,0.8474415746812667,1
gb,6B,0.6718427970834804,1
gb,6B,0.7601499189375779,1
gb,6B,0.7340310536692811,1
gb,6B,0.7942295770521794,1
gb,6B,0.8694360832624074,1
gb,6B,0.6943576545466366,1
gb,6B,0.8436440368704751,1
gb,6B,0.6756373568873834,1
gb,6B,0.9478475488750886,1
gb,6B,0.7871482323591077,1
gb,6B,0.7187678211984581,1
gb,6B,0.8089509385762661,1
gb,6B,0.606651340939877,1
gb,6B,0.8400499576503908,1
gb,6B,0.31724852120621383,1
gb,6B,0.7081929427800966,1
gb,6B,0.7655381802526054,1
gb,6B,0.7618894588260752,1
gb,6B,0.860203687991573,1
gb,6B,0.778346872590331,1
gb,6B,0.34836737768034587,1
gb,6B,0.6982481660315255,1
gb,6B,0.529998205897474,1
gb,6B,0.5910232687387721,1
gb,6B,0.8348425379877881,1
gb,6B,0.6791925456468962,1
gb,6B,0.9245999589385046,1
gb,6B,0.7914438886201862,1
gb,6B,0.889328866008358,1
gb,6B,0.9122856910839787,1
gb,6B,0.8889282338918694,1
gb,6B,0.9073849970537236,1
gb,6B,0.9160935590451741,1
gb,6B,0.9064170551930592,1
gb,6B,0.8154507076169049,1
gb,6B,0.883594985491473,1
gb,6B,0.9029659492232995,1
gb,6B,0.9102866892870874,1
gb,6B,0.8895657562052758,1
gb,6B,0.86860753499741,1
gb,6B,0.8915233573332364,1
gb,6B,0.9138082088259357,1
gb,6B,0.903831634328486,1
gb,6B,0.9371571622267676,1
gb,6B,0.8772718549221191,1
gb,6B,0.8563220469919307,1
gb,6B,0.7562776489623538,1
gb,6B,0.8538292931068647,1
gb,6B,0.9484874031923974,1
gb,6B,0.8658500545641998,1
gb,6B,0.7925271739056311,1
gb,6B,0.8680467302672945,1
gb,6B,0.9398157631352765,1
gb,6B,0.8466125175532206,1
gb,6B,0.5857447426970485,1
gb,6B,0.7754453670722536,1
gb,6B,0.9091410542950731,1
gb,6B,0.8930026468822373,1
gb,6B,0.8113253000585655,1
gb,6B,0.7818417185486776,1
gb,6B,0.8488923960951128,1
gb,6B,0.7829834635077749,1
gb,6B,0.8434416246069387,1
gb,6B,0.7187051009561354,1
gb,6B,0.806154090324461,1
gb,6B,0.8896852351800137,1
gb,6B,0.8664325458473708,1
gb,6B,0.3834205258705964,1
gb,6B,0.86573057859384,1
gb,6B,0.7162601907720727,1
gb,6B,0.7375864474282378,1
gb,6B,0.8234472302935779,1
gb,6B,0.5780810491551756,1
gb,6B,0.46219376587701083,1
gb,6B,0.8718607872182461,1
gb,6B,0.9336388823745067,1
gb,6B,0.8621445729139061,1
gb,6B,0.9049710271008259,1
gb,6B,0.9127199530966186,1
gb,6B,0.673893253249408,1
gb,6B,0.8717310395285904,1
gb,6B,0.7734630493721296,1
gb,6B,0.5122295623967527,1
gb,6B,0.3017120905320298,1
gb,6B,0.0705996613091364,1
gb,6B,0.6328027273248588,1
gb,6B,0.7402501111131192,1
gb,6B,0.34987463896063026,1
gb,6B,0.615387075424328,1
gb,6B,0.8852941834736261,1
gb,6B,0.8424499120481257,1
gb,6B,0.44759955006200464,1
gb,6B,0.603792440211216,1
gb,6B,0.6662048358693802,1
gb,6B,0.7688061404108111,1
gb,6B,0.6352647781625458,1
gb,6B,0.9191705949462093,1
gb,6B,0.8670178890387751,1
gb,6B,0.9074989238079552,1
gb,6B,0.8953355506175216,1
gb,6B,0.9044682843715539,1
gb,6B,0.8570807225032245,1
gb,6B,0.874304841593076,1
gb,6B,0.9461506079257144,1
gb,6B,0.854417719903188,1
gb,6B,0.8924014058189895,1
gb,6B,0.8518746780679628,1
gb,6B,0.8969295435439321,1
gb,6B,0.9489930408215799,1
gb,6B,0.9308044927979756,1
gb,6B,0.8694371046602034,1
gb,6B,0.8956749905659344,1
gb,6B,0.9076314122210764,1
gb,6B,0.8348455409822244,1
gb,6B,0.9094453951500409,1
gb,6B,0.8957591243566746,1
gb,6B,0.8812587405344288,1
gb,6B,0.8797507870337294,1
gb,6B,0.9446490369464464,1
gb,6B,0.8493048583081273,1
gb,6B,0.8467899190117744,1
gb,6B,0.861036429067058,1
gb,6B,0.8735816795594132,1
gb,6B,0.8802116593638889,1
gb,6B,0.8616805407834919,1
gb,6B,0.8780806251339118,1
gb,6B,0.8935164225642835,1
gb,6B,0.9000853987150794,1
gb,6B,0.8616805407834919,1
gb,6B,0.8937854275804864,1
gb,6B,0.9132994162107764,1
gb,6B,0.8559811056430128,1
gb,6B,0.7892482550936589,1
deep_ssl_strict,6B,0.5535433888435364,0
deep_ssl_strict,6B,0.057536378502845764,0
deep_ssl_strict,6B,0.1794266700744629,0
deep_ssl_strict,6B,0.20834019780158997,0
deep_ssl_strict,6B,0.021706996485590935,0
deep_ssl_strict,6B,0.0679771900177002,0
deep_ssl_strict,6B,0.17612005770206451,0
deep_ssl_strict,6B,0.3518025577068329,0
deep_ssl_strict,6B,0.23867285251617432,0
deep_ssl_strict,6B,0.1721411645412445,0
deep_ssl_strict,6B,0.047910936176776886,0
deep_ssl_strict,6B,0.05685969442129135,0
deep_ssl_strict,6B,0.07456471771001816,0
deep_ssl_strict,6B,0.10549509525299072,0
deep_ssl_strict,6B,0.10594566911458969,0
deep_ssl_strict,6B,0.74880450963974,0
deep_ssl_strict,6B,0.2744443118572235,0
deep_ssl_strict,6B,0.04131893068552017,0
deep_ssl_strict,6B,0.0931328684091568,0
deep_ssl_strict,6B,0.9134736061096191,0
deep_ssl_strict,6B,0.743514358997345,0
deep_ssl_strict,6B,0.015019135549664497,0
deep_ssl_strict,6B,0.8281117677688599,0
deep_ssl_strict,6B,0.6434445977210999,0
deep_ssl_strict,6B,0.5512285232543945,0
deep_ssl_strict,6B,0.4539795219898224,0
deep_ssl_strict,6B,0.33702826499938965,1
deep_ssl_strict,6B,0.376956045627594,1
deep_ssl_strict,6B,0.4355287551879883,1
deep_ssl_strict,6B,0.4600038528442383,1
deep_ssl_strict,6B,0.030441557988524437,1
deep_ssl_strict,6B,0.0701671689748764,1
deep_ssl_strict,6B,0.023946015164256096,1
deep_ssl_strict,6B,0.3633468747138977,1
deep_ssl_strict,6B,0.4777417480945587,1
deep_ssl_strict,6B,0.43180492520332336,1
deep_ssl_strict,6B,0.058219730854034424,1
deep_ssl_strict,6B,0.35374611616134644,1
deep_ssl_strict,6B,0.5583253502845764,1
deep_ssl_strict,6B,0.38632145524024963,1
deep_ssl_strict,6B,0.4259033501148224,1
deep_ssl_strict,6B,0.11416392028331757,1
deep_ssl_strict,6B,0.7356405258178711,1
deep_ssl_strict,6B,0.41300466656684875,1
deep_ssl_strict,6B,0.5207575559616089,1
deep_ssl_strict,6B,0.44855695962905884,1
deep_ssl_strict,6B,0.1320815533399582,1
deep_ssl_strict,6B,0.11284946650266647,1
deep_ssl_strict,6B,0.04901255667209625,1
deep_ssl_strict,6B,0.03179754689335823,1
deep_ssl_strict,6B,0.6584168076515198,1
deep_ssl_strict,6B,0.4022759199142456,1
deep_ssl_strict,6B,0.27284184098243713,1
deep_ssl_strict,6B,0.47636038064956665,1
deep_ssl_strict,6B,0.5152265429496765,1
deep_ssl_strict,6B,0.3379043936729431,1
deep_ssl_strict,6B,0.2858111560344696,1
deep_ssl_strict,6B,0.1735730767250061,1
deep_ssl_strict,6B,0.32387876510620117,1
deep_ssl_strict,6B,0.635921061038971,1
deep_ssl_strict,6B,0.7655405402183533,1
deep_ssl_strict,6B,0.7894647121429443,1
deep_ssl_strict,6B,0.7628823518753052,1
deep_ssl_strict,6B,0.6729878783226013,1
deep_ssl_strict,6B,0.8120933175086975,1
deep_ssl_strict,6B,0.8841701149940491,1
deep_ssl_strict,6B,0.7024893164634705,1
deep_ssl_strict,6B,0.5784384608268738,1
deep_ssl_strict,6B,0.6890316605567932,1
deep_ssl_strict,6B,0.7304777503013611,1
deep_ssl_strict,6B,0.8437017202377319,1
deep_ssl_strict,6B,0.7523521184921265,1
deep_ssl_strict,6B,0.05495566129684448,1
deep_ssl_strict,6B,0.2713322043418884,1
deep_ssl_strict,6B,0.6507228016853333,1
deep_ssl_strict,6B,0.9302344918251038,1
deep_ssl_strict,6B,0.5332630276679993,1
deep_ssl_strict,6B,0.40091386437416077,1
deep_ssl_strict,6B,0.746203601360321,1
deep_ssl_strict,6B,0.5123975276947021,1
deep_ssl_strict,6B,0.9933624267578125,1
deep_ssl_strict,6B,0.9318857192993164,1
deep_ssl_strict,6B,0.42891594767570496,1
deep_ssl_strict,6B,0.4464990496635437,1
deep_ssl_strict,6B,0.8954806923866272,1
deep_ssl_strict,6B,0.37749186158180237,1
deep_ssl_strict,6B,0.5152402520179749,1
deep_ssl_strict,6B,0.4979184865951538,1
deep_ssl_strict,6B,0.3182465434074402,1
deep_ssl_strict,6B,0.9403127431869507,1
deep_ssl_strict,6B,0.9822563529014587,1
deep_ssl_strict,6B,0.9769942164421082,1
deep_ssl_strict,6B,0.9729160666465759,1
deep_ssl_strict,6B,0.9631795287132263,1
deep_ssl_strict,6B,0.9432056546211243,1
deep_ssl_strict,6B,0.8870821595191956,1
deep_ssl_strict,6B,0.7535666823387146,1
deep_ssl_strict,6B,0.8241425156593323,1
deep_ssl_strict,6B,0.7916994094848633,1
deep_ssl_strict,6B,0.8962572813034058,1
deep_ssl_strict,6B,0.6453737616539001,1
deep_ssl_strict,6B,0.9106875658035278,1
deep_ssl_strict,6B,0.8845637440681458,1
deep_ssl_strict,6B,0.8528048396110535,1
deep_ssl_strict,6B,0.7602922320365906,1
deep_ssl_strict,6B,0.7828760743141174,1
deep_ssl_strict,6B,0.9759688973426819,1
deep_ssl_strict,6B,0.6532031297683716,1
deep_ssl_strict,6B,0.7591072916984558,1
deep_ssl_strict,6B,0.9106054902076721,1
deep_ssl_strict,6B,0.5531803369522095,1
deep_ssl_strict,6B,0.5172950029373169,1
deep_ssl_strict,6B,0.1424253135919571,1
deep_ssl_strict,6B,0.35148581862449646,1
deep_ssl_strict,6B,0.9632797241210938,1
deep_ssl_strict,6B,0.9554704427719116,1
deep_ssl_strict,6B,0.1671016663312912,1
deep_ssl_strict,6B,0.8399009108543396,1
deep_ssl_strict,6B,0.9483464360237122,1
deep_ssl_strict,6B,0.8927854895591736,1
deep_ssl_strict,6B,0.06218473240733147,1
deep_ssl_strict,6B,0.7914509773254395,1
deep_ssl_strict,6B,0.5704671144485474,1
deep_ssl_strict,6B,0.3282454013824463,1
deep_ssl_strict,6B,0.4349226951599121,1
deep_ssl_strict,6B,0.36708852648735046,1
deep_ssl_strict,6B,0.694290816783905,1
deep_ssl_strict,6B,0.44003260135650635,1
deep_ssl_strict,6B,0.7473747134208679,1
deep_ssl_strict,6B,0.6366415619850159,1
deep_ssl_strict,6B,0.7703884243965149,1
deep_ssl_strict,6B,0.6796634793281555,1
deep_ssl_strict,6B,0.8448700308799744,1
deep_ssl_strict,6B,0.7368956208229065,1
deep_ssl_strict,6B,0.7257941961288452,1
deep_ssl_strict,6B,0.3279309570789337,1
deep_ssl_strict,6B,0.48632532358169556,1
deep_ssl_strict,6B,0.789082407951355,1
deep_ssl_strict,6B,0.8514778017997742,1
deep_ssl_strict,6B,0.6384900808334351,1
deep_ssl_strict,6B,0.7660807967185974,1
deep_ssl_strict,6B,0.2222820669412613,1
deep_ssl_strict,6B,0.6844698786735535,1
deep_ssl_strict,6B,0.8526773452758789,1
deep_ssl_strict,6B,0.8127897381782532,1
deep_ssl_strict,6B,0.8488140106201172,1
deep_ssl_strict,6B,0.8857683539390564,1
deep_ssl_strict,6B,0.8616122007369995,1
deep_ssl_strict,6B,0.8567783236503601,1
deep_ssl_strict,6B,0.7254484295845032,1
deep_ssl_strict,6B,0.562831461429596,1
deep_ssl_strict,6B,0.8742468357086182,1
deep_ssl_strict,6B,0.7326074838638306,1
deep_ssl_strict,6B,0.8206568360328674,1
deep_ssl_strict,6B,0.8807851076126099,1
deep_ssl_strict,6B,0.8454015254974365,1
deep_ssl_strict,6B,0.8307158946990967,1
deep_ssl_strict,6B,0.7616797685623169,1
deep_ssl_strict,6B,0.6064056158065796,1
deep_ssl_strict,6B,0.7328504920005798,1
deep_ssl_strict,6B,0.4726583957672119,1
deep_ssl_strict,6B,0.7526875138282776,1
deep_ssl_strict,6B,0.8312419652938843,1
deep_ssl_strict,6B,0.7715965509414673,1
deep_ssl_strict,6B,0.8280439972877502,1
deep_ssl_strict,6B,0.9384082555770874,1
deep_ssl_strict,6B,0.9195878505706787,1
deep_ssl_strict,6B,0.8227093815803528,1
deep_ssl_strict,6B,0.872865617275238,1
deep_ssl_strict,6B,0.9500124454498291,1
deep_ssl_strict,6B,0.828892707824707,1
deep_ssl_strict,6B,0.7536589503288269,1
deep_ssl_strict,6B,0.7719355821609497,1
deep_ssl_strict,6B,0.8549098372459412,1
deep_ssl_strict,6B,0.8178169131278992,1
deep_ssl_strict,6B,0.8406083583831787,1
deep_ssl_strict,6B,0.822425127029419,1
deep_ssl_strict,6B,0.8175129890441895,1
deep_ssl_strict,6B,0.8486515283584595,1
deep_ssl_strict,6B,0.9152086973190308,1
deep_ssl_strict,6B,0.9082753658294678,1
deep_ssl_strict,6B,0.8061021566390991,1
deep_ssl_strict,6B,0.6310000419616699,1
deep_ssl_strict,6B,0.6478326916694641,1
deep_ssl_strict,6B,0.41434234380722046,1
deep_ssl_strict,6B,0.9122164845466614,1
deep_ssl_strict,6B,0.9236636757850647,1
deep_ssl_strict,6B,0.8515196442604065,1
deep_ssl_strict,6B,0.9296236634254456,1
deep_ssl_strict,6B,0.8947082161903381,1
deep_ssl_strict,6B,0.9241116642951965,1
deep_ssl_strict,6B,0.8947789072990417,1
deep_ssl_strict,6B,0.9431276917457581,1
deep_ssl_strict,6B,0.9550397396087646,1
deep_ssl_strict,6B,0.9672316908836365,1
deep_ssl_strict,6B,0.8608718514442444,1
deep_ssl_strict,6B,0.8732693791389465,1
deep_ssl_strict,6B,0.8475940823554993,1
deep_ssl_strict,6B,0.8759372234344482,1
deep_ssl_strict,6B,0.8410851359367371,1
deep_ssl_strict,6B,0.885659396648407,1
deep_ssl_strict,6B,0.8577635884284973,1
deep_ssl_strict,6B,0.8308579921722412,1
deep_ssl_strict,6B,0.8112049698829651,1
deep_ssl_strict,6B,0.9319866895675659,1
deep_ssl_strict,6B,0.7481857538223267,1
deep_ssl_strict,6B,0.6993936896324158,1
deep_ssl_strict,6B,0.7482618093490601,1
deep_ssl_strict,6B,0.9319946765899658,1
deep_ssl_strict,6B,0.9719604849815369,1
deep_ssl_strict,6B,0.9843180179595947,1
deep_ssl_strict,6B,0.9986035227775574,1
deep_ssl_strict,6B,0.9975289702415466,1
deep_ssl_strict,6B,0.9258524179458618,1
deep_ssl_strict,6B,0.9761718511581421,1
deep_ssl_strict,6B,0.9778388738632202,1
deep_ssl_strict,6B,0.963129460811615,1
deep_ssl_strict,6B,0.9918625354766846,1
deep_ssl_strict,6B,0.9987756609916687,1
deep_ssl_strict,6B,0.9996616840362549,1
deep_ssl_strict,6B,0.9992951154708862,1
deep_ssl_strict,6B,0.9984850287437439,1
deep_ssl_strict,6B,0.9930040240287781,1
deep_ssl_strict,6B,0.9919189810752869,1
deep_ssl_strict,6B,0.9955177903175354,1
deep_ssl_strict,6B,0.9528757929801941,1
deep_ssl_strict,6B,0.9018611907958984,1
deep_ssl_strict,6B,0.8844761252403259,1
deep_ssl_strict,6B,0.9854792356491089,1
deep_ssl_strict,6B,0.8388649821281433,1
deep_ssl_strict,6B,0.9348620772361755,0
deep_ssl_strict,6B,0.8359912633895874,0
deep_ssl_strict,6B,0.8705971837043762,0
deep_ssl_strict,6B,0.924027681350708,0
deep_ssl_strict,6B,0.9253339767456055,0
deep_ssl_strict,6B,0.8978267312049866,0
deep_ssl_strict,6B,0.9098698496818542,0
deep_ssl_strict,6B,0.9184020161628723,0
deep_ssl_strict,6B,0.7774418592453003,0
deep_ssl_strict,6B,0.7348812222480774,0
deep_ssl_strict,6B,0.842319130897522,0
deep_ssl_strict,6B,0.7771804928779602,0
deep_ssl_strict,6B,0.9137285351753235,0
deep_ssl_strict,6B,0.7692751884460449,0
deep_ssl_strict,6B,0.8956937193870544,0
deep_ssl_strict,6B,0.9268844127655029,0
deep_ssl_strict,6B,0.886847972869873,0
deep_ssl_strict,6B,0.2974952459335327,0
deep_ssl_strict,6B,0.3140297532081604,0
deep_ssl_strict,6B,0.7347380518913269,0
deep_ssl_strict,6B,0.6463509798049927,0
deep_ssl_strict,6B,0.5542151927947998,0
deep_ssl_strict,6B,0.17290209233760834,0
deep_ssl_strict,6B,0.08988004177808762,0
deep_ssl_strict,6B,0.2700646221637726,0
deep_ssl_strict,6B,0.7630874514579773,0
deep_ssl_strict,6B,0.8120815753936768,0
deep_ssl_strict,6B,0.6415894627571106,0
deep_ssl_strict,6B,0.7661632895469666,0
deep_ssl_strict,6B,0.06396561115980148,0
deep_ssl_strict,6B,0.5325325131416321,1
deep_ssl_strict,6B,0.07525652647018433,1
deep_ssl_strict,6B,0.043675899505615234,1
deep_ssl_strict,6B,0.08703345060348511,1
deep_ssl_strict,6B,0.22918276488780975,1
deep_ssl_strict,6B,0.17347027361392975,1
deep_ssl_strict,6B,0.3490743935108185,1
deep_ssl_strict,6B,0.5071694254875183,1
deep_ssl_strict,6B,0.20726104080677032,1
deep_ssl_strict,6B,0.12112680822610855,1
deep_ssl_strict,6B,0.3309633135795593,1
deep_ssl_strict,6B,0.04085485264658928,1
deep_ssl_strict,6B,0.25885307788848877,1
deep_ssl_strict,6B,0.274716854095459,1
deep_ssl_strict,6B,0.027158375829458237,1
deep_ssl_strict,6B,0.708034336566925,1
deep_ssl_strict,6B,0.6691200137138367,1
deep_ssl_strict,6B,0.433488130569458,1
deep_ssl_strict,6B,0.5637906193733215,1
deep_ssl_strict,6B,0.13651593029499054,1
deep_ssl_strict,6B,0.08598583936691284,1
deep_ssl_strict,6B,0.15185973048210144,1
deep_ssl_strict,6B,0.6880907416343689,1
deep_ssl_strict,6B,0.7707379460334778,1
deep_ssl_strict,6B,0.38053008913993835,1
deep_ssl_strict,6B,0.7078967690467834,1
deep_ssl_strict,6B,0.6162935495376587,1
deep_ssl_strict,6B,0.9499132633209229,1
deep_ssl_strict,6B,0.8894397616386414,1
deep_ssl_strict,6B,0.8747701048851013,1
deep_ssl_strict,6B,0.8447191715240479,1
deep_ssl_strict,6B,0.757007360458374,1
deep_ssl_strict,6B,0.21162915229797363,1
deep_ssl_strict,6B,0.3662557601928711,1
deep_ssl_strict,6B,0.49916502833366394,1
deep_ssl_strict,6B,0.8985710144042969,1
deep_ssl_strict,6B,0.8620069026947021,1
deep_ssl_strict,6B,0.9026085138320923,1
deep_ssl_strict,6B,0.8984051942825317,1
deep_ssl_strict,6B,0.7828189730644226,1
deep_ssl_strict,6B,0.5337154269218445,1
deep_ssl_strict,6B,0.8092376589775085,1
deep_ssl_strict,6B,0.7349871397018433,1
deep_ssl_strict,6B,0.5129120945930481,1
deep_ssl_strict,6B,0.15764060616493225,1
deep_ssl_strict,6B,0.7571436762809753,1
deep_ssl_strict,6B,0.8485522270202637,1
deep_ssl_strict,6B,0.785637617111206,1
deep_ssl_strict,6B,0.8104020953178406,1
deep_ssl_strict,6B,0.8626019954681396,1
deep_ssl_strict,6B,0.893079936504364,1
deep_ssl_strict,6B,0.7071069478988647,1
deep_ssl_strict,6B,0.7879962921142578,1
deep_ssl_strict,6B,0.8650550842285156,1
deep_ssl_strict,6B,0.84595787525177,1
deep_ssl_strict,6B,0.7460747361183167,1
deep_ssl_strict,6B,0.6584646701812744,1
deep_ssl_strict,6B,0.3898540437221527,1
deep_ssl_strict,6B,0.5827365517616272,1
deep_ssl_strict,6B,0.2666897475719452,1
deep_ssl_strict,6B,0.5782697796821594,1
deep_ssl_strict,6B,0.6133477687835693,1
deep_ssl_strict,6B,0.7540432810783386,1
deep_ssl_strict,6B,0.818103551864624,1
deep_ssl_strict,6B,0.8765653967857361,1
deep_ssl_strict,6B,0.501868486404419,1
deep_ssl_strict,6B,0.39413022994995117,1
deep_ssl_strict,6B,0.6420571804046631,1
deep_ssl_strict,6B,0.9482427835464478,1
deep_ssl_strict,6B,0.8498102426528931,1
deep_ssl_strict,6B,0.13506968319416046,1
deep_ssl_strict,6B,0.16962309181690216,1
deep_ssl_strict,6B,0.7019327282905579,1
deep_ssl_strict,6B,0.6877698302268982,1
deep_ssl_strict,6B,0.7417474985122681,1
deep_ssl_strict,6B,0.7279961705207825,1
deep_ssl_strict,6B,0.8843837380409241,1
deep_ssl_strict,6B,0.6199760437011719,1
deep_ssl_strict,6B,0.6203163266181946,1
deep_ssl_strict,6B,0.5781684517860413,1
deep_ssl_strict,6B,0.39800572395324707,1
deep_ssl_strict,6B,0.47090229392051697,1
deep_ssl_strict,6B,0.4363085925579071,1
deep_ssl_strict,6B,0.821177065372467,1
deep_ssl_strict,6B,0.8260357975959778,1
deep_ssl_strict,6B,0.8845033645629883,1
deep_ssl_strict,6B,0.8083751797676086,1
deep_ssl_strict,6B,0.8206420540809631,1
deep_ssl_strict,6B,0.9191595911979675,1
deep_ssl_strict,6B,0.6353520750999451,1
deep_ssl_strict,6B,0.5714179873466492,1
deep_ssl_strict,6B,0.9161312580108643,1
deep_ssl_strict,6B,0.9307355880737305,1
deep_ssl_strict,6B,0.9587664604187012,1
deep_ssl_strict,6B,0.9479488730430603,1
deep_ssl_strict,6B,0.9878130555152893,1
deep_ssl_strict,6B,0.9132068753242493,1
deep_ssl_strict,6B,0.9551715850830078,1
deep_ssl_strict,6B,0.48494893312454224,1
deep_ssl_strict,6B,0.716787576675415,1
deep_ssl_strict,6B,0.8767155408859253,1
deep_ssl_strict,6B,0.8065783977508545,1
deep_ssl_strict,6B,0.9996151924133301,1
deep_ssl_strict,6B,0.9999527931213379,1
deep_ssl_strict,6B,0.9999703168869019,1
deep_ssl_strict,6B,0.9999558925628662,1
deep_ssl_strict,6B,0.9999440908432007,1
deep_ssl_strict,6B,0.9999151229858398,1
deep_ssl_strict,6B,0.998714804649353,1
deep_ssl_strict,6B,0.9971318244934082,1
deep_ssl_strict,6B,0.9985285997390747,1
deep_ssl_strict,6B,0.9958592057228088,1
deep_ssl_strict,6B,0.9979174733161926,1
deep_ssl_strict,6B,0.9893414974212646,1
deep_ssl_strict,6B,0.99604731798172,1
deep_ssl_strict,6B,0.9996902942657471,1
deep_ssl_strict,6B,0.9994243383407593,1
deep_ssl_strict,6B,0.9999382495880127,1
deep_ssl_strict,6B,0.9999340772628784,1
deep_ssl_strict,6B,0.9998483657836914,1
deep_ssl_strict,6B,0.9999867677688599,1
deep_ssl_strict,6B,0.9998379945755005,1
deep_ssl_strict,6B,0.9999874830245972,1
deep_ssl_strict,6B,0.9999935626983643,1
deep_ssl_strict,6B,0.9999933242797852,1
deep_ssl_strict,6B,0.999976396560669,1
deep_ssl_strict,6B,0.9948433637619019,1
deep_ssl_strict,6B,0.07140832394361496,1
deep_ssl_strict,6B,0.08277581632137299,1
deep_ssl_strict,6B,0.052515991032123566,1
deep_ssl_strict,6B,0.11511585116386414,1
deep_ssl_strict,6B,0.09673763066530228,1
deep_ssl_strict,6B,0.993899941444397,1
deep_ssl_strict,6B,0.9354496002197266,1
deep_ssl_strict,6B,0.8097686171531677,1
deep_ssl_strict,6B,0.8893520832061768,1
deep_ssl_strict,6B,0.880488932132721,1
deep_ssl_strict,6B,0.8749597072601318,1
deep_ssl_strict,6B,0.9355065822601318,1
deep_ssl_strict,6B,0.8926543593406677,1
deep_ssl_strict,6B,0.8649567365646362,1
deep_ssl_strict,6B,0.4101060628890991,1
deep_ssl_strict,6B,0.32987239956855774,1
deep_ssl_strict,6B,0.9218748807907104,1
deep_ssl_strict,6B,0.05173845961689949,1
deep_ssl_strict,6B,0.09601206332445145,1
deep_ssl_strict,6B,0.421527236700058,1
deep_ssl_strict,6B,0.4686461091041565,1
deep_ssl_strict,6B,0.5356963276863098,1
deep_ssl_strict,6B,0.8901359438896179,1
deep_ssl_strict,6B,0.8102709054946899,1
deep_ssl_strict,6B,0.962361752986908,1
deep_ssl_strict,6B,0.9838707447052002,1
deep_ssl_strict,6B,0.9730518460273743,1
deep_ssl_strict,6B,0.9366596937179565,1
deep_ssl_strict,6B,0.20941857993602753,1
deep_ssl_strict,6B,0.17536669969558716,1
deep_ssl_strict,6B,0.9743563532829285,1
deep_ssl_strict,6B,0.9400664567947388,1
deep_ssl_strict,6B,0.8197464346885681,1
deep_ssl_strict,6B,0.9790341258049011,1
deep_ssl_strict,6B,0.9948102235794067,1
deep_ssl_strict,6B,0.9892158508300781,1
deep_ssl_strict,6B,0.9941430687904358,1
deep_ssl_strict,6B,0.9812202453613281,1
deep_ssl_strict,6B,0.9329030513763428,1
deep_ssl_strict,6B,0.9258502721786499,1
deep_ssl_strict,6B,0.8007103800773621,1
deep_ssl_strict,6B,0.7679113149642944,1
gb,6D,0.7023027351887547,1
gb,6D,0.7593234870999285,1
gb,6D,0.7482580508575749,1
gb,6D,0.8902492881272904,1
gb,6D,0.8640875937274745,1
gb,6D,0.8193785061355603,1
gb,6D,0.8959633780785151,1
gb,6D,0.7686237089124929,1
gb,6D,0.8055600096044108,1
gb,6D,0.7348642828872123,1
gb,6D,0.9139080860033393,1
gb,6D,0.9203101773770381,1
gb,6D,0.8663351080667402,1
gb,6D,0.8597675071374741,1
gb,6D,0.8495888579573667,1
gb,6D,0.8624048900214218,1
gb,6D,0.855138400328861,1
gb,6D,0.8528064205210821,1
gb,6D,0.8562270466987331,1
gb,6D,0.8737126289644808,1
gb,6D,0.8906235987942223,1
gb,6D,0.9120594375870135,1
gb,6D,0.9491879760644532,1
gb,6D,0.8892374228661442,1
gb,6D,0.8712108662169308,1
gb,6D,0.8510013962693792,1
gb,6D,0.8601624705387301,1
gb,6D,0.8538424268420401,1
gb,6D,0.8659068021730553,1
gb,6D,0.900523210979532,1
gb,6D,0.9176152440260151,1
gb,6D,0.8783948391959728,1
gb,6D,0.8744727209052168,1
gb,6D,0.8687837576423485,1
gb,6D,0.8931181553579122,1
gb,6D,0.6692878929999148,1
gb,6D,0.7114652847262364,1
gb,6D,0.8584381460055173,1
gb,6D,0.8150870302452528,1
gb,6D,0.7669467073065811,1
gb,6D,0.781499002330377,1
gb,6D,0.7602025059470646,1
gb,6D,0.8172837942973058,1
gb,6D,0.707345783498894,1
gb,6D,0.7036670156898872,1
gb,6D,0.681392782282639,1
gb,6D,0.7038035714191809,0
gb,6D,0.6983169924636818,0
gb,6D,0.8462731396259876,0
gb,6D,0.622972187593739,0
gb,6D,0.6834350351006727,0
gb,6D,0.6420349844514238,0
gb,6D,0.633218096705508,0
gb,6D,0.655189601492961,0
gb,6D,0.8402652142171381,0
gb,6D,0.8579650469036437,0
gb,6D,0.8559635418362546,0
gb,6D,0.7001631707507199,0
gb,6D,0.8534268118853686,0
gb,6D,0.8520449407358275,0
gb,6D,0.7079630763025307,0
gb,6D,0.6579765685254734,0
gb,6D,0.6237261874018541,0
gb,6D,0.5971932665055192,0
gb,6D,0.650382404386831,0
gb,6D,0.6614493509762212,0
gb,6D,0.6555892043552319,0
gb,6D,0.5203643420255738,0
gb,6D,0.5916149139233726,0
gb,6D,0.8432122609509728,0
gb,6D,0.7065201402457377,0
gb,6D,0.677379545471069,0
gb,6D,0.631209843361879,0
gb,6D,0.608105643815431,0
gb,6D,0.5477407847416144,0
gb,6D,0.5824594345754981,0
gb,6D,0.8382108060407824,0
gb,6D,0.4731276507967264,0
gb,6D,0.6036638049207042,0
gb,6D,0.5988683264823184,0
gb,6D,0.6460309584982551,0
gb,6D,0.6322912987814767,0
gb,6D,0.701734964077058,0
gb,6D,0.6229924042275097,0
gb,6D,0.5463214150868584,0
gb,6D,0.622904871113685,0
gb,6D,0.6301776182763602,0
gb,6D,0.6324184508841891,0
gb,6D,0.623830979703001,0
gb,6D,0.6375043286850581,0
gb,6D,0.6375043286850581,0
gb,6D,0.6434410335539961,0
gb,6D,0.6309549583768292,0
gb,6D,0.6443876783438293,0
gb,6D,0.7282006937630319,0
gb,6D,0.7738102190655063,0
gb,6D,0.7975952723283987,0
gb,6D,0.84331292740713,0
gb,6D,0.6351751693798798,0
gb,6D,0.3691331082577147,0
gb,6D,0.5262819221068389,0
gb,6D,0.4757209606580471,0
gb,6D,0.519967561042485,0
gb,6D,0.5163980748466396,0
gb,6D,0.42057723221697313,0
gb,6D,0.4063660756076134,0
gb,6D,0.5996531015890805,0
gb,6D,0.6411800654932095,0
gb,6D,0.8397891091289339,0
gb,6D,0.3570938726518525,0
gb,6D,0.2953354285509474,0
gb,6D,0.33925297737659,0
gb,6D,0.3791315035175162,0
gb,6D,0.41441756386188255,0
gb,6D,0.33221262217491765,0
gb,6D,0.45739603822474034,0
gb,6D,0.767250383910829,0
gb,6D,0.7617307956799407,0
gb,6D,0.7450229177624477,0
gb,6D,0.7868143867238788,0
gb,6D,0.7617307956799407,0
gb,6D,0.7300823468647621,0
gb,6D,0.6927830249539344,0
gb,6D,0.7242247093033425,0
gb,6D,0.7677486451667498,0
gb,6D,0.7283942212098113,0
gb,6D,0.7172479070304291,0
gb,6D,0.7346677500430043,0
gb,6D,0.700607658762068,0
gb,6D,0.7115888759721989,0
gb,6D,0.8103960556490344,0
gb,6D,0.44105762256098685,0
gb,6D,0.7441093511724123,0
gb,6D,0.3957323902300953,0
gb,6D,0.3546011280921317,0
gb,6D,0.6251457379265639,0
gb,6D,0.7189708855829379,0
gb,6D,0.10996202173125988,0
gb,6D,0.8159808627116368,0
gb,6D,0.7327867114978364,0
gb,6D,0.6690142400376371,0
gb,6D,0.14579394569224072,0
gb,6D,0.4109861284495653,0
gb,6D,0.19241865278618628,0
gb,6D,0.2929284436314571,0
gb,6D,0.3117862800256329,0
gb,6D,0.11231200899536463,0
gb,6D,0.6165257022950683,0
gb,6D,0.8614594711245348,0
gb,6D,0.7966059416129003,0
gb,6D,0.09638877689928331,0
gb,6D,0.5809983954425051,0
gb,6D,0.622880977615652,0
gb,6D,0.4684918657787516,0
gb,6D,0.12046749695554979,0
gb,6D,0.10415783224174661,0
gb,6D,0.09318284741257297,0
gb,6D,0.16483147482354413,0
gb,6D,0.8540130873179423,0
gb,6D,0.6899791435195677,0
gb,6D,0.7857551121357119,0
gb,6D,0.8553051677832156,0
gb,6D,0.872492236724598,0
gb,6D,0.9044353637702028,0
gb,6D,0.5239554197895433,0
gb,6D,0.6117012305352006,0
gb,6D,0.6383703128718102,0
gb,6D,0.5963470387110361,0
gb,6D,0.6966391073028451,0
gb,6D,0.6039227290589101,0
gb,6D,0.5794602089035001,0
gb,6D,0.5778113549917466,0
gb,6D,0.6109103153745044,0
gb,6D,0.6603765034521896,0
gb,6D,0.6305396822588416,0
gb,6D,0.6248693611380925,0
gb,6D,0.5926609268026847,0
gb,6D,0.3216788290002041,0
gb,6D,0.10771287648200815,0
gb,6D,0.36156310620933196,0
gb,6D,0.22401837260713583,0
gb,6D,0.11456652160775686,0
gb,6D,0.15432782947893772,0
gb,6D,0.10191134174103726,0
gb,6D,0.5263612794643415,0
gb,6D,0.15513662208082526,0
gb,6D,0.2805760644873837,0
gb,6D,0.32229666928552725,0
gb,6D,0.42381537472192643,0
gb,6D,0.34291588383634775,0
gb,6D,0.5714252659275671,0
gb,6D,0.41934401099726454,0
gb,6D,0.4065159763999051,0
gb,6D,0.46969132924229773,0
gb,6D,0.3981610174758636,0
gb,6D,0.43304261207194056,0
gb,6D,0.3687550904988091,0
gb,6D,0.4575033952035228,0
gb,6D,0.5427085886895523,0
gb,6D,0.42223877582884356,0
gb,6D,0.4607818953768756,0
gb,6D,0.4543828185271171,0
gb,6D,0.7133070857653565,0
gb,6D,0.7784325909201796,0
gb,6D,0.7321355429023727,0
gb,6D,0.726540845808347,0
gb,6D,0.754155425819272,0
gb,6D,0.7589041994210453,0
gb,6D,0.754155425819272,0
gb,6D,0.7348657986887803,0
gb,6D,0.7988183061521059,0
gb,6D,0.820392414923907,0
gb,6D,0.834121353619764,0
gb,6D,0.8135588330433975,0
gb,6D,0.8294754071180025,0
gb,6D,0.7988183061521059,0
gb,6D,0.7668176428834281,0
gb,6D,0.7447911368883676,0
gb,6D,0.753927985306512,0
gb,6D,0.7503810791987207,0
gb,6D,0.7231186626882015,0
gb,6D,0.7847790055940108,0
gb,6D,0.8075053916342335,0
gb,6D,0.7536898369598513,0
gb,6D,0.7340530767035395,0
gb,6D,0.7146066309231706,0
gb,6D,0.8195902080742506,0
gb,6D,0.6228066726574651,0
gb,6D,0.6014306905760674,0
gb,6D,0.5754976256920644,0
gb,6D,0.5489275418850162,0
gb,6D,0.6180784035464809,0
gb,6D,0.655599673243322,0
gb,6D,0.6175284394526223,0
gb,6D,0.6420349844514238,0
gb,6D,0.6567057898535467,0
gb,6D,0.6102232191533301,0
gb,6D,0.6632899393801749,0
gb,6D,0.6699176146248732,0
gb,6D,0.6782441657760476,0
gb,6D,0.6348158319877916,0
gb,6D,0.6490380270653346,0
gb,6D,0.6535869771685122,0
gb,6D,0.6727991875848999,0
gb,6D,0.6725920749066112,0
gb,6D,0.651272902272303,0
gb,6D,0.6525200002146129,0
gb,6D,0.7079630763025307,0
gb,6D,0.6940731205539473,0
gb,6D,0.7475260194119354,0
gb,6D,0.8361209347783453,0
gb,6D,0.8600698096425077,0
gb,6D,0.8534418237913675,0
gb,6D,0.8534418237913675,0
gb,6D,0.877174206383134,0
gb,6D,0.7093417224949771,0
gb,6D,0.7233792148492598,0
gb,6D,0.70721089231459,0
gb,6D,0.917910549503325,0
gb,6D,0.648706348419275,0
gb,6D,0.6423830490099722,0
gb,6D,0.6899658232065541,0
gb,6D,0.6760958258004461,0
gb,6D,0.8629869613710304,0
gb,6D,0.8741587172494714,0
gb,6D,0.8415384243903425,0
gb,6D,0.6192858526496499,0
gb,6D,0.6299300082926597,0
gb,6D,0.6140229211688898,0
gb,6D,0.7066118766514092,0
gb,6D,0.8268408566606135,0
gb,6D,0.8907721081037041,0
gb,6D,0.8426326081173721,0
gb,6D,0.6933616953217137,0
gb,6D,0.608466544687684,0
gb,6D,0.6624559860977423,0
gb,6D,0.7680756106058917,0
gb,6D,0.6086898961112903,0
gb,6D,0.6029223775812217,0
gb,6D,0.5982002499539614,0
gb,6D,0.7009743946860559,0
gb,6D,0.6757015560914548,0
gb,6D,0.6781743545048002,0
gb,6D,0.7132648657710439,0
gb,6D,0.6582229000317633,0
gb,6D,0.7079630763025307,0
gb,6D,0.6631937395163326,0
gb,6D,0.6216275207707628,0
gb,6D,0.6339922361970814,0
gb,6D,0.6152083383076655,0
gb,6D,0.5791136513370702,0
gb,6D,0.5791136513370702,0
gb,6D,0.6216275207707628,0
gb,6D,0.7258744602997959,0
gb,6D,0.7197836388319209,0
gb,6D,0.6071621210988778,0
gb,6D,0.6183786922700958,0
gb,6D,0.7270245420492895,0
gb,6D,0.72625639089841,0
gb,6D,0.7318328875762612,0
gb,6D,0.7026495626447943,0
gb,6D,0.7806710473937988,0
gb,6D,0.7615366352519282,0
gb,6D,0.7448312921492392,0
gb,6D,0.7916660633985224,0
gb,6D,0.7717725748112336,0
gb,6D,0.7670486302823014,0
gb,6D,0.7023714689606797,0
deep_ssl_strict,6D,0.7645938992500305,1
deep_ssl_strict,6D,0.6780266165733337,1
deep_ssl_strict,6D,0.9945664405822754,1
deep_ssl_strict,6D,0.9942143559455872,1
deep_ssl_strict,6D,0.9744093418121338,1
deep_ssl_strict,6D,0.9745199084281921,1
deep_ssl_strict,6D,0.9730520844459534,1
deep_ssl_strict,6D,0.9870409965515137,1
deep_ssl_strict,6D,0.9995817542076111,1
deep_ssl_strict,6D,0.9778504967689514,1
deep_ssl_strict,6D,0.9785333275794983,1
deep_ssl_strict,6D,0.9662748575210571,1
deep_ssl_strict,6D,0.9210988283157349,1
deep_ssl_strict,6D,0.9783745408058167,1
deep_ssl_strict,6D,0.8659172654151917,1
deep_ssl_strict,6D,0.6925769448280334,1
deep_ssl_strict,6D,0.8445334434509277,1
deep_ssl_strict,6D,0.980113685131073,1
deep_ssl_strict,6D,0.9836838245391846,1
deep_ssl_strict,6D,0.9929190278053284,1
deep_ssl_strict,6D,0.9708451628684998,1
deep_ssl_strict,6D,0.9595823884010315,1
deep_ssl_strict,6D,0.7813200950622559,1
deep_ssl_strict,6D,0.9094569683074951,1
deep_ssl_strict,6D,0.8964504599571228,1
deep_ssl_strict,6D,0.9175746440887451,1
deep_ssl_strict,6D,0.9625273942947388,1
deep_ssl_strict,6D,0.8231731653213501,1
deep_ssl_strict,6D,0.7505718469619751,1
deep_ssl_strict,6D,0.9723800420761108,1
deep_ssl_strict,6D,0.9590085744857788,1
deep_ssl_strict,6D,0.9459230303764343,1
deep_ssl_strict,6D,0.9616701006889343,1
deep_ssl_strict,6D,0.9793156385421753,1
deep_ssl_strict,6D,0.8478716611862183,1
deep_ssl_strict,6D,0.6915478110313416,1
deep_ssl_strict,6D,0.7742062211036682,1
deep_ssl_strict,6D,0.7851059436798096,1
deep_ssl_strict,6D,0.8716276288032532,1
deep_ssl_strict,6D,0.7676191926002502,1
deep_ssl_strict,6D,0.8196427822113037,1
deep_ssl_strict,6D,0.8356136679649353,1
deep_ssl_strict,6D,0.8617040514945984,1
deep_ssl_strict,6D,0.8293325304985046,1
deep_ssl_strict,6D,0.8970307111740112,1
deep_ssl_strict,6D,0.7692030072212219,1
deep_ssl_strict,6D,0.9507666826248169,0
deep_ssl_strict,6D,0.6760295033454895,0
deep_ssl_strict,6D,0.9034183621406555,0
deep_ssl_strict,6D,0.6406542658805847,0
deep_ssl_strict,6D,0.4776122570037842,0
deep_ssl_strict,6D,0.7168428897857666,0
deep_ssl_strict,6D,0.9183448553085327,0
deep_ssl_strict,6D,0.9460850954055786,0
deep_ssl_strict,6D,0.9961507320404053,0
deep_ssl_strict,6D,0.9972757697105408,0
deep_ssl_strict,6D,0.9124345779418945,0
deep_ssl_strict,6D,0.8993226885795593,0
deep_ssl_strict,6D,0.9952174425125122,0
deep_ssl_strict,6D,0.9787248969078064,0
deep_ssl_strict,6D,0.7244378328323364,0
deep_ssl_strict,6D,0.44026145339012146,0
deep_ssl_strict,6D,0.9396476745605469,0
deep_ssl_strict,6D,0.8178060054779053,0
deep_ssl_strict,6D,0.5290592908859253,0
deep_ssl_strict,6D,0.6506928205490112,0
deep_ssl_strict,6D,0.935856819152832,0
deep_ssl_strict,6D,0.7813616394996643,0
deep_ssl_strict,6D,0.9737900495529175,0
deep_ssl_strict,6D,0.9883031249046326,0
deep_ssl_strict,6D,0.8393898606300354,0
deep_ssl_strict,6D,0.6682818531990051,0
deep_ssl_strict,6D,0.7080169916152954,0
deep_ssl_strict,6D,0.9669788479804993,0
deep_ssl_strict,6D,0.9563332200050354,0
deep_ssl_strict,6D,0.9536641240119934,0
deep_ssl_strict,6D,0.9896178841590881,0
deep_ssl_strict,6D,0.9011967778205872,0
deep_ssl_strict,6D,0.9779305458068848,0
deep_ssl_strict,6D,0.8330820202827454,0
deep_ssl_strict,6D,0.29246386885643005,0
deep_ssl_strict,6D,0.6549864411354065,0
deep_ssl_strict,6D,0.9176239371299744,0
deep_ssl_strict,6D,0.8969143033027649,0
deep_ssl_strict,6D,0.9524986743927002,0
deep_ssl_strict,6D,0.9906574487686157,0
deep_ssl_strict,6D,0.9024088978767395,0
deep_ssl_strict,6D,0.9653159379959106,0
deep_ssl_strict,6D,0.9463428258895874,0
deep_ssl_strict,6D,0.8810154795646667,0
deep_ssl_strict,6D,0.8775339126586914,0
deep_ssl_strict,6D,0.8548521995544434,0
deep_ssl_strict,6D,0.8268699645996094,0
deep_ssl_strict,6D,0.7401667237281799,0
deep_ssl_strict,6D,0.6170883774757385,0
deep_ssl_strict,6D,0.7711740136146545,0
deep_ssl_strict,6D,0.8688515424728394,0
deep_ssl_strict,6D,0.8839570879936218,0
deep_ssl_strict,6D,0.8113447427749634,0
deep_ssl_strict,6D,0.6752529740333557,0
deep_ssl_strict,6D,0.9190706610679626,0
deep_ssl_strict,6D,0.9410083889961243,0
deep_ssl_strict,6D,0.9602261781692505,0
deep_ssl_strict,6D,0.9810720086097717,0
deep_ssl_strict,6D,0.9579895734786987,0
deep_ssl_strict,6D,0.948749840259552,0
deep_ssl_strict,6D,0.9751213192939758,0
deep_ssl_strict,6D,0.9835892915725708,0
deep_ssl_strict,6D,0.9775419235229492,0
deep_ssl_strict,6D,0.980364203453064,0
deep_ssl_strict,6D,0.8967421054840088,0
deep_ssl_strict,6D,0.9253032803535461,0
deep_ssl_strict,6D,0.9478947520256042,0
deep_ssl_strict,6D,0.8354185223579407,0
deep_ssl_strict,6D,0.875500500202179,0
deep_ssl_strict,6D,0.9286168217658997,0
deep_ssl_strict,6D,0.9268731474876404,0
deep_ssl_strict,6D,0.9555848240852356,0
deep_ssl_strict,6D,0.9546838998794556,0
deep_ssl_strict,6D,0.9397181272506714,0
deep_ssl_strict,6D,0.9379028677940369,0
deep_ssl_strict,6D,0.7527674436569214,0
deep_ssl_strict,6D,0.8654326796531677,0
deep_ssl_strict,6D,0.9388548731803894,0
deep_ssl_strict,6D,0.9099730253219604,0
deep_ssl_strict,6D,0.935491681098938,0
deep_ssl_strict,6D,0.8874258995056152,0
deep_ssl_strict,6D,0.9219721555709839,0
deep_ssl_strict,6D,0.7606826424598694,0
deep_ssl_strict,6D,0.7584723234176636,0
deep_ssl_strict,6D,0.7526936531066895,0
deep_ssl_strict,6D,0.9386084079742432,0
deep_ssl_strict,6D,0.8029409646987915,0
deep_ssl_strict,6D,0.9750476479530334,0
deep_ssl_strict,6D,0.9393430948257446,0
deep_ssl_strict,6D,0.5567813515663147,0
deep_ssl_strict,6D,0.8400334119796753,0
deep_ssl_strict,6D,0.7174294590950012,0
deep_ssl_strict,6D,0.8474040031433105,0
deep_ssl_strict,6D,0.22037942707538605,0
deep_ssl_strict,6D,0.16533249616622925,0
deep_ssl_strict,6D,0.23433822393417358,0
deep_ssl_strict,6D,0.3308991491794586,0
deep_ssl_strict,6D,0.5975798964500427,0
deep_ssl_strict,6D,0.6266305446624756,0
deep_ssl_strict,6D,0.6565025448799133,0
deep_ssl_strict,6D,0.6318123936653137,0
deep_ssl_strict,6D,0.7723466157913208,0
deep_ssl_strict,6D,0.7833043932914734,0
deep_ssl_strict,6D,0.7071012258529663,0
deep_ssl_strict,6D,0.8183818459510803,0
deep_ssl_strict,6D,0.9661917090415955,0
deep_ssl_strict,6D,0.5177825093269348,0
deep_ssl_strict,6D,0.45470938086509705,0
deep_ssl_strict,6D,0.8280695080757141,0
deep_ssl_strict,6D,0.7853042483329773,0
deep_ssl_strict,6D,0.6022259593009949,0
deep_ssl_strict,6D,0.8649149537086487,0
deep_ssl_strict,6D,0.8991174101829529,0
deep_ssl_strict,6D,0.9140339493751526,0
deep_ssl_strict,6D,0.9481636881828308,0
deep_ssl_strict,6D,0.8581575155258179,0
deep_ssl_strict,6D,0.40840399265289307,0
deep_ssl_strict,6D,0.3647367060184479,0
deep_ssl_strict,6D,0.8427951335906982,0
deep_ssl_strict,6D,0.8616319298744202,0
deep_ssl_strict,6D,0.9944294691085815,0
deep_ssl_strict,6D,0.9977046847343445,0
deep_ssl_strict,6D,0.9955500364303589,0
deep_ssl_strict,6D,0.9724058508872986,0
deep_ssl_strict,6D,0.9576826691627502,0
deep_ssl_strict,6D,0.9802651405334473,0
deep_ssl_strict,6D,0.8867506384849548,0
deep_ssl_strict,6D,0.5961964726448059,0
deep_ssl_strict,6D,0.8779889941215515,0
deep_ssl_strict,6D,0.9428422451019287,0
deep_ssl_strict,6D,0.984744131565094,0
deep_ssl_strict,6D,0.9702633619308472,0
deep_ssl_strict,6D,0.6144428253173828,0
deep_ssl_strict,6D,0.27619555592536926,0
deep_ssl_strict,6D,0.7967516779899597,0
deep_ssl_strict,6D,0.7464256882667542,0
deep_ssl_strict,6D,0.964038074016571,0
deep_ssl_strict,6D,0.49785926938056946,0
deep_ssl_strict,6D,0.9886559247970581,0
deep_ssl_strict,6D,0.9583082795143127,0
deep_ssl_strict,6D,0.9730988144874573,0
deep_ssl_strict,6D,0.9015845060348511,0
deep_ssl_strict,6D,0.8448647260665894,0
deep_ssl_strict,6D,0.8490920066833496,0
deep_ssl_strict,6D,0.9217061400413513,0
deep_ssl_strict,6D,0.7664307951927185,0
deep_ssl_strict,6D,0.6093866229057312,0
deep_ssl_strict,6D,0.6319068670272827,0
deep_ssl_strict,6D,0.42136436700820923,0
deep_ssl_strict,6D,0.3301771581172943,0
deep_ssl_strict,6D,0.23631806671619415,0
deep_ssl_strict,6D,0.9077701568603516,0
deep_ssl_strict,6D,0.3813725411891937,0
deep_ssl_strict,6D,0.3135142922401428,0
deep_ssl_strict,6D,0.08886287361383438,0
deep_ssl_strict,6D,0.10751312971115112,0
deep_ssl_strict,6D,0.6901073455810547,0
deep_ssl_strict,6D,0.2722001075744629,0
deep_ssl_strict,6D,0.2660548686981201,0
deep_ssl_strict,6D,0.48791271448135376,0
deep_ssl_strict,6D,0.31682223081588745,0
deep_ssl_strict,6D,0.18209335207939148,0
deep_ssl_strict,6D,0.22197270393371582,0
deep_ssl_strict,6D,0.6519239544868469,0
deep_ssl_strict,6D,0.09642815589904785,0
deep_ssl_strict,6D,0.3023533225059509,0
deep_ssl_strict,6D,0.8849358558654785,0
deep_ssl_strict,6D,0.2400422841310501,0
deep_ssl_strict,6D,0.19049698114395142,0
deep_ssl_strict,6D,0.10662884265184402,0
deep_ssl_strict,6D,0.41023972630500793,0
deep_ssl_strict,6D,0.3879415690898895,0
deep_ssl_strict,6D,0.6847245097160339,0
deep_ssl_strict,6D,0.7458319067955017,0
deep_ssl_strict,6D,0.6927803754806519,0
deep_ssl_strict,6D,0.11348453909158707,0
deep_ssl_strict,6D,0.03240418806672096,0
deep_ssl_strict,6D,0.4348108768463135,0
deep_ssl_strict,6D,0.35162729024887085,0
deep_ssl_strict,6D,0.3929108679294586,0
deep_ssl_strict,6D,0.631922721862793,0
deep_ssl_strict,6D,0.705607533454895,0
deep_ssl_strict,6D,0.42444151639938354,0
deep_ssl_strict,6D,0.7397863864898682,0
deep_ssl_strict,6D,0.7801125049591064,0
deep_ssl_strict,6D,0.5324822664260864,0
deep_ssl_strict,6D,0.39538124203681946,0
deep_ssl_strict,6D,0.46953850984573364,0
deep_ssl_strict,6D,0.5427770018577576,0
deep_ssl_strict,6D,0.5647226572036743,0
deep_ssl_strict,6D,0.6621856689453125,0
deep_ssl_strict,6D,0.6187735795974731,0
deep_ssl_strict,6D,0.194904163479805,0
deep_ssl_strict,6D,0.461940735578537,0
deep_ssl_strict,6D,0.880610466003418,0
deep_ssl_strict,6D,0.14268198609352112,0
deep_ssl_strict,6D,0.39097514748573303,0
deep_ssl_strict,6D,0.0746467337012291,0
deep_ssl_strict,6D,0.07587592303752899,0
deep_ssl_strict,6D,0.2867369055747986,0
deep_ssl_strict,6D,0.1104264184832573,0
deep_ssl_strict,6D,0.8031170964241028,0
deep_ssl_strict,6D,0.37181031703948975,0
deep_ssl_strict,6D,0.5930615067481995,0
deep_ssl_strict,6D,0.9722543954849243,0
deep_ssl_strict,6D,0.9979487061500549,0
deep_ssl_strict,6D,0.9946757555007935,0
deep_ssl_strict,6D,0.9973419308662415,0
deep_ssl_strict,6D,0.613633930683136,0
deep_ssl_strict,6D,0.6908357739448547,0
deep_ssl_strict,6D,0.471578449010849,0
deep_ssl_strict,6D,0.11704419553279877,0
deep_ssl_strict,6D,0.8269956707954407,0
deep_ssl_strict,6D,0.6621840000152588,0
deep_ssl_strict,6D,0.826901912689209,0
deep_ssl_strict,6D,0.5471034646034241,0
deep_ssl_strict,6D,0.6110963821411133,0
deep_ssl_strict,6D,0.23970191180706024,0
deep_ssl_strict,6D,0.06778939068317413,0
deep_ssl_strict,6D,0.0864056721329689,0
deep_ssl_strict,6D,0.5023705959320068,0
deep_ssl_strict,6D,0.3821452558040619,0
deep_ssl_strict,6D,0.8343169689178467,0
deep_ssl_strict,6D,0.9299709796905518,0
deep_ssl_strict,6D,0.9530537724494934,0
deep_ssl_strict,6D,0.9229967594146729,0
deep_ssl_strict,6D,0.9472468495368958,0
deep_ssl_strict,6D,0.8453660011291504,0
deep_ssl_strict,6D,0.9540044665336609,0
deep_ssl_strict,6D,0.9298349022865295,0
deep_ssl_strict,6D,0.6318382024765015,0
deep_ssl_strict,6D,0.40993329882621765,0
deep_ssl_strict,6D,0.7101472020149231,0
deep_ssl_strict,6D,0.4495466947555542,0
deep_ssl_strict,6D,0.29290714859962463,0
deep_ssl_strict,6D,0.21934190392494202,0
deep_ssl_strict,6D,0.38969704508781433,0
deep_ssl_strict,6D,0.26180052757263184,0
deep_ssl_strict,6D,0.14645183086395264,0
deep_ssl_strict,6D,0.2317604422569275,0
deep_ssl_strict,6D,0.39090022444725037,0
deep_ssl_strict,6D,0.19594790041446686,0
deep_ssl_strict,6D,0.18705594539642334,0
deep_ssl_strict,6D,0.4380795359611511,0
deep_ssl_strict,6D,0.5667545795440674,0
deep_ssl_strict,6D,0.5081040859222412,0
deep_ssl_strict,6D,0.09346161037683487,0
deep_ssl_strict,6D,0.22948110103607178,0
deep_ssl_strict,6D,0.16305284202098846,0
deep_ssl_strict,6D,0.19821849465370178,0
deep_ssl_strict,6D,0.41370490193367004,0
deep_ssl_strict,6D,0.16168324649333954,0
deep_ssl_strict,6D,0.1686393916606903,0
deep_ssl_strict,6D,0.3451765179634094,0
deep_ssl_strict,6D,0.7132496237754822,0
deep_ssl_strict,6D,0.7038548588752747,0
deep_ssl_strict,6D,0.4573715627193451,0
deep_ssl_strict,6D,0.44049346446990967,0
deep_ssl_strict,6D,0.5149927139282227,0
deep_ssl_strict,6D,0.32081082463264465,0
deep_ssl_strict,6D,0.9258360862731934,0
deep_ssl_strict,6D,0.7262200713157654,0
gb,7A,0.8335628360252344,1
gb,7A,0.8503204944042989,1
gb,7A,0.8868343797057853,1
gb,7A,0.9192160648647513,1
gb,7A,0.901769606985189,1
gb,7A,0.901769606985189,1
gb,7A,0.9033785705017613,1
gb,7A,0.9156640987096076,1
gb,7A,0.9036517695768485,1
gb,7A,0.9147265738267426,1
gb,7A,0.9177610545137973,1
gb,7A,0.8467090726376462,1
gb,7A,0.9036089797229989,1
gb,7A,0.8637350026501162,1
gb,7A,0.8693331074477285,1
gb,7A,0.9231752818362212,1
gb,7A,0.879919515049049,1
gb,7A,0.8947736628227275,1
gb,7A,0.8520696423885118,1
gb,7A,0.8836215730342571,1
gb,7A,0.8067761839043741,1
gb,7A,0.844806714824135,1
gb,7A,0.8854355371582865,1
gb,7A,0.904674613891067,1
gb,7A,0.8489979915350352,1
gb,7A,0.8968948915755894,1
gb,7A,0.8337884951994619,1
gb,7A,0.9177127897381624,1
gb,7A,0.943783537910255,1
gb,7A,0.9675023790938678,1
gb,7A,0.9546289150396475,1
gb,7A,0.9362748286634783,1
gb,7A,0.6582949246766104,1
gb,7A,0.9541098957040026,1
gb,7A,0.9277534484582143,1
gb,7A,0.9386483121126753,1
gb,7A,0.939769657979633,1
gb,7A,0.9288165845867806,1
gb,7A,0.9326389991714772,1
gb,7A,0.9613486260441337,1
gb,7A,0.907657578474329,1
gb,7A,0.9521424141379964,1
gb,7A,0.9645974073008722,1
gb,7A,0.924237925470776,1
gb,7A,0.942541813445973,1
gb,7A,0.9451913921530378,1
gb,7A,0.9506159598996935,1
gb,7A,0.9004072953483357,1
gb,7A,0.8992114625949583,1
gb,7A,0.9215329859783652,1
gb,7A,0.972124178571467,1
gb,7A,0.975980663651265,1
gb,7A,0.9577257845376702,1
gb,7A,0.9653861350389658,1
gb,7A,0.9365956623227562,1
gb,7A,0.9244426162009928,1
gb,7A,0.9470516850167295,1
gb,7A,0.9674827341783284,1
gb,7A,0.9630917948808336,1
gb,7A,0.9191729897549834,1
gb,7A,0.9423790097488052,1
gb,7A,0.9507422146566573,1
gb,7A,0.9231609979601331,1
gb,7A,0.8631889803091143,1
gb,7A,0.9287899774882857,1
gb,7A,0.953683930489276,1
gb,7A,0.9207664890428638,1
gb,7A,0.9673568768577252,1
gb,7A,0.9532180888575827,1
gb,7A,0.9714137776833252,1
gb,7A,0.9469296315345358,1
gb,7A,0.8919421356380632,1
gb,7A,0.8590624590402034,1
gb,7A,0.900245417493921,1
gb,7A,0.8966296276819087,1
gb,7A,0.9123202842472203,1
gb,7A,0.8793510430729823,1
gb,7A,0.9150160485649449,1
gb,7A,0.9046022864671481,1
gb,7A,0.9046022864671481,1
gb,7A,0.9058237624419373,1
gb,7A,0.9068591639467234,1
gb,7A,0.9072651810137125,1
gb,7A,0.7565863751821467,1
gb,7A,0.7935166098982149,1
gb,7A,0.872543047687541,1
gb,7A,0.743812075169361,1
gb,7A,0.8230310447393274,1
gb,7A,0.7128281500681034,1
gb,7A,0.7923249230334022,1
gb,7A,0.8384854147119372,1
gb,7A,0.8176054576490288,1
gb,7A,0.7683091966378367,1
gb,7A,0.720968731762239,1
gb,7A,0.8814059354273387,1
gb,7A,0.5761695624188822,1
gb,7A,0.8990238599954464,1
gb,7A,0.8940711902664658,1
gb,7A,0.9176164921081905,1
gb,7A,0.8900829397753386,1
gb,7A,0.8946987674290503,1
gb,7A,0.9215644106358004,1
gb,7A,0.9165041370392691,1
gb,7A,0.9384570423204631,1
gb,7A,0.734982883412465,1
gb,7A,0.8157564826896159,1
gb,7A,0.832570158289621,1
gb,7A,0.809763690375816,1
gb,7A,0.6822949424552484,1
gb,7A,0.8674564993770496,1
gb,7A,0.8422276555754342,1
gb,7A,0.7362225317898625,1
gb,7A,0.7338696517055451,1
gb,7A,0.852905882467217,1
gb,7A,0.8292302226405286,1
gb,7A,0.828575197655841,1
gb,7A,0.8953420820627139,1
gb,7A,0.9476258367918051,1
gb,7A,0.8726027279859664,1
gb,7A,0.8806456993473685,1
gb,7A,0.8085892778981855,1
gb,7A,0.9284220350924433,1
gb,7A,0.8862114677720366,1
gb,7A,0.8730382343910655,1
gb,7A,0.9047940105789003,1
gb,7A,0.9024083055821056,1
gb,7A,0.905438992785928,1
gb,7A,0.7881606568988071,1
gb,7A,0.8109085950443097,1
gb,7A,0.794404865250898,1
gb,7A,0.818844120889111,1
gb,7A,0.8521108898332672,1
gb,7A,0.7555849991575229,1
gb,7A,0.8884532786332918,1
gb,7A,0.814103429622247,1
gb,7A,0.8530825473605381,1
gb,7A,0.8187583682739142,1
gb,7A,0.842334012822186,1
gb,7A,0.842334012822186,1
gb,7A,0.842334012822186,1
gb,7A,0.7597249264515664,1
gb,7A,0.7874147928717955,1
gb,7A,0.7331754305946853,1
gb,7A,0.8401198991795212,1
gb,7A,0.8045776317679192,1
gb,7A,0.7454280459182528,1
gb,7A,0.7118052294019909,1
gb,7A,0.7511225698190194,1
gb,7A,0.7425798795440921,1
gb,7A,0.785316458945721,1
gb,7A,0.9104385057820996,1
gb,7A,0.9098692754231587,1
gb,7A,0.9291637896923353,1
gb,7A,0.9300663491297674,1
gb,7A,0.8987950688031922,1
gb,7A,0.934510758578561,1
gb,7A,0.9589902331434479,1
gb,7A,0.9126900596187332,1
gb,7A,0.9582671917761264,1
gb,7A,0.9647808163802208,1
gb,7A,0.9591597799927658,1
gb,7A,0.9711817072454177,1
gb,7A,0.957242638976976,1
gb,7A,0.972135675552129,1
gb,7A,0.9367044081854717,1
gb,7A,0.9453343589383054,1
gb,7A,0.9534948414277108,1
gb,7A,0.9375057465820051,1
gb,7A,0.9481607446571664,1
gb,7A,0.9622518867717453,1
gb,7A,0.9484572217501969,1
gb,7A,0.8840183971237564,1
gb,7A,0.9659583753547857,1
gb,7A,0.9546433031646988,1
gb,7A,0.972196426975654,1
gb,7A,0.9681729142533804,1
gb,7A,0.9630893844224168,1
gb,7A,0.8403443977725137,1
gb,7A,0.7797899490213206,1
gb,7A,0.7218659570629621,1
gb,7A,0.6968291016830719,1
gb,7A,0.7846861927759912,1
gb,7A,0.7640483242175405,1
gb,7A,0.8131997946183337,1
gb,7A,0.7241962528960311,1
gb,7A,0.7420886063559701,1
gb,7A,0.8222404146442374,1
gb,7A,0.7869653973800007,1
gb,7A,0.8781245649983307,1
gb,7A,0.8216809230966722,1
gb,7A,0.7274059711309208,1
gb,7A,0.8010974291588204,1
gb,7A,0.8960672861240201,1
gb,7A,0.9030158892834007,1
gb,7A,0.7006367913167387,1
gb,7A,0.8083646984161881,1
gb,7A,0.7252560761039935,1
gb,7A,0.878769045621742,1
gb,7A,0.8363213484533035,1
gb,7A,0.8768526572825142,1
gb,7A,0.8950265502147197,1
gb,7A,0.884253201484688,1
gb,7A,0.903744263046931,1
gb,7A,0.857058644017475,1
gb,7A,0.9096894635249262,1
gb,7A,0.8340065696863465,1
gb,7A,0.8640768473276071,1
gb,7A,0.8965515401778631,1
gb,7A,0.8742355967568455,1
gb,7A,0.847902280596315,1
gb,7A,0.8653835373395133,1
gb,7A,0.9085890547161676,1
gb,7A,0.89478374375891,1
gb,7A,0.8886868609288093,1
gb,7A,0.9022368417406676,1
gb,7A,0.896924534909667,1
gb,7A,0.8410808984054122,1
gb,7A,0.8428839286545028,1
gb,7A,0.9527629941346916,1
gb,7A,0.8092044379243849,1
gb,7A,0.8705702728888421,1
gb,7A,0.857090547958856,1
gb,7A,0.8514891180350678,1
gb,7A,0.8507788857628794,1
gb,7A,0.8859303245469664,1
gb,7A,0.8500553389388041,1
gb,7A,0.8841443608030681,1
gb,7A,0.8106029898542716,1
gb,7A,0.8964878948886308,1
gb,7A,0.8848169075939222,1
gb,7A,0.916283477083774,1
gb,7A,0.883629673744833,1
gb,7A,0.9183422193336219,1
gb,7A,0.8915571080754885,1
gb,7A,0.9147977946780396,1
gb,7A,0.8625554780219713,1
gb,7A,0.8836654199844154,1
gb,7A,0.9165779502042513,1
gb,7A,0.9330551113080578,1
gb,7A,0.9403330587050903,1
gb,7A,0.9279940317523845,1
gb,7A,0.93713681658472,1
gb,7A,0.8842678035197417,1
gb,7A,0.8899982435615515,1
gb,7A,0.816446231340654,1
gb,7A,0.8899202115650949,1
gb,7A,0.8863516489647675,1
gb,7A,0.8841903721687991,1
gb,7A,0.8949506381950456,1
gb,7A,0.8992467775682164,1
gb,7A,0.889394612521331,1
gb,7A,0.9064940966160308,1
gb,7A,0.9152111064399471,1
gb,7A,0.8971360944927474,1
gb,7A,0.9064940966160308,1
gb,7A,0.8767213311454811,1
gb,7A,0.7537726006518721,1
gb,7A,0.8152555877571507,1
gb,7A,0.8176961092076095,1
gb,7A,0.7945775099022202,1
gb,7A,0.8226955363862671,1
gb,7A,0.7915436061981427,1
gb,7A,0.7595182439412098,1
gb,7A,0.8277432209471608,1
gb,7A,0.8134840018231703,1
gb,7A,0.8154702955208533,1
gb,7A,0.8222922536269365,1
gb,7A,0.8375554812040211,1
gb,7A,0.8165640857601046,1
gb,7A,0.7734311576742803,1
gb,7A,0.7948041558670796,1
gb,7A,0.8262919330812794,1
gb,7A,0.8442458076072316,1
gb,7A,0.8044581652271856,1
gb,7A,0.7718468918187497,1
gb,7A,0.7970234166177049,1
gb,7A,0.8165722462134494,1
gb,7A,0.9243461455283712,1
gb,7A,0.8696907806680139,1
gb,7A,0.8055915362913082,1
gb,7A,0.8043769282502837,1
gb,7A,0.7858441699838066,1
gb,7A,0.8446585391073926,1
gb,7A,0.7723176447190087,1
gb,7A,0.8157808764112073,1
gb,7A,0.8375772176120742,1
gb,7A,0.7270286692933207,1
gb,7A,0.7699095609249126,1
gb,7A,0.7820294038148644,1
gb,7A,0.769142729566648,1
gb,7A,0.7729260462653365,1
gb,7A,0.7151431332492735,1
gb,7A,0.782160984720295,1
gb,7A,0.7610890100117823,1
gb,7A,0.7914539085163167,1
gb,7A,0.6846905142512082,1
gb,7A,0.7836776332946126,1
gb,7A,0.7971426135607255,1
gb,7A,0.8430179752872556,1
gb,7A,0.8766530494973501,1
gb,7A,0.9047374443156267,1
gb,7A,0.927857525901454,1
gb,7A,0.9504629735928533,1
gb,7A,0.9399333952247304,1
gb,7A,0.9483986811223637,1
gb,7A,0.9541101153985585,1
gb,7A,0.9154650610319207,1
gb,7A,0.9275559455978037,1
gb,7A,0.8969801172650933,1
gb,7A,0.8861171303156474,1
gb,7A,0.955358129488808,1
gb,7A,0.9633276461154083,1
gb,7A,0.9708299447496912,1
gb,7A,0.9622475113539363,1
gb,7A,0.9318625114811219,1
gb,7A,0.9492923590820442,1
gb,7A,0.9391245932361382,1
gb,7A,0.9444674435492736,1
gb,7A,0.9231922502723269,1
gb,7A,0.9374291729415561,1
gb,7A,0.9429881141362539,1
gb,7A,0.9318885388048888,1
gb,7A,0.9305869007590364,1
gb,7A,0.9432810930265749,1
gb,7A,0.9282996700403287,1
gb,7A,0.9303767090247747,1
gb,7A,0.8653795094253925,0
gb,7A,0.8499080163856486,0
gb,7A,0.9117571946241005,0
gb,7A,0.8442383557631657,0
gb,7A,0.742938564648941,0
gb,7A,0.8381742791634221,0
gb,7A,0.8023060930298201,0
gb,7A,0.8885759939948406,0
gb,7A,0.8215754688664335,0
gb,7A,0.8703898609025033,0
gb,7A,0.9138975217209215,0
gb,7A,0.8802797824988398,0
gb,7A,0.8124434897408408,0
gb,7A,0.8769662001887097,0
gb,7A,0.7202795866697256,1
gb,7A,0.7895425715548672,1
gb,7A,0.837830902519547,1
gb,7A,0.7212877615663509,1
gb,7A,0.7622359025447185,1
gb,7A,0.8422497040467539,1
gb,7A,0.7510297430048544,1
gb,7A,0.9542018904489962,1
gb,7A,0.8757417860720011,1
gb,7A,0.9095963746950753,1
gb,7A,0.9223946481338707,1
gb,7A,0.8787425312540535,1
gb,7A,0.8829397364898953,1
gb,7A,0.6217126350382464,1
gb,7A,0.935931134997919,1
gb,7A,0.8697053597940556,1
gb,7A,0.7528268235037617,1
gb,7A,0.8087929829373617,1
gb,7A,0.847274754283897,1
gb,7A,0.9511907649386543,1
gb,7A,0.909142018777529,1
gb,7A,0.8122696578171121,1
gb,7A,0.9320980876262264,1
gb,7A,0.9019815764135003,1
gb,7A,0.9158352184288923,1
gb,7A,0.8896169587121132,1
gb,7A,0.6954995196231492,1
gb,7A,0.8474220825904961,1
gb,7A,0.721579612593207,1
gb,7A,0.8953980277032405,1
gb,7A,0.9257165310395966,1
gb,7A,0.8645042586099742,1
gb,7A,0.9372725808874351,1
gb,7A,0.8572938211969011,1
gb,7A,0.8523639969087166,1
gb,7A,0.9018192136593075,1
gb,7A,0.9224564162803894,1
gb,7A,0.8092803318943941,1
gb,7A,0.851602814037941,1
gb,7A,0.7937781908579314,1
gb,7A,0.9238027659978258,1
gb,7A,0.852508247718735,1
gb,7A,0.8259160199858693,1
gb,7A,0.8781626262633379,1
gb,7A,0.7502259558232439,1
gb,7A,0.8251133789750624,1
gb,7A,0.8257278545917679,1
gb,7A,0.810791335012317,1
gb,7A,0.8570318657655287,1
gb,7A,0.8715109121693618,1
gb,7A,0.8422848880144557,1
gb,7A,0.843521935435115,1
gb,7A,0.92390500336656,1
gb,7A,0.8764601066474048,1
gb,7A,0.8637056628579742,1
gb,7A,0.8644314448489983,1
gb,7A,0.7592845358898738,1
gb,7A,0.8695109757353605,1
gb,7A,0.8118889244512604,1
gb,7A,0.7788347911518828,0
gb,7A,0.7306710393611874,0
gb,7A,0.8826846335341145,0
gb,7A,0.8638239828265729,0
gb,7A,0.8628401423606343,0
gb,7A,0.9048718744045222,0
gb,7A,0.9263242557625345,0
gb,7A,0.9395674812758129,0
gb,7A,0.8895692384814772,0
gb,7A,0.8569766770144465,0
gb,7A,0.753315779171591,1
gb,7A,0.767561050143021,1
gb,7A,0.7865324648263841,1
gb,7A,0.7295423396168369,1
gb,7A,0.8771296775969937,1
gb,7A,0.7364354927208226,1
gb,7A,0.7669636144567227,1
gb,7A,0.7381727889819649,1
gb,7A,0.8163521663739834,1
gb,7A,0.6610122890796012,1
gb,7A,0.617563131543424,1
gb,7A,0.7662395341403471,1
gb,7A,0.7217149924816685,1
gb,7A,0.6917071026225079,1
gb,7A,0.7134645571531473,1
gb,7A,0.7239266276784795,1
gb,7A,0.6338001088911226,1
gb,7A,0.7766990649221225,1
gb,7A,0.7542425271572041,1
gb,7A,0.6602805407858444,1
gb,7A,0.9133105690348803,1
gb,7A,0.728107906488511,1
gb,7A,0.7079063069635075,1
gb,7A,0.7957394647153023,1
gb,7A,0.6219581485587469,1
gb,7A,0.7810577444747577,1
gb,7A,0.832805306361907,1
gb,7A,0.7227294197936065,1
gb,7A,0.8293436323107326,1
gb,7A,0.8334336767732055,1
gb,7A,0.8599964112368736,1
gb,7A,0.7531693037879343,1
gb,7A,0.8255495460550213,1
gb,7A,0.8811763836164432,1
gb,7A,0.6442278560384547,1
gb,7A,0.7524883591906666,1
gb,7A,0.7933212370434968,1
gb,7A,0.7887406642520327,1
gb,7A,0.7641150104774747,1
gb,7A,0.7241571480565716,1
gb,7A,0.7574403396824824,1
gb,7A,0.5990477342914131,1
gb,7A,0.8573961328245958,1
gb,7A,0.8006837551064697,1
gb,7A,0.7871793265718171,1
gb,7A,0.7170928378888949,1
gb,7A,0.6820557989523299,1
gb,7A,0.7278922764302084,1
gb,7A,0.8725176152184169,1
gb,7A,0.7220671469390609,1
gb,7A,0.7193616571712327,1
gb,7A,0.7567484260455257,1
gb,7A,0.8059870426832076,1
gb,7A,0.8113810208173384,1
gb,7A,0.8128715546662068,1
gb,7A,0.7802692713225994,1
gb,7A,0.881267158418482,1
gb,7A,0.8731391395402532,1
gb,7A,0.938744611976618,1
gb,7A,0.7501609848282145,1
gb,7A,0.712320705359831,1
gb,7A,0.8381270799549956,1
gb,7A,0.7936641574923554,1
gb,7A,0.8208038916786927,1
gb,7A,0.7478943323981226,1
gb,7A,0.7703131429208945,1
gb,7A,0.7902921000079192,1
gb,7A,0.8373922660910705,1
gb,7A,0.7994840396017253,1
gb,7A,0.9350509796801728,1
gb,7A,0.7295296358815846,1
gb,7A,0.7302743551067721,1
gb,7A,0.5790028269289872,1
gb,7A,0.911258409673489,1
gb,7A,0.6743726101239075,1
gb,7A,0.885045090967111,1
gb,7A,0.8377836117673054,1
gb,7A,0.6840708902236535,1
gb,7A,0.6703075645128358,1
gb,7A,0.7127990313427531,1
gb,7A,0.8136951657280593,1
gb,7A,0.8707842223013968,1
gb,7A,0.7933165306157941,1
gb,7A,0.5963726208346164,1
gb,7A,0.8212724136344642,1
gb,7A,0.8786653677876037,1
gb,7A,0.7533669889032372,1
gb,7A,0.8554448882516841,1
gb,7A,0.8283483049257913,1
gb,7A,0.8815799099197679,1
gb,7A,0.645077912271389,1
gb,7A,0.8859514715488785,1
gb,7A,0.762634006453748,1
gb,7A,0.7170347512615428,1
gb,7A,0.7569376684921569,1
gb,7A,0.7626335286864646,1
gb,7A,0.780821892939414,1
gb,7A,0.8212328202289502,1
gb,7A,0.9168764234810481,1
gb,7A,0.9407734140068136,1
gb,7A,0.9518071808268498,1
gb,7A,0.9523916378348646,1
gb,7A,0.8440655016615748,1
gb,7A,0.6609824090596659,1
gb,7A,0.8156630647231072,1
gb,7A,0.8307639232466635,1
deep_ssl_strict,7A,0.6240046620368958,1
deep_ssl_strict,7A,0.9372135996818542,1
deep_ssl_strict,7A,0.9099540710449219,1
deep_ssl_strict,7A,0.8876870274543762,1
deep_ssl_strict,7A,0.9519420862197876,1
deep_ssl_strict,7A,0.948159396648407,1
deep_ssl_strict,7A,0.9275414347648621,1
deep_ssl_strict,7A,0.9518940448760986,1
deep_ssl_strict,7A,0.9830850958824158,1
deep_ssl_strict,7A,0.9877445101737976,1
deep_ssl_strict,7A,0.9833675622940063,1
deep_ssl_strict,7A,0.8926807045936584,1
deep_ssl_strict,7A,0.8734663128852844,1
deep_ssl_strict,7A,0.3867064416408539,1
deep_ssl_strict,7A,0.35291746258735657,1
deep_ssl_strict,7A,0.6841221451759338,1
deep_ssl_strict,7A,0.33420059084892273,1
deep_ssl_strict,7A,0.5638402104377747,1
deep_ssl_strict,7A,0.9287235140800476,1
deep_ssl_strict,7A,0.9646590948104858,1
deep_ssl_strict,7A,0.8678771257400513,1
deep_ssl_strict,7A,0.8754274249076843,1
deep_ssl_strict,7A,0.8562338948249817,1
deep_ssl_strict,7A,0.6950569152832031,1
deep_ssl_strict,7A,0.389860063791275,1
deep_ssl_strict,7A,0.45299214124679565,1
deep_ssl_strict,7A,0.25081929564476013,1
deep_ssl_strict,7A,0.59971684217453,1
deep_ssl_strict,7A,0.7160300016403198,1
deep_ssl_strict,7A,0.8920853137969971,1
deep_ssl_strict,7A,0.8308072686195374,1
deep_ssl_strict,7A,0.45305001735687256,1
deep_ssl_strict,7A,0.7481737732887268,1
deep_ssl_strict,7A,0.9120785593986511,1
deep_ssl_strict,7A,0.951741099357605,1
deep_ssl_strict,7A,0.825924277305603,1
deep_ssl_strict,7A,0.7564446330070496,1
deep_ssl_strict,7A,0.9047811627388,1
deep_ssl_strict,7A,0.9896906614303589,1
deep_ssl_strict,7A,0.9727193117141724,1
deep_ssl_strict,7A,0.9660919308662415,1
deep_ssl_strict,7A,0.9013053774833679,1
deep_ssl_strict,7A,0.8994843363761902,1
deep_ssl_strict,7A,0.9490548968315125,1
deep_ssl_strict,7A,0.7929823994636536,1
deep_ssl_strict,7A,0.9649872183799744,1
deep_ssl_strict,7A,0.9867568016052246,1
deep_ssl_strict,7A,0.9923549890518188,1
deep_ssl_strict,7A,0.9728336930274963,1
deep_ssl_strict,7A,0.9882325530052185,1
deep_ssl_strict,7A,0.98812335729599,1
deep_ssl_strict,7A,0.9905394315719604,1
deep_ssl_strict,7A,0.9889941811561584,1
deep_ssl_strict,7A,0.9170182943344116,1
deep_ssl_strict,7A,0.8855413794517517,1
deep_ssl_strict,7A,0.8721602559089661,1
deep_ssl_strict,7A,0.9625135660171509,1
deep_ssl_strict,7A,0.9645408391952515,1
deep_ssl_strict,7A,0.9393011927604675,1
deep_ssl_strict,7A,0.8929288983345032,1
deep_ssl_strict,7A,0.7973279356956482,1
deep_ssl_strict,7A,0.8191040754318237,1
deep_ssl_strict,7A,0.7458925843238831,1
deep_ssl_strict,7A,0.5783689022064209,1
deep_ssl_strict,7A,0.9484732747077942,1
deep_ssl_strict,7A,0.7532718181610107,1
deep_ssl_strict,7A,0.8606075048446655,1
deep_ssl_strict,7A,0.8433850407600403,1
deep_ssl_strict,7A,0.8917580246925354,1
deep_ssl_strict,7A,0.9075769186019897,1
deep_ssl_strict,7A,0.5311088562011719,1
deep_ssl_strict,7A,0.1870041936635971,1
deep_ssl_strict,7A,0.822992742061615,1
deep_ssl_strict,7A,0.8440456986427307,1
deep_ssl_strict,7A,0.9613876342773438,1
deep_ssl_strict,7A,0.9753348231315613,1
deep_ssl_strict,7A,0.9461917877197266,1
deep_ssl_strict,7A,0.9703707695007324,1
deep_ssl_strict,7A,0.9720589518547058,1
deep_ssl_strict,7A,0.9619917869567871,1
deep_ssl_strict,7A,0.9470682740211487,1
deep_ssl_strict,7A,0.9441831111907959,1
deep_ssl_strict,7A,0.9177446961402893,1
deep_ssl_strict,7A,0.962170422077179,1
deep_ssl_strict,7A,0.8676981329917908,1
deep_ssl_strict,7A,0.8401974439620972,1
deep_ssl_strict,7A,0.316854864358902,1
deep_ssl_strict,7A,0.8966189026832581,1
deep_ssl_strict,7A,0.9542816281318665,1
deep_ssl_strict,7A,0.9317042827606201,1
deep_ssl_strict,7A,0.9210262894630432,1
deep_ssl_strict,7A,0.8310840725898743,1
deep_ssl_strict,7A,0.8728029727935791,1
deep_ssl_strict,7A,0.9804640412330627,1
deep_ssl_strict,7A,0.9618415832519531,1
deep_ssl_strict,7A,0.9389523863792419,1
deep_ssl_strict,7A,0.8763890862464905,1
deep_ssl_strict,7A,0.8829342126846313,1
deep_ssl_strict,7A,0.8110054135322571,1
deep_ssl_strict,7A,0.6772929430007935,1
deep_ssl_strict,7A,0.42471030354499817,1
deep_ssl_strict,7A,0.7107113003730774,1
deep_ssl_strict,7A,0.8614853620529175,1
deep_ssl_strict,7A,0.8741939663887024,1
deep_ssl_strict,7A,0.6567487120628357,1
deep_ssl_strict,7A,0.6737693548202515,1
deep_ssl_strict,7A,0.6521831750869751,1
deep_ssl_strict,7A,0.47956985235214233,1
deep_ssl_strict,7A,0.5614078044891357,1
deep_ssl_strict,7A,0.8014763593673706,1
deep_ssl_strict,7A,0.8260778188705444,1
deep_ssl_strict,7A,0.6651754975318909,1
deep_ssl_strict,7A,0.9820185899734497,1
deep_ssl_strict,7A,0.9110464453697205,1
deep_ssl_strict,7A,0.6804935336112976,1
deep_ssl_strict,7A,0.830764889717102,1
deep_ssl_strict,7A,0.7738422751426697,1
deep_ssl_strict,7A,0.9467366337776184,1
deep_ssl_strict,7A,0.6919938325881958,1
deep_ssl_strict,7A,0.781110942363739,1
deep_ssl_strict,7A,0.7542009949684143,1
deep_ssl_strict,7A,0.9394624829292297,1
deep_ssl_strict,7A,0.7012364864349365,1
deep_ssl_strict,7A,0.673575758934021,1
deep_ssl_strict,7A,0.7465181350708008,1
deep_ssl_strict,7A,0.879336953163147,1
deep_ssl_strict,7A,0.8973340392112732,1
deep_ssl_strict,7A,0.9479352831840515,1
deep_ssl_strict,7A,0.713571310043335,1
deep_ssl_strict,7A,0.502811849117279,1
deep_ssl_strict,7A,0.5991729497909546,1
deep_ssl_strict,7A,0.9051870107650757,1
deep_ssl_strict,7A,0.9746189713478088,1
deep_ssl_strict,7A,0.9138358235359192,1
deep_ssl_strict,7A,0.8500145077705383,1
deep_ssl_strict,7A,0.7580008506774902,1
deep_ssl_strict,7A,0.84828120470047,1
deep_ssl_strict,7A,0.7800014019012451,1
deep_ssl_strict,7A,0.7453474998474121,1
deep_ssl_strict,7A,0.5358387231826782,1
deep_ssl_strict,7A,0.9365348219871521,1
deep_ssl_strict,7A,0.8603718280792236,1
deep_ssl_strict,7A,0.9261785745620728,1
deep_ssl_strict,7A,0.8886862397193909,1
deep_ssl_strict,7A,0.3484337627887726,1
deep_ssl_strict,7A,0.7958115935325623,1
deep_ssl_strict,7A,0.8825995922088623,1
deep_ssl_strict,7A,0.7005868554115295,1
deep_ssl_strict,7A,0.6748602986335754,1
deep_ssl_strict,7A,0.9241763353347778,1
deep_ssl_strict,7A,0.8333889245986938,1
deep_ssl_strict,7A,0.8893975019454956,1
deep_ssl_strict,7A,0.9539733529090881,1
deep_ssl_strict,7A,0.9535873532295227,1
deep_ssl_strict,7A,0.8684713244438171,1
deep_ssl_strict,7A,0.9143640398979187,1
deep_ssl_strict,7A,0.8682055473327637,1
deep_ssl_strict,7A,0.6934935450553894,1
deep_ssl_strict,7A,0.9369162917137146,1
deep_ssl_strict,7A,0.910216212272644,1
deep_ssl_strict,7A,0.8814431428909302,1
deep_ssl_strict,7A,0.8106053471565247,1
deep_ssl_strict,7A,0.825272262096405,1
deep_ssl_strict,7A,0.8521460890769958,1
deep_ssl_strict,7A,0.5422891974449158,1
deep_ssl_strict,7A,0.630079448223114,1
deep_ssl_strict,7A,0.7136409878730774,1
deep_ssl_strict,7A,0.6472695469856262,1
deep_ssl_strict,7A,0.9535143971443176,1
deep_ssl_strict,7A,0.9275383949279785,1
deep_ssl_strict,7A,0.7019568681716919,1
deep_ssl_strict,7A,0.8106369972229004,1
deep_ssl_strict,7A,0.9011409282684326,1
deep_ssl_strict,7A,0.8229767680168152,1
deep_ssl_strict,7A,0.9104333519935608,1
deep_ssl_strict,7A,0.7588560581207275,1
deep_ssl_strict,7A,0.9691168665885925,1
deep_ssl_strict,7A,0.7156597971916199,1
deep_ssl_strict,7A,0.48293349146842957,1
deep_ssl_strict,7A,0.5480126142501831,1
deep_ssl_strict,7A,0.46678426861763,1
deep_ssl_strict,7A,0.5939823389053345,1
deep_ssl_strict,7A,0.369822233915329,1
deep_ssl_strict,7A,0.7324131727218628,1
deep_ssl_strict,7A,0.641528844833374,1
deep_ssl_strict,7A,0.6784994006156921,1
deep_ssl_strict,7A,0.49097755551338196,1
deep_ssl_strict,7A,0.5517274737358093,1
deep_ssl_strict,7A,0.5576797723770142,1
deep_ssl_strict,7A,0.303770512342453,1
deep_ssl_strict,7A,0.7370111346244812,1
deep_ssl_strict,7A,0.6243211627006531,1
deep_ssl_strict,7A,0.7266041040420532,1
deep_ssl_strict,7A,0.6504650712013245,1
deep_ssl_strict,7A,0.771593451499939,1
deep_ssl_strict,7A,0.16461427509784698,1
deep_ssl_strict,7A,0.5926052927970886,1
deep_ssl_strict,7A,0.5572338104248047,1
deep_ssl_strict,7A,0.6928192377090454,1
deep_ssl_strict,7A,0.6427685022354126,1
deep_ssl_strict,7A,0.5822382569313049,1
deep_ssl_strict,7A,0.4000375270843506,1
deep_ssl_strict,7A,0.6957007050514221,1
deep_ssl_strict,7A,0.809561014175415,1
deep_ssl_strict,7A,0.5802544355392456,1
deep_ssl_strict,7A,0.819774866104126,1
deep_ssl_strict,7A,0.9350699782371521,1
deep_ssl_strict,7A,0.8411105871200562,1
deep_ssl_strict,7A,0.25981295108795166,1
deep_ssl_strict,7A,0.4245666265487671,1
deep_ssl_strict,7A,0.503730058670044,1
deep_ssl_strict,7A,0.7443609833717346,1
deep_ssl_strict,7A,0.76559978723526,1
deep_ssl_strict,7A,0.8954760432243347,1
deep_ssl_strict,7A,0.7975728511810303,1
deep_ssl_strict,7A,0.6232146620750427,1
deep_ssl_strict,7A,0.11287638545036316,1
deep_ssl_strict,7A,0.5184686183929443,1
deep_ssl_strict,7A,0.5732561349868774,1
deep_ssl_strict,7A,0.8507285714149475,1
deep_ssl_strict,7A,0.5859575271606445,1
deep_ssl_strict,7A,0.7037115693092346,1
deep_ssl_strict,7A,0.3024592101573944,1
deep_ssl_strict,7A,0.7187053561210632,1
deep_ssl_strict,7A,0.758865475654602,1
deep_ssl_strict,7A,0.7739179134368896,1
deep_ssl_strict,7A,0.8768800497055054,1
deep_ssl_strict,7A,0.8860071897506714,1
deep_ssl_strict,7A,0.5361202359199524,1
deep_ssl_strict,7A,0.6851608753204346,1
deep_ssl_strict,7A,0.71616131067276,1
deep_ssl_strict,7A,0.9048635363578796,1
deep_ssl_strict,7A,0.25528115034103394,1
deep_ssl_strict,7A,0.48389488458633423,1
deep_ssl_strict,7A,0.43060538172721863,1
deep_ssl_strict,7A,0.2652854323387146,1
deep_ssl_strict,7A,0.7277505397796631,1
deep_ssl_strict,7A,0.8052241802215576,1
deep_ssl_strict,7A,0.5076236724853516,1
deep_ssl_strict,7A,0.8176799416542053,1
deep_ssl_strict,7A,0.7993003129959106,1
deep_ssl_strict,7A,0.8523097634315491,1
deep_ssl_strict,7A,0.5496692061424255,1
deep_ssl_strict,7A,0.34347087144851685,1
deep_ssl_strict,7A,0.627556324005127,1
deep_ssl_strict,7A,0.5193585753440857,1
deep_ssl_strict,7A,0.775652289390564,1
deep_ssl_strict,7A,0.629317581653595,1
deep_ssl_strict,7A,0.5954968333244324,1
deep_ssl_strict,7A,0.5076852440834045,1
deep_ssl_strict,7A,0.9640403985977173,1
deep_ssl_strict,7A,0.9372410178184509,1
deep_ssl_strict,7A,0.9495767951011658,1
deep_ssl_strict,7A,0.9733875393867493,1
deep_ssl_strict,7A,0.9678031206130981,1
deep_ssl_strict,7A,0.9319437146186829,1
deep_ssl_strict,7A,0.9338594079017639,1
deep_ssl_strict,7A,0.877064049243927,1
deep_ssl_strict,7A,0.9323326349258423,1
deep_ssl_strict,7A,0.9207945466041565,1
deep_ssl_strict,7A,0.928159773349762,1
deep_ssl_strict,7A,0.883522629737854,1
deep_ssl_strict,7A,0.9154918789863586,1
deep_ssl_strict,7A,0.95259028673172,1
deep_ssl_strict,7A,0.9492887854576111,1
deep_ssl_strict,7A,0.8850645422935486,1
deep_ssl_strict,7A,0.870894730091095,1
deep_ssl_strict,7A,0.9016643166542053,1
deep_ssl_strict,7A,0.9204000234603882,1
deep_ssl_strict,7A,0.9650545120239258,1
deep_ssl_strict,7A,0.9393235445022583,1
deep_ssl_strict,7A,0.5284765958786011,1
deep_ssl_strict,7A,0.5245233178138733,1
deep_ssl_strict,7A,0.6693685054779053,1
deep_ssl_strict,7A,0.3822568953037262,1
deep_ssl_strict,7A,0.5730326771736145,1
deep_ssl_strict,7A,0.6507109999656677,1
deep_ssl_strict,7A,0.4159252345561981,1
deep_ssl_strict,7A,0.44524067640304565,1
deep_ssl_strict,7A,0.643370509147644,1
deep_ssl_strict,7A,0.5391640067100525,1
deep_ssl_strict,7A,0.5956450700759888,1
deep_ssl_strict,7A,0.642146646976471,1
deep_ssl_strict,7A,0.8808237910270691,1
deep_ssl_strict,7A,0.7149133682250977,1
deep_ssl_strict,7A,0.6790399551391602,1
deep_ssl_strict,7A,0.6275477409362793,1
deep_ssl_strict,7A,0.5132041573524475,1
deep_ssl_strict,7A,0.6300041079521179,1
deep_ssl_strict,7A,0.3597812056541443,1
deep_ssl_strict,7A,0.9100812077522278,1
deep_ssl_strict,7A,0.6908681392669678,1
deep_ssl_strict,7A,0.4382931888103485,1
deep_ssl_strict,7A,0.6472448110580444,1
deep_ssl_strict,7A,0.9244477152824402,1
deep_ssl_strict,7A,0.967667818069458,1
deep_ssl_strict,7A,0.9465906620025635,1
deep_ssl_strict,7A,0.6297765374183655,1
deep_ssl_strict,7A,0.5231530070304871,1
deep_ssl_strict,7A,0.9039421081542969,1
deep_ssl_strict,7A,0.9213956594467163,1
deep_ssl_strict,7A,0.9274057149887085,1
deep_ssl_strict,7A,0.9796323180198669,1
deep_ssl_strict,7A,0.9842292070388794,1
deep_ssl_strict,7A,0.9814432263374329,1
deep_ssl_strict,7A,0.9670235514640808,1
deep_ssl_strict,7A,0.8643826246261597,1
deep_ssl_strict,7A,0.885503351688385,1
deep_ssl_strict,7A,0.9223850965499878,1
deep_ssl_strict,7A,0.8706740736961365,1
deep_ssl_strict,7A,0.8838306069374084,1
deep_ssl_strict,7A,0.9046735167503357,1
deep_ssl_strict,7A,0.9382431507110596,1
deep_ssl_strict,7A,0.9000533819198608,1
deep_ssl_strict,7A,0.9323713779449463,1
deep_ssl_strict,7A,0.929915726184845,1
deep_ssl_strict,7A,0.9674761891365051,1
deep_ssl_strict,7A,0.9065487384796143,1
deep_ssl_strict,7A,0.8285765647888184,1
deep_ssl_strict,7A,0.9296606779098511,1
deep_ssl_strict,7A,0.9462000131607056,1
deep_ssl_strict,7A,0.9304386973381042,1
deep_ssl_strict,7A,0.9888814091682434,1
deep_ssl_strict,7A,0.9928929209709167,1
deep_ssl_strict,7A,0.9796957969665527,1
deep_ssl_strict,7A,0.5500271916389465,1
deep_ssl_strict,7A,0.3236561119556427,0
deep_ssl_strict,7A,0.7145330309867859,0
deep_ssl_strict,7A,0.5889476537704468,0
deep_ssl_strict,7A,0.8272712230682373,0
deep_ssl_strict,7A,0.7437533140182495,0
deep_ssl_strict,7A,0.07173563539981842,0
deep_ssl_strict,7A,0.05691363289952278,0
deep_ssl_strict,7A,0.8919817209243774,0
deep_ssl_strict,7A,0.9840076565742493,0
deep_ssl_strict,7A,0.8620809316635132,0
deep_ssl_strict,7A,0.6480682492256165,0
deep_ssl_strict,7A,0.7948986291885376,0
deep_ssl_strict,7A,0.8799635171890259,0
deep_ssl_strict,7A,0.9318563342094421,0
deep_ssl_strict,7A,0.857824444770813,1
deep_ssl_strict,7A,0.9359800815582275,1
deep_ssl_strict,7A,0.9586472511291504,1
deep_ssl_strict,7A,0.6211401224136353,1
deep_ssl_strict,7A,0.514661431312561,1
deep_ssl_strict,7A,0.7957314252853394,1
deep_ssl_strict,7A,0.831908643245697,1
deep_ssl_strict,7A,0.8213753700256348,1
deep_ssl_strict,7A,0.6457425951957703,1
deep_ssl_strict,7A,0.7918241024017334,1
deep_ssl_strict,7A,0.8072018027305603,1
deep_ssl_strict,7A,0.9418779611587524,1
deep_ssl_strict,7A,0.6588353514671326,1
deep_ssl_strict,7A,0.28598928451538086,1
deep_ssl_strict,7A,0.6548449397087097,1
deep_ssl_strict,7A,0.4130684733390808,1
deep_ssl_strict,7A,0.8279018402099609,1
deep_ssl_strict,7A,0.46740958094596863,1
deep_ssl_strict,7A,0.8756852149963379,1
deep_ssl_strict,7A,0.9718196392059326,1
deep_ssl_strict,7A,0.9804863929748535,1
deep_ssl_strict,7A,0.9662717580795288,1
deep_ssl_strict,7A,0.9856376051902771,1
deep_ssl_strict,7A,0.9898826479911804,1
deep_ssl_strict,7A,0.9919089674949646,1
deep_ssl_strict,7A,0.9851281046867371,1
deep_ssl_strict,7A,0.9823233485221863,1
deep_ssl_strict,7A,0.2456333488225937,1
deep_ssl_strict,7A,0.01994810625910759,1
deep_ssl_strict,7A,0.013421466574072838,1
deep_ssl_strict,7A,0.9593095779418945,1
deep_ssl_strict,7A,0.1373583823442459,1
deep_ssl_strict,7A,0.1798919290304184,1
deep_ssl_strict,7A,0.575231671333313,1
deep_ssl_strict,7A,0.9321932196617126,1
deep_ssl_strict,7A,0.9022679328918457,1
deep_ssl_strict,7A,0.8691859245300293,1
deep_ssl_strict,7A,0.7660594582557678,1
deep_ssl_strict,7A,0.865533173084259,1
deep_ssl_strict,7A,0.8302611112594604,1
deep_ssl_strict,7A,0.8533517122268677,1
deep_ssl_strict,7A,0.825729489326477,1
deep_ssl_strict,7A,0.738222062587738,1
deep_ssl_strict,7A,0.8679930567741394,1
deep_ssl_strict,7A,0.4440568685531616,1
deep_ssl_strict,7A,0.8623802661895752,1
deep_ssl_strict,7A,0.8442307114601135,1
deep_ssl_strict,7A,0.6487286686897278,1
deep_ssl_strict,7A,0.5924538969993591,1
deep_ssl_strict,7A,0.7088462114334106,1
deep_ssl_strict,7A,0.9305155873298645,1
deep_ssl_strict,7A,0.9744501709938049,1
deep_ssl_strict,7A,0.9744210839271545,1
deep_ssl_strict,7A,0.9794792532920837,1
deep_ssl_strict,7A,0.9589282870292664,1
deep_ssl_strict,7A,0.9675858020782471,1
deep_ssl_strict,7A,0.9754448533058167,1
deep_ssl_strict,7A,0.9786669015884399,1
deep_ssl_strict,7A,0.9621542096138,1
deep_ssl_strict,7A,0.8843372464179993,0
deep_ssl_strict,7A,0.9272505640983582,0
deep_ssl_strict,7A,0.7905659675598145,0
deep_ssl_strict,7A,0.676411509513855,0
deep_ssl_strict,7A,0.7944450974464417,0
deep_ssl_strict,7A,0.7847425937652588,0
deep_ssl_strict,7A,0.9921470284461975,0
deep_ssl_strict,7A,0.9988471269607544,0
deep_ssl_strict,7A,0.967995822429657,0
deep_ssl_strict,7A,0.6665042638778687,0
deep_ssl_strict,7A,0.12291064113378525,1
deep_ssl_strict,7A,0.7600446939468384,1
deep_ssl_strict,7A,0.91194748878479,1
deep_ssl_strict,7A,0.874333381652832,1
deep_ssl_strict,7A,0.9497827887535095,1
deep_ssl_strict,7A,0.9225010871887207,1
deep_ssl_strict,7A,0.6769782304763794,1
deep_ssl_strict,7A,0.8375899195671082,1
deep_ssl_strict,7A,0.11947018653154373,1
deep_ssl_strict,7A,0.6078034043312073,1
deep_ssl_strict,7A,0.6857000589370728,1
deep_ssl_strict,7A,0.7790291905403137,1
deep_ssl_strict,7A,0.46766233444213867,1
deep_ssl_strict,7A,0.26736387610435486,1
deep_ssl_strict,7A,0.38580742478370667,1
deep_ssl_strict,7A,0.35199055075645447,1
deep_ssl_strict,7A,0.5166324973106384,1
deep_ssl_strict,7A,0.10579481720924377,1
deep_ssl_strict,7A,0.2615703344345093,1
deep_ssl_strict,7A,0.5881937742233276,1
deep_ssl_strict,7A,0.8244590759277344,1
deep_ssl_strict,7A,0.9139019250869751,1
deep_ssl_strict,7A,0.8162767887115479,1
deep_ssl_strict,7A,0.673690915107727,1
deep_ssl_strict,7A,0.8694856762886047,1
deep_ssl_strict,7A,0.49715691804885864,1
deep_ssl_strict,7A,0.6401463747024536,1
deep_ssl_strict,7A,0.587439239025116,1
deep_ssl_strict,7A,0.7620511651039124,1
deep_ssl_strict,7A,0.9643312692642212,1
deep_ssl_strict,7A,0.9586198329925537,1
deep_ssl_strict,7A,0.9528269171714783,1
deep_ssl_strict,7A,0.9562654495239258,1
deep_ssl_strict,7A,0.9480223655700684,1
deep_ssl_strict,7A,0.9074572324752808,1
deep_ssl_strict,7A,0.7841627597808838,1
deep_ssl_strict,7A,0.5560765862464905,1
deep_ssl_strict,7A,0.823434591293335,1
deep_ssl_strict,7A,0.28656014800071716,1
deep_ssl_strict,7A,0.6979700326919556,1
deep_ssl_strict,7A,0.7508440017700195,1
deep_ssl_strict,7A,0.7188690304756165,1
deep_ssl_strict,7A,0.445072740316391,1
deep_ssl_strict,7A,0.541138768196106,1
deep_ssl_strict,7A,0.4424705505371094,1
deep_ssl_strict,7A,0.6412609815597534,1
deep_ssl_strict,7A,0.8154891133308411,1
deep_ssl_strict,7A,0.7997816801071167,1
deep_ssl_strict,7A,0.82149338722229,1
deep_ssl_strict,7A,0.8638656735420227,1
deep_ssl_strict,7A,0.9187970757484436,1
deep_ssl_strict,7A,0.8604950308799744,1
deep_ssl_strict,7A,0.949069082736969,1
deep_ssl_strict,7A,0.05241743475198746,1
deep_ssl_strict,7A,0.5824642777442932,1
deep_ssl_strict,7A,0.9861183166503906,1
deep_ssl_strict,7A,0.9602023363113403,1
deep_ssl_strict,7A,0.9945980310440063,1
deep_ssl_strict,7A,0.9964683055877686,1
deep_ssl_strict,7A,0.46118244528770447,1
deep_ssl_strict,7A,0.4642850160598755,1
deep_ssl_strict,7A,0.8156980872154236,1
deep_ssl_strict,7A,0.6415144205093384,1
deep_ssl_strict,7A,0.6221057772636414,1
deep_ssl_strict,7A,0.4630163908004761,1
deep_ssl_strict,7A,0.5188714265823364,1
deep_ssl_strict,7A,0.6320168972015381,1
deep_ssl_strict,7A,0.48294177651405334,1
deep_ssl_strict,7A,0.5771979093551636,1
deep_ssl_strict,7A,0.8029336333274841,1
deep_ssl_strict,7A,0.5699886083602905,1
deep_ssl_strict,7A,0.3798290491104126,1
deep_ssl_strict,7A,0.839225172996521,1
deep_ssl_strict,7A,0.792131245136261,1
deep_ssl_strict,7A,0.5530605316162109,1
deep_ssl_strict,7A,0.5675143003463745,1
deep_ssl_strict,7A,0.42955097556114197,1
deep_ssl_strict,7A,0.37708917260169983,1
deep_ssl_strict,7A,0.7386231422424316,1
deep_ssl_strict,7A,0.7254701256752014,1
deep_ssl_strict,7A,0.3671887218952179,1
deep_ssl_strict,7A,0.43448692560195923,1
deep_ssl_strict,7A,0.5132043957710266,1
deep_ssl_strict,7A,0.3245656490325928,1
deep_ssl_strict,7A,0.6075343489646912,1
deep_ssl_strict,7A,0.8334627747535706,1
deep_ssl_strict,7A,0.8733073472976685,1
deep_ssl_strict,7A,0.6633145809173584,1
deep_ssl_strict,7A,0.47827789187431335,1
deep_ssl_strict,7A,0.49027425050735474,1
deep_ssl_strict,7A,0.7368362545967102,1
deep_ssl_strict,7A,0.9111060500144958,1
deep_ssl_strict,7A,0.24970030784606934,1
deep_ssl_strict,7A,0.2335416078567505,1
deep_ssl_strict,7A,0.9094475507736206,1
deep_ssl_strict,7A,0.794569730758667,1
deep_ssl_strict,7A,0.8898804783821106,1
deep_ssl_strict,7A,0.923386812210083,1
deep_ssl_strict,7A,0.9992856383323669,1
deep_ssl_strict,7A,0.9992538094520569,1
deep_ssl_strict,7A,0.9965537786483765,1
deep_ssl_strict,7A,0.9977694749832153,1
deep_ssl_strict,7A,0.9843735694885254,1
deep_ssl_strict,7A,0.7621892690658569,1
deep_ssl_strict,7A,0.7362268567085266,1
deep_ssl_strict,7A,0.8445472121238708,1
gb,7E,0.8660757334113925,0
gb,7E,0.8595376453651868,0
gb,7E,0.8542237822049795,0
gb,7E,0.7781883266182702,0
gb,7E,0.7459248910764189,0
gb,7E,0.8421644682403344,0
gb,7E,0.876053914108923,0
gb,7E,0.8149597841963582,0
gb,7E,0.5936521152741459,0
gb,7E,0.8867497517194608,0
gb,7E,0.864798015092689,0
gb,7E,0.8285623687278146,0
gb,7E,0.8114512008116661,0
gb,7E,0.8576623288947365,0
gb,7E,0.8882952993105574,0
gb,7E,0.8305631789478568,0
gb,7E,0.8932658804980197,0
gb,7E,0.5555151770885957,0
gb,7E,0.8333539447101983,0
gb,7E,0.8154430466642303,0
gb,7E,0.6530575361911266,0
gb,7E,0.8431707957002454,0
gb,7E,0.8338654722135521,0
gb,7E,0.8918878261126043,0
gb,7E,0.8939897988723294,0
gb,7E,0.8595376453651868,0
gb,7E,0.8058124288467816,0
gb,7E,0.8182534210528679,0
gb,7E,0.5097332702002929,0
gb,7E,0.7425305471408165,0
gb,7E,0.6615181628710373,1
gb,7E,0.6983127059772936,1
gb,7E,0.8624539941797202,1
gb,7E,0.822462652144546,1
gb,7E,0.7937742630964958,1
gb,7E,0.9069284292694807,1
gb,7E,0.9073420817770583,1
gb,7E,0.8845796804632806,1
gb,7E,0.9033318170361497,1
gb,7E,0.8839400315656532,1
gb,7E,0.7150951245852519,1
gb,7E,0.8561136961164701,1
gb,7E,0.8128802030077905,1
gb,7E,0.855844863465154,1
gb,7E,0.9085889714498101,1
gb,7E,0.8928729971333662,1
gb,7E,0.8393263373992746,1
gb,7E,0.7928371444261252,1
gb,7E,0.8499623663374063,1
gb,7E,0.7998726140866352,1
gb,7E,0.8816629010652155,1
gb,7E,0.7719886164901046,1
gb,7E,0.895493996988453,1
gb,7E,0.9114448529986005,1
gb,7E,0.8774262397906528,1
gb,7E,0.6650440943929933,1
gb,7E,0.8934565712184359,1
gb,7E,0.8055013466729084,1
gb,7E,0.7826084514221003,1
gb,7E,0.8864254705534665,1
gb,7E,0.8929368459325366,1
gb,7E,0.6221785545507591,1
gb,7E,0.7009452648538222,1
gb,7E,0.5898346875193656,1
gb,7E,0.6379926645476773,1
gb,7E,0.9115346907290511,1
gb,7E,0.9481914304094353,1
gb,7E,0.9486600881086136,1
gb,7E,0.9147754343266407,1
gb,7E,0.8353593844194643,1
gb,7E,0.9097759289319507,1
gb,7E,0.9187871508783689,1
gb,7E,0.947097746143506,1
gb,7E,0.8683866209826785,1
gb,7E,0.822462652144546,1
gb,7E,0.828097835032454,1
gb,7E,0.8877563283489671,1
gb,7E,0.8582747000437564,1
gb,7E,0.8721410108679417,1
gb,7E,0.8962119136954273,1
gb,7E,0.8465625624937807,1
gb,7E,0.8733695088921459,1
gb,7E,0.8825089672720462,1
gb,7E,0.8865238126138015,1
gb,7E,0.904822675067029,1
gb,7E,0.8897326398157914,1
gb,7E,0.9142772706659305,1
gb,7E,0.8800957538978124,1
gb,7E,0.8867215681523165,1
gb,7E,0.862429809932025,1
gb,7E,0.8887038543945698,1
gb,7E,0.8962119136954273,1
gb,7E,0.8307916243001913,1
gb,7E,0.8571896029618006,1
gb,7E,0.9071798967146276,1
gb,7E,0.8933791080588714,1
gb,7E,0.8962272698473075,1
gb,7E,0.8317062360422237,1
gb,7E,0.8591820655540685,1
gb,7E,0.846344228499599,1
gb,7E,0.8473496598477388,1
gb,7E,0.7562475755510917,0
gb,7E,0.8501393782745882,0
gb,7E,0.7817282234620171,0
gb,7E,0.8716296399795718,0
gb,7E,0.8007056297745432,0
gb,7E,0.8828896135211308,0
gb,7E,0.9133761576724473,0
gb,7E,0.9086973560045914,0
gb,7E,0.8902889927958634,0
gb,7E,0.8819063197673793,0
gb,7E,0.8695977025919358,0
gb,7E,0.8897395797900935,0
gb,7E,0.8790318326009608,0
gb,7E,0.8608915142287556,0
gb,7E,0.8822013775188007,0
gb,7E,0.8681290801893979,0
gb,7E,0.9045506515483039,0
gb,7E,0.9150952806121982,0
gb,7E,0.9253727115012074,0
gb,7E,0.8781850027652718,0
gb,7E,0.8896276462247401,0
gb,7E,0.8781850027652718,0
gb,7E,0.8902889927958634,0
gb,7E,0.92116660364306,0
gb,7E,0.8789374410378931,0
gb,7E,0.8972651307391897,0
gb,7E,0.8889307463885455,0
gb,7E,0.8759035468008458,0
gb,7E,0.8840740056028932,0
gb,7E,0.8366651099290054,0
gb,7E,0.8116098562678704,0
deep_ssl_strict,7E,0.8540754914283752,0
deep_ssl_strict,7E,0.9348867535591125,0
deep_ssl_strict,7E,0.9625703692436218,0
deep_ssl_strict,7E,0.9934612512588501,0
deep_ssl_strict,7E,0.9991986155509949,0
deep_ssl_strict,7E,0.9995793700218201,0
deep_ssl_strict,7E,0.9986060261726379,0
deep_ssl_strict,7E,0.3417394161224365,0
deep_ssl_strict,7E,0.9971144199371338,0
deep_ssl_strict,7E,0.994676947593689,0
deep_ssl_strict,7E,0.9404736161231995,0
deep_ssl_strict,7E,0.9965117573738098,0
deep_ssl_strict,7E,0.9889423847198486,0
deep_ssl_strict,7E,0.9930354952812195,0
deep_ssl_strict,7E,0.9911203980445862,0
deep_ssl_strict,7E,0.9963293671607971,0
deep_ssl_strict,7E,0.9943943023681641,0
deep_ssl_strict,7E,0.9309619665145874,0
deep_ssl_strict,7E,0.9766879677772522,0
deep_ssl_strict,7E,0.8952574729919434,0
deep_ssl_strict,7E,0.591489851474762,0
deep_ssl_strict,7E,0.579718828201294,0
deep_ssl_strict,7E,0.23416440188884735,0
deep_ssl_strict,7E,0.26533398032188416,0
deep_ssl_strict,7E,0.6240378618240356,0
deep_ssl_strict,7E,0.5946310758590698,0
deep_ssl_strict,7E,0.6483930349349976,0
deep_ssl_strict,7E,0.32148051261901855,0
deep_ssl_strict,7E,0.9083034992218018,0
deep_ssl_strict,7E,0.9949976205825806,0
deep_ssl_strict,7E,0.9851239323616028,1
deep_ssl_strict,7E,0.9674926400184631,1
deep_ssl_strict,7E,0.9731494784355164,1
deep_ssl_strict,7E,0.9368371963500977,1
deep_ssl_strict,7E,0.9342056512832642,1
deep_ssl_strict,7E,0.9819949269294739,1
deep_ssl_strict,7E,0.8597854971885681,1
deep_ssl_strict,7E,0.9664083123207092,1
deep_ssl_strict,7E,0.996910035610199,1
deep_ssl_strict,7E,0.9980415105819702,1
deep_ssl_strict,7E,0.9710152745246887,1
deep_ssl_strict,7E,0.9840271472930908,1
deep_ssl_strict,7E,0.9819815754890442,1
deep_ssl_strict,7E,0.9796857237815857,1
deep_ssl_strict,7E,0.9931780099868774,1
deep_ssl_strict,7E,0.9974026083946228,1
deep_ssl_strict,7E,0.9972167015075684,1
deep_ssl_strict,7E,0.9981325268745422,1
deep_ssl_strict,7E,0.8847659826278687,1
deep_ssl_strict,7E,0.9323650598526001,1
deep_ssl_strict,7E,0.9202288389205933,1
deep_ssl_strict,7E,0.9853997826576233,1
deep_ssl_strict,7E,0.9325214624404907,1
deep_ssl_strict,7E,0.9891037940979004,1
deep_ssl_strict,7E,0.9039806723594666,1
deep_ssl_strict,7E,0.8479999303817749,1
deep_ssl_strict,7E,0.824249267578125,1
deep_ssl_strict,7E,0.9127923250198364,1
deep_ssl_strict,7E,0.9628297686576843,1
deep_ssl_strict,7E,0.9306327104568481,1
deep_ssl_strict,7E,0.8909521698951721,1
deep_ssl_strict,7E,0.9390738606452942,1
deep_ssl_strict,7E,0.9846103191375732,1
deep_ssl_strict,7E,0.9932611584663391,1
deep_ssl_strict,7E,0.9854446053504944,1
deep_ssl_strict,7E,0.9664987325668335,1
deep_ssl_strict,7E,0.9914656281471252,1
deep_ssl_strict,7E,0.967715859413147,1
deep_ssl_strict,7E,0.9052339792251587,1
deep_ssl_strict,7E,0.9615665078163147,1
deep_ssl_strict,7E,0.9951540231704712,1
deep_ssl_strict,7E,0.9945335388183594,1
deep_ssl_strict,7E,0.9780526757240295,1
deep_ssl_strict,7E,0.9901064038276672,1
deep_ssl_strict,7E,0.9891396164894104,1
deep_ssl_strict,7E,0.7899606823921204,1
deep_ssl_strict,7E,0.9829013347625732,1
deep_ssl_strict,7E,0.9931300282478333,1
deep_ssl_strict,7E,0.9949679970741272,1
deep_ssl_strict,7E,0.9744558334350586,1
deep_ssl_strict,7E,0.9161122441291809,1
deep_ssl_strict,7E,0.9934032559394836,1
deep_ssl_strict,7E,0.9938061237335205,1
deep_ssl_strict,7E,0.9959251880645752,1
deep_ssl_strict,7E,0.9934397339820862,1
deep_ssl_strict,7E,0.9949387311935425,1
deep_ssl_strict,7E,0.9953396320343018,1
deep_ssl_strict,7E,0.95406574010849,1
deep_ssl_strict,7E,0.9218736886978149,1
deep_ssl_strict,7E,0.9941611886024475,1
deep_ssl_strict,7E,0.9975396394729614,1
deep_ssl_strict,7E,0.9752262830734253,1
deep_ssl_strict,7E,0.9142443537712097,1
deep_ssl_strict,7E,0.9830410480499268,1
deep_ssl_strict,7E,0.9907804131507874,1
deep_ssl_strict,7E,0.9499979019165039,1
deep_ssl_strict,7E,0.8824664950370789,1
deep_ssl_strict,7E,0.8690073490142822,1
deep_ssl_strict,7E,0.788709819316864,1
deep_ssl_strict,7E,0.9621777534484863,1
deep_ssl_strict,7E,0.9091786742210388,1
deep_ssl_strict,7E,0.9576787352561951,0
deep_ssl_strict,7E,0.9577891826629639,0
deep_ssl_strict,7E,0.9736420512199402,0
deep_ssl_strict,7E,0.9468328952789307,0
deep_ssl_strict,7E,0.9154354929924011,0
deep_ssl_strict,7E,0.8624998331069946,0
deep_ssl_strict,7E,0.8435665369033813,0
deep_ssl_strict,7E,0.9745907783508301,0
deep_ssl_strict,7E,0.7739484310150146,0
deep_ssl_strict,7E,0.49049314856529236,0
deep_ssl_strict,7E,0.7811576128005981,0
deep_ssl_strict,7E,0.8873032927513123,0
deep_ssl_strict,7E,0.9701412916183472,0
deep_ssl_strict,7E,0.9941909909248352,0
deep_ssl_strict,7E,0.9798808693885803,0
deep_ssl_strict,7E,0.7568722367286682,0
deep_ssl_strict,7E,0.9345072507858276,0
deep_ssl_strict,7E,0.9642737507820129,0
deep_ssl_strict,7E,0.9099137783050537,0
deep_ssl_strict,7E,0.9195625185966492,0
deep_ssl_strict,7E,0.9789258241653442,0
deep_ssl_strict,7E,0.9771414399147034,0
deep_ssl_strict,7E,0.9824366569519043,0
deep_ssl_strict,7E,0.9656093716621399,0
deep_ssl_strict,7E,0.4495609700679779,0
deep_ssl_strict,7E,0.9031808376312256,0
deep_ssl_strict,7E,0.9255276918411255,0
deep_ssl_strict,7E,0.9849461317062378,0
deep_ssl_strict,7E,0.975734293460846,0
deep_ssl_strict,7E,0.9713758826255798,0
deep_ssl_strict,7E,0.9805172085762024,0
gb,83,0.8287610787969536,1
gb,83,0.7794591914293224,1
gb,83,0.7637415489648876,1
gb,83,0.7577327681788536,1
gb,83,0.7263718448339636,1
gb,83,0.7323181860133646,1
gb,83,0.6963085124166332,1
gb,83,0.7559236928102314,1
gb,83,0.7597978845997218,1
gb,83,0.7762181707156127,1
gb,83,0.8459707638370966,1
gb,83,0.8854688571464877,1
gb,83,0.8471417849512114,1
gb,83,0.8800238656155264,1
gb,83,0.783219256857503,1
gb,83,0.814412838033416,1
gb,83,0.8833080245758308,1
gb,83,0.8702267498930283,1
gb,83,0.9135826285704851,1
gb,83,0.8609142185837876,1
gb,83,0.8852710760934507,1
gb,83,0.8746262886598117,1
gb,83,0.8719302137809561,1
gb,83,0.8857159469813776,1
gb,83,0.92352277855658,1
gb,83,0.8277255388671708,1
gb,83,0.8511928880095797,1
gb,83,0.9213094129601797,1
gb,83,0.8932604311244957,1
gb,83,0.8975786991371241,1
gb,83,0.8975212169068573,1
gb,83,0.8865658507151841,1
gb,83,0.9057593414815024,1
gb,83,0.8772989944961308,1
gb,83,0.8420301701512422,1
gb,83,0.8753668294979574,1
gb,83,0.8399105501572461,1
gb,83,0.7165628394245236,1
gb,83,0.7687260827359257,1
gb,83,0.7369180552866389,1
gb,83,0.7739525190657077,1
gb,83,0.8108665203240341,1
gb,83,0.7772711137938584,1
gb,83,0.7307208369967024,1
gb,83,0.7689125899476696,1
gb,83,0.7843833380706667,1
gb,83,0.7943487963447733,1
gb,83,0.8102591507790624,1
gb,83,0.7565167086423468,1
gb,83,0.8939146321659494,1
gb,83,0.8836682142679746,1
gb,83,0.8112470476812419,1
gb,83,0.7505299206596829,1
gb,83,0.7650092972601901,1
gb,83,0.7530247677015944,1
gb,83,0.6914606301168338,1
gb,83,0.7331978139870656,1
gb,83,0.8092192316683112,1
gb,83,0.7605329873342905,1
gb,83,0.7656783141186855,1
gb,83,0.6994778575923478,1
gb,83,0.766151228252322,1
gb,83,0.6976431921269286,1
gb,83,0.8324587369701052,1
gb,83,0.6961620468639402,1
gb,83,0.7138447471881687,1
gb,83,0.7108498109585891,1
gb,83,0.7280745201870331,1
gb,83,0.8320823761873178,1
gb,83,0.8024908060964178,1
gb,83,0.784394536811869,1
gb,83,0.7678150799110555,1
gb,83,0.783812757932279,1
gb,83,0.8137099061197703,1
gb,83,0.8071936142277619,1
gb,83,0.7913439101494888,1
gb,83,0.7259442560359339,1
gb,83,0.791159028064708,1
gb,83,0.7525291029448293,1
gb,83,0.7469333113335448,1
gb,83,0.7312038214808307,1
gb,83,0.8496556609560869,1
gb,83,0.8404713016313294,1
gb,83,0.8830020176320218,1
gb,83,0.7719442159703773,1
gb,83,0.7575229317926164,1
gb,83,0.791813482619996,1
gb,83,0.8842334656960968,1
gb,83,0.7194437574623884,1
gb,83,0.848032130968446,1
gb,83,0.9294954243331818,1
gb,83,0.7281760062398209,1
gb,83,0.7593632679343131,1
gb,83,0.7698027124671164,1
gb,83,0.8555461752935205,1
gb,83,0.8793992522362122,1
gb,83,0.841947406093064,1
gb,83,0.87696980496844,1
gb,83,0.8941200112669897,1
gb,83,0.8937434833168855,1
gb,83,0.8536320753428368,1
gb,83,0.9106450334378212,1
gb,83,0.9167489454971997,1
gb,83,0.8837478081651091,1
gb,83,0.9166087876678425,1
gb,83,0.909719156172362,1
gb,83,0.7389098867288765,1
gb,83,0.82339148260892,1
gb,83,0.7972596298134131,1
gb,83,0.6913217285709718,1
gb,83,0.7930877745475957,1
gb,83,0.9340741642380461,1
gb,83,0.8296802068416662,1
gb,83,0.7627829623020139,1
gb,83,0.879650931574602,1
gb,83,0.8484483279813969,1
gb,83,0.7843121877704127,1
gb,83,0.8825358375329416,1
gb,83,0.843381016124395,1
gb,83,0.8351536504440074,1
gb,83,0.7961890075328996,1
gb,83,0.7504606092359518,1
gb,83,0.7977486278692074,1
gb,83,0.7851273218931116,1
gb,83,0.8696037614771083,1
gb,83,0.935975459637209,1
gb,83,0.9347281248299286,1
gb,83,0.9419427641075055,1
gb,83,0.9376330092441203,1
gb,83,0.7309794604079548,1
gb,83,0.835699151932,1
gb,83,0.7112190588751666,1
gb,83,0.7343737074402691,1
gb,83,0.8014354090775964,1
gb,83,0.7921250743954047,1
gb,83,0.781104100665479,1
gb,83,0.7979737810004217,1
gb,83,0.8046547798983498,1
gb,83,0.7902593088178969,1
gb,83,0.905912272593083,1
gb,83,0.8207468643221917,1
gb,83,0.8521929854357257,1
gb,83,0.7895201913223582,1
gb,83,0.8309974857152118,1
gb,83,0.8242736565292157,1
gb,83,0.7142505562867929,1
gb,83,0.8414942696714452,1
gb,83,0.8374799783670498,1
gb,83,0.8038514551458356,1
gb,83,0.75311017130174,1
gb,83,0.8161422318322289,1
gb,83,0.8443339648767926,1
gb,83,0.7971933272128469,1
gb,83,0.7563835219635466,1
gb,83,0.82125897417687,1
gb,83,0.8127632017147246,1
gb,83,0.8400163336922261,1
gb,83,0.8378088779130203,1
gb,83,0.8795725112297008,1
gb,83,0.9388825213483265,1
gb,83,0.7556445350430595,1
gb,83,0.7404926018709493,1
gb,83,0.8480336494397845,1
gb,83,0.8464716377652584,1
gb,83,0.8420128594977969,0
gb,83,0.8393846543150515,0
gb,83,0.7703902468016814,0
gb,83,0.7412503298384413,0
gb,83,0.8307328115873426,0
gb,83,0.8023963529493651,0
gb,83,0.7132735030831451,0
gb,83,0.7372941892073347,0
gb,83,0.7467482613486024,0
gb,83,0.7041664003696375,0
gb,83,0.7188527585747402,0
gb,83,0.8024613550070276,0
gb,83,0.7940118074116035,0
gb,83,0.8266687742458322,0
gb,83,0.7496217400562325,0
gb,83,0.7908583475269375,0
gb,83,0.8351413148367365,0
gb,83,0.7868451195402597,0
gb,83,0.7968860570115132,0
gb,83,0.7611890174380535,0
gb,83,0.7772714196992606,0
gb,83,0.7408602809719613,0
gb,83,0.7955161979076548,0
gb,83,0.7604003807517934,0
gb,83,0.7696795884339303,0
gb,83,0.7800623357980078,0
gb,83,0.8643852953477177,0
gb,83,0.843468441984253,0
gb,83,0.799998947756157,0
gb,83,0.8625950795053685,0
gb,83,0.8216786129334602,0
gb,83,0.7745292722622316,0
gb,83,0.7678893295438827,0
gb,83,0.770393432532786,0
gb,83,0.7708632580066609,0
gb,83,0.7441678011473932,0
gb,83,0.7738210190088924,0
gb,83,0.7591096503017108,0
gb,83,0.7808261123995316,0
gb,83,0.7345764602070834,0
gb,83,0.7755508517471951,0
gb,83,0.7893111005962459,0
gb,83,0.7486858005675764,0
gb,83,0.6678248670234266,0
gb,83,0.833576800302252,0
gb,83,0.8077930410930301,0
gb,83,0.871562063476724,0
gb,83,0.8010899057613704,0
gb,83,0.8814959986084074,0
gb,83,0.8121451880721444,0
gb,83,0.8031423314343001,0
gb,83,0.8092357103679524,0
gb,83,0.852396837310158,0
gb,83,0.8118473309697269,0
gb,83,0.8599840846767274,0
gb,83,0.7848532731690703,0
gb,83,0.6774596412720857,0
gb,83,0.7522297693496098,1
gb,83,0.7130779875100437,1
gb,83,0.8471952082594533,1
gb,83,0.6830471200130976,1
gb,83,0.8843535408244368,1
gb,83,0.820682664819181,1
gb,83,0.878799578442179,1
gb,83,0.8657020655994574,0
gb,83,0.8744523401192833,0
gb,83,0.8241710175788913,0
gb,83,0.8241710175788913,0
gb,83,0.8255450887220998,0
gb,83,0.8555292045011413,0
gb,83,0.8687001906387719,0
gb,83,0.8960516023518162,0
gb,83,0.868842484745825,0
gb,83,0.9215777152802532,0
gb,83,0.9177521480975921,0
gb,83,0.9167185030378012,0
gb,83,0.8977449483248121,0
gb,83,0.907070025962541,0
gb,83,0.5447455867756386,1
gb,83,0.4663083217634538,1
gb,83,0.8138262953610933,1
gb,83,0.8138262953610933,1
gb,83,0.788466804479961,1
gb,83,0.951808400497857,1
gb,83,0.7655723661772736,1
gb,83,0.8753998256705033,0
gb,83,0.8334912620726546,0
gb,83,0.8167591343624746,0
gb,83,0.7903167086228954,0
gb,83,0.8400508937477681,0
gb,83,0.7726885808321499,0
gb,83,0.8094851318269606,0
gb,83,0.846977106826186,0
gb,83,0.846977106826186,0
gb,83,0.8259805790723626,0
gb,83,0.7753020220042741,0
gb,83,0.8480574187052228,0
gb,83,0.7381330242002677,0
gb,83,0.8655608197184306,0
gb,83,0.828780413791734,1
gb,83,0.9340847388691279,1
gb,83,0.916786742398407,1
gb,83,0.923000578541291,1
gb,83,0.8999931068530095,1
gb,83,0.9228831425471136,1
gb,83,0.8865940521591618,1
gb,83,0.9307906678114941,1
gb,83,0.9027412212743767,1
gb,83,0.9331000773961187,1
gb,83,0.9277551666321843,1
gb,83,0.8461752496441811,1
gb,83,0.8863300877477928,1
gb,83,0.9039157661008573,1
gb,83,0.8836353124421618,1
gb,83,0.9067413615703941,1
gb,83,0.9145477414137908,1
gb,83,0.8861624923308048,1
gb,83,0.9105744429191375,1
gb,83,0.7726851792475822,1
gb,83,0.8847754699525424,1
gb,83,0.8989791876415599,1
gb,83,0.8594397557660347,1
gb,83,0.9040105581788418,1
gb,83,0.8983807939263138,1
gb,83,0.9183312839595792,1
gb,83,0.9287194767352005,1
gb,83,0.9334205473798919,1
gb,83,0.9192547022410715,1
gb,83,0.9122684380546572,1
gb,83,0.9418334405577158,1
gb,83,0.9349428339812976,1
gb,83,0.9509800604679424,1
gb,83,0.946498286646035,1
gb,83,0.9636262310866432,1
gb,83,0.953551414232606,1
gb,83,0.9611750816120986,1
gb,83,0.952290296581078,1
gb,83,0.9250875721908586,1
gb,83,0.9299258576536675,1
gb,83,0.9135423621906341,1
gb,83,0.9447959788803793,1
gb,83,0.9354797353660751,1
gb,83,0.8668919554275494,1
gb,83,0.7059397177708929,1
gb,83,0.8612810561678557,1
gb,83,0.8121861146264645,1
gb,83,0.8260881242378556,1
gb,83,0.8164590182805047,1
gb,83,0.8430826088400252,1
gb,83,0.848636981825013,1
gb,83,0.7953946725840576,1
gb,83,0.7538208217941677,1
gb,83,0.8230458624989136,1
gb,83,0.8051077727712568,1
gb,83,0.7038696113899419,1
gb,83,0.6013885336689871,1
gb,83,0.8311952070883546,1
gb,83,0.9095268818466239,1
gb,83,0.9051332955959392,1
gb,83,0.8593704781877695,1
gb,83,0.8771383136053934,1
gb,83,0.9157174490235127,1
gb,83,0.8232559525136063,1
gb,83,0.6763120882977328,1
gb,83,0.8535979708431425,1
gb,83,0.8762428090147435,1
gb,83,0.918201201011583,1
gb,83,0.9202672666940787,1
gb,83,0.9381468739355062,1
gb,83,0.8691994746881964,1
gb,83,0.7717086169600961,1
gb,83,0.8164316225522023,1
gb,83,0.7423558357516955,1
gb,83,0.7979332343238767,1
gb,83,0.8075498064498106,1
gb,83,0.8128152441857204,1
gb,83,0.8050156889222462,1
gb,83,0.7936637607394572,1
gb,83,0.7675192055255291,1
gb,83,0.8344399621858035,1
gb,83,0.7987572313805867,1
gb,83,0.8328868523977031,1
gb,83,0.8240023551816298,1
gb,83,0.8859285184123628,1
gb,83,0.828595751256096,1
gb,83,0.7989410651769502,1
gb,83,0.6740352417942294,1
gb,83,0.8602233420949958,1
gb,83,0.9402679815139028,1
gb,83,0.8961021602719221,1
gb,83,0.9223252159370556,1
gb,83,0.7778250368876002,1
gb,83,0.7764463992993227,1
gb,83,0.8770317657209563,1
gb,83,0.7632366668152647,1
gb,83,0.8066450726139642,1
gb,83,0.8355083515373132,1
gb,83,0.7845289966777731,1
gb,83,0.8103928816418488,1
gb,83,0.813746985265177,1
gb,83,0.813746985265177,1
gb,83,0.7856650982139353,1
gb,83,0.7809058841886309,1
gb,83,0.8531237892508637,1
gb,83,0.7538228659047839,1
gb,83,0.8209354201214414,1
gb,83,0.8908745551123827,1
gb,83,0.8179569980637981,1
gb,83,0.6844180770969818,1
gb,83,0.9356405821872431,1
gb,83,0.9290946798335109,1
gb,83,0.9514488483655165,1
gb,83,0.9602874897843032,1
gb,83,0.8937338962210583,1
gb,83,0.88113154224135,1
gb,83,0.8731666019867788,1
gb,83,0.8147109309921767,1
gb,83,0.6697960310340165,1
gb,83,0.8440134507352846,1
gb,83,0.7792905665542303,1
gb,83,0.7726324280747623,1
gb,83,0.789395032082977,1
gb,83,0.8658269925806136,1
gb,83,0.7886379855881116,1
gb,83,0.7791003243407864,1
gb,83,0.8232298699784,1
gb,83,0.8076351635366417,1
gb,83,0.8125484538065736,1
gb,83,0.7993285338610876,1
gb,83,0.7798779354097568,1
gb,83,0.8736589486529537,1
gb,83,0.7925192887215415,1
gb,83,0.783812757932279,1
gb,83,0.8533335563444886,1
gb,83,0.7861517380308046,1
gb,83,0.8200478427364233,1
gb,83,0.7445388309637523,1
gb,83,0.7464855563327899,1
gb,83,0.7829859772516764,1
gb,83,0.7544848657337833,1
gb,83,0.7911861125393881,1
gb,83,0.7946524206981748,1
gb,83,0.7690131043244371,1
gb,83,0.8221374949583755,1
gb,83,0.7823349646688648,1
gb,83,0.830746410911298,1
gb,83,0.7845408172315238,1
gb,83,0.7801978008335525,1
gb,83,0.7842776750820171,1
gb,83,0.8140718952476473,1
gb,83,0.777444609835201,1
gb,83,0.7560914061957456,1
gb,83,0.8263229436976345,1
gb,83,0.8039406918912029,1
gb,83,0.7663985461890491,1
gb,83,0.8108550817011685,1
gb,83,0.7775269942773342,1
gb,83,0.8607810473455331,1
gb,83,0.8821398358187695,1
gb,83,0.7483959780801827,1
gb,83,0.8111972696808358,1
gb,83,0.7963044339276498,1
gb,83,0.8257104301714827,1
gb,83,0.78804432728967,1
gb,83,0.7662797543448052,1
gb,83,0.8336656628185125,1
gb,83,0.7687414682410001,1
gb,83,0.524736122198967,1
gb,83,0.7794591914293224,1
gb,83,0.7931053775155374,1
gb,83,0.755397362714367,1
gb,83,0.8180732468170928,1
gb,83,0.7901416652551296,1
gb,83,0.8691270333435048,1
gb,83,0.8519718268522563,1
gb,83,0.8115567529840224,1
gb,83,0.7068818328628184,1
gb,83,0.7962342957437487,1
gb,83,0.7342128781863718,1
gb,83,0.8191723270354625,1
gb,83,0.7721957878372212,1
gb,83,0.7890339634503762,1
gb,83,0.8147533348293731,1
gb,83,0.8747360037119792,1
gb,83,0.907372497305304,1
gb,83,0.918336221611796,1
gb,83,0.8223149858340173,1
gb,83,0.8367199185433759,1
gb,83,0.8084298679119608,1
gb,83,0.773374181130924,1
gb,83,0.8236840852836861,1
gb,83,0.8235416195804668,1
gb,83,0.6168366536182309,1
gb,83,0.9173952183116406,1
gb,83,0.9272332319147775,1
gb,83,0.9063946253306596,1
gb,83,0.9068174788392557,1
gb,83,0.8559658001912324,1
gb,83,0.8395940394705992,1
gb,83,0.7113353817775624,1
gb,83,0.7831343725257583,1
gb,83,0.8090006257393612,1
gb,83,0.8542081322018151,1
gb,83,0.8942691565529896,1
gb,83,0.742005687850619,1
gb,83,0.7710242074139884,1
gb,83,0.8085146778354557,1
gb,83,0.8470780522691471,1
gb,83,0.8717450798591998,1
gb,83,0.7723857596043036,1
gb,83,0.7754385065638316,1
gb,83,0.8436417965942797,1
gb,83,0.834608409900517,1
gb,83,0.7589609402263316,1
gb,83,0.7681873566704275,1
gb,83,0.8250528767466274,1
gb,83,0.8031146917163123,1
gb,83,0.8865076996946609,1
gb,83,0.9075049879055106,1
gb,83,0.9028583160177778,1
gb,83,0.8414015666080288,1
gb,83,0.846977106826186,1
gb,83,0.678716544344543,1
gb,83,0.9138402055834439,1
gb,83,0.8480079522762725,1
gb,83,0.881596331859078,1
gb,83,0.9278869303906917,1
gb,83,0.9073158369139993,1
gb,83,0.9025952684336427,1
gb,83,0.9143206237453514,1
gb,83,0.9284160835760528,1
gb,83,0.9009276207223699,1
gb,83,0.899453740829032,1
gb,83,0.8841056494370522,1
gb,83,0.8959567358393182,1
gb,83,0.9167384450402402,1
gb,83,0.9113677636611236,1
gb,83,0.9029653503508626,1
gb,83,0.7709548264106213,1
gb,83,0.7905828394561616,1
gb,83,0.7278929129622447,1
gb,83,0.801672675201318,1
gb,83,0.826828056039467,1
gb,83,0.8376332903440297,1
gb,83,0.8637976008943372,1
gb,83,0.8757217908754442,1
gb,83,0.8250857783403327,1
gb,83,0.8442854302475111,1
gb,83,0.7275014699565054,1
gb,83,0.7294444715873828,1
gb,83,0.8225830722238141,1
gb,83,0.7579654759544882,1
gb,83,0.8591588173166295,1
gb,83,0.8692895003106673,1
gb,83,0.8288606946365322,1
gb,83,0.8282011385953603,1
gb,83,0.7838227051230303,1
gb,83,0.7923735591256396,1
gb,83,0.7922265366090024,1
gb,83,0.9033731948940358,1
gb,83,0.8641471116025979,1
gb,83,0.9027383210104746,1
gb,83,0.8184472391342824,1
gb,83,0.8538706869825757,1
gb,83,0.9217644624564376,1
gb,83,0.8929582869607697,1
gb,83,0.9010034806136881,1
gb,83,0.8814721203296891,1
gb,83,0.8616928150104176,1
gb,83,0.8005295721538531,1
gb,83,0.9113511240169181,1
gb,83,0.8844990173782202,1
gb,83,0.8654810720066716,1
gb,83,0.8135156277939332,1
gb,83,0.8810463184806713,1
gb,83,0.8901153422212428,1
gb,83,0.8983568866661987,1
gb,83,0.8173306205625056,1
gb,83,0.7975318356891579,1
gb,83,0.9242523197484358,1
gb,83,0.8427816864863656,1
gb,83,0.8754164203372962,1
gb,83,0.8599347286716668,1
gb,83,0.902088770103596,1
gb,83,0.8752375058850759,1
gb,83,0.7431594798058818,1
gb,83,0.8294192402034061,1
gb,83,0.804991726783316,1
gb,83,0.8217983663358253,1
gb,83,0.7366670187731876,1
gb,83,0.7853785891257442,1
gb,83,0.7848731294999103,1
gb,83,0.7233799026562644,1
gb,83,0.9091172909717234,1
gb,83,0.8993413187885099,1
gb,83,0.8957046412627808,1
gb,83,0.8685472085862663,1
gb,83,0.8775105702588972,1
gb,83,0.831278084530756,1
gb,83,0.9224127047479477,1
gb,83,0.8621124687121173,1
gb,83,0.9194380657878061,1
gb,83,0.8727546286496191,1
gb,83,0.8772279676469235,1
gb,83,0.904448852782771,1
gb,83,0.8754778944718219,1
gb,83,0.8524903659210573,1
gb,83,0.8552105882545921,1
gb,83,0.8800084257630415,1
gb,83,0.8661730138549425,1
gb,83,0.86611525635965,1
gb,83,0.7822336326063707,1
gb,83,0.792622804178654,1
gb,83,0.879010878729095,1
gb,83,0.8072360683152964,1
gb,83,0.8073034714101547,1
gb,83,0.8320206967287349,1
gb,83,0.8057699748499614,1
gb,83,0.7023407894333809,1
gb,83,0.8620267034563648,1
gb,83,0.8363569190926222,1
gb,83,0.8307729643954569,1
gb,83,0.9077129300223448,1
gb,83,0.7782169415389036,1
gb,83,0.8519327800559545,1
gb,83,0.8391075593683948,1
gb,83,0.8647065198339939,1
gb,83,0.8975479231281112,1
gb,83,0.9234459725898216,1
gb,83,0.9211261483296094,1
gb,83,0.9008769660799132,1
gb,83,0.815935481593872,1
gb,83,0.9232396280845446,1
gb,83,0.8719891833654763,1
gb,83,0.7964959671603774,1
gb,83,0.8986040504260194,1
gb,83,0.8202221095820892,1
gb,83,0.8982554680536334,1
gb,83,0.89306448185748,1
gb,83,0.8916293056938409,1
gb,83,0.7452674721144239,1
gb,83,0.7844720566794392,1
gb,83,0.8526278764287176,1
gb,83,0.8933054132297678,1
gb,83,0.9054715237131098,1
gb,83,0.9252659127050485,1
gb,83,0.8849849021253284,1
gb,83,0.9313674776048524,1
gb,83,0.8496116166341681,1
gb,83,0.7997095923446097,1
gb,83,0.9093060020579934,1
gb,83,0.9302551038936443,1
gb,83,0.916300230009051,1
gb,83,0.7972129376806822,1
gb,83,0.9048995414749631,1
gb,83,0.9371856206751745,1
gb,83,0.8914238851038447,1
gb,83,0.6308060740892968,1
gb,83,0.8713640649023321,1
gb,83,0.9367622582006417,1
gb,83,0.9138318780747344,1
gb,83,0.7813412409162533,1
gb,83,0.8595742846009194,1
gb,83,0.8463611426500747,1
gb,83,0.8089229899761372,1
gb,83,0.6978169901991944,1
gb,83,0.86691968743581,1
gb,83,0.8638763642773887,1
gb,83,0.9245451956273162,1
gb,83,0.8456785358523791,1
gb,83,0.9672307842960999,1
gb,83,0.97394534812051,1
gb,83,0.9440468066047335,1
gb,83,0.9180298176089392,1
gb,83,0.9290600562081557,1
gb,83,0.32199370669193844,1
gb,83,0.9318982823611046,1
gb,83,0.9691761922328244,1
gb,83,0.9707100928753145,1
gb,83,0.9702188269001156,1
gb,83,0.9734241588857703,1
gb,83,0.7967379450477008,1
gb,83,0.8347237519417953,1
gb,83,0.8261098272567152,1
gb,83,0.7862302560460386,1
gb,83,0.8703191481519345,1
gb,83,0.739727071919508,1
gb,83,0.796964034553952,1
gb,83,0.7238549646696248,1
gb,83,0.5911909910313122,1
gb,83,0.8798836582269668,1
gb,83,0.8904164356849767,1
gb,83,0.9093834106716044,1
gb,83,0.9034107309526647,1
gb,83,0.9239555260306422,1
gb,83,0.9286991022418714,1
gb,83,0.9294453647182508,1
gb,83,0.9369478299365307,1
gb,83,0.9443785274565434,1
gb,83,0.8030883724718133,1
gb,83,0.9245882041540167,1
gb,83,0.9649509673420603,1
gb,83,0.9423511496649637,1
gb,83,0.928181255481511,1
gb,83,0.9445135335730573,1
gb,83,0.8940851823547978,1
gb,83,0.9659614907790456,1
gb,83,0.881470650652728,1
gb,83,0.8946849808168246,1
gb,83,0.8576984673761099,1
gb,83,0.8603640515630548,1
gb,83,0.8676348948258102,1
gb,83,0.8650449569855059,1
gb,83,0.8973741741151395,1
gb,83,0.921640771941228,1
gb,83,0.86930320374873,1
gb,83,0.8927700507650075,1
gb,83,0.9163200440357936,1
gb,83,0.8209319596187098,1
gb,83,0.9035540540957596,1
gb,83,0.9164323854112989,1
gb,83,0.9260860539912977,1
gb,83,0.8935575297407933,1
gb,83,0.9232907875070065,1
gb,83,0.9216117372134053,1
gb,83,0.922214381827575,1
gb,83,0.9412291530487127,1
gb,83,0.9483976333275315,1
gb,83,0.9538582264817875,1
gb,83,0.9222893028499524,1
gb,83,0.8866547424566137,1
gb,83,0.8996907521976151,1
gb,83,0.8441929281935882,1
gb,83,0.823297914536916,1
gb,83,0.8749862024924157,1
gb,83,0.8794867374632677,1
gb,83,0.894308340108265,1
gb,83,0.8983807939263138,1
gb,83,0.7985635687122817,1
gb,83,0.7956162860171389,1
gb,83,0.8886288341343227,1
gb,83,0.9089223677616466,1
gb,83,0.7962364271795581,1
gb,83,0.8344827870381784,1
gb,83,0.8368976833133617,1
gb,83,0.7925967375118746,1
gb,83,0.8156435304314839,1
gb,83,0.8903196090372629,1
gb,83,0.8855024263733038,1
gb,83,0.9176666343009688,1
gb,83,0.9252908680106575,1
deep_ssl_strict,83,0.5577438473701477,1
deep_ssl_strict,83,0.9672713875770569,1
deep_ssl_strict,83,0.9386270046234131,1
deep_ssl_strict,83,0.8846429586410522,1
deep_ssl_strict,83,0.833817183971405,1
deep_ssl_strict,83,0.7592338919639587,1
deep_ssl_strict,83,0.8147484660148621,1
deep_ssl_strict,83,0.5069657564163208,1
deep_ssl_strict,83,0.5043846964836121,1
deep_ssl_strict,83,0.8100026845932007,1
deep_ssl_strict,83,0.6985617280006409,1
deep_ssl_strict,83,0.4428970217704773,1
deep_ssl_strict,83,0.786281168460846,1
deep_ssl_strict,83,0.36838045716285706,1
deep_ssl_strict,83,0.8727988600730896,1
deep_ssl_strict,83,0.923694372177124,1
deep_ssl_strict,83,0.9057076573371887,1
deep_ssl_strict,83,0.9532564282417297,1
deep_ssl_strict,83,0.9316052794456482,1
deep_ssl_strict,83,0.9085267186164856,1
deep_ssl_strict,83,0.7807904481887817,1
deep_ssl_strict,83,0.7014164328575134,1
deep_ssl_strict,83,0.4912111759185791,1
deep_ssl_strict,83,0.2020033597946167,1
deep_ssl_strict,83,0.37463536858558655,1
deep_ssl_strict,83,0.4996279776096344,1
deep_ssl_strict,83,0.3052804172039032,1
deep_ssl_strict,83,0.9873480796813965,1
deep_ssl_strict,83,0.9974178075790405,1
deep_ssl_strict,83,0.9852724671363831,1
deep_ssl_strict,83,0.9033074378967285,1
deep_ssl_strict,83,0.915443480014801,1
deep_ssl_strict,83,0.9088526368141174,1
deep_ssl_strict,83,0.8833722472190857,1
deep_ssl_strict,83,0.7029241919517517,1
deep_ssl_strict,83,0.8665350079536438,1
deep_ssl_strict,83,0.20190419256687164,1
deep_ssl_strict,83,0.43336042761802673,1
deep_ssl_strict,83,0.6831396222114563,1
deep_ssl_strict,83,0.8523667454719543,1
deep_ssl_strict,83,0.8107672929763794,1
deep_ssl_strict,83,0.7468165755271912,1
deep_ssl_strict,83,0.6715878248214722,1
deep_ssl_strict,83,0.46329519152641296,1
deep_ssl_strict,83,0.912217915058136,1
deep_ssl_strict,83,0.8007951378822327,1
deep_ssl_strict,83,0.9342372417449951,1
deep_ssl_strict,83,0.6903594136238098,1
deep_ssl_strict,83,0.8015122413635254,1
deep_ssl_strict,83,0.9399078488349915,1
deep_ssl_strict,83,0.9689239263534546,1
deep_ssl_strict,83,0.7693092226982117,1
deep_ssl_strict,83,0.6857118010520935,1
deep_ssl_strict,83,0.9485860466957092,1
deep_ssl_strict,83,0.9076297283172607,1
deep_ssl_strict,83,0.551343560218811,1
deep_ssl_strict,83,0.5666309595108032,1
deep_ssl_strict,83,0.31982311606407166,1
deep_ssl_strict,83,0.3804417848587036,1
deep_ssl_strict,83,0.5562958121299744,1
deep_ssl_strict,83,0.17065934836864471,1
deep_ssl_strict,83,0.1535627394914627,1
deep_ssl_strict,83,0.6481289863586426,1
deep_ssl_strict,83,0.4540872573852539,1
deep_ssl_strict,83,0.48074400424957275,1
deep_ssl_strict,83,0.8579349517822266,1
deep_ssl_strict,83,0.9142382740974426,1
deep_ssl_strict,83,0.7019664645195007,1
deep_ssl_strict,83,0.6356282830238342,1
deep_ssl_strict,83,0.13720962405204773,1
deep_ssl_strict,83,0.3445330560207367,1
deep_ssl_strict,83,0.41106724739074707,1
deep_ssl_strict,83,0.5427272319793701,1
deep_ssl_strict,83,0.4395875930786133,1
deep_ssl_strict,83,0.6483139395713806,1
deep_ssl_strict,83,0.694904088973999,1
deep_ssl_strict,83,0.4305794835090637,1
deep_ssl_strict,83,0.9762182235717773,1
deep_ssl_strict,83,0.9499077796936035,1
deep_ssl_strict,83,0.9359557032585144,1
deep_ssl_strict,83,0.8394671678543091,1
deep_ssl_strict,83,0.8436881303787231,1
deep_ssl_strict,83,0.8790338039398193,1
deep_ssl_strict,83,0.7891725897789001,1
deep_ssl_strict,83,0.6878174543380737,1
deep_ssl_strict,83,0.5640448331832886,1
deep_ssl_strict,83,0.35706838965415955,1
deep_ssl_strict,83,0.310260534286499,1
deep_ssl_strict,83,0.14219583570957184,1
deep_ssl_strict,83,0.3271985650062561,1
deep_ssl_strict,83,0.4902845621109009,1
deep_ssl_strict,83,0.3225089907646179,1
deep_ssl_strict,83,0.7144460082054138,1
deep_ssl_strict,83,0.4779050946235657,1
deep_ssl_strict,83,0.7108747959136963,1
deep_ssl_strict,83,0.4039769172668457,1
deep_ssl_strict,83,0.9753368496894836,1
deep_ssl_strict,83,0.9344834089279175,1
deep_ssl_strict,83,0.6140277981758118,1
deep_ssl_strict,83,0.5259084105491638,1
deep_ssl_strict,83,0.17393319308757782,1
deep_ssl_strict,83,0.19443053007125854,1
deep_ssl_strict,83,0.24670054018497467,1
deep_ssl_strict,83,0.46441376209259033,1
deep_ssl_strict,83,0.32205137610435486,1
deep_ssl_strict,83,0.7072227597236633,1
deep_ssl_strict,83,0.37055784463882446,1
deep_ssl_strict,83,0.07264893501996994,1
deep_ssl_strict,83,0.031617630273103714,1
deep_ssl_strict,83,0.6500803828239441,1
deep_ssl_strict,83,0.5590164661407471,1
deep_ssl_strict,83,0.534063994884491,1
deep_ssl_strict,83,0.7884348034858704,1
deep_ssl_strict,83,0.3601101338863373,1
deep_ssl_strict,83,0.4392686188220978,1
deep_ssl_strict,83,0.529761552810669,1
deep_ssl_strict,83,0.5108726620674133,1
deep_ssl_strict,83,0.48854416608810425,1
deep_ssl_strict,83,0.1015324741601944,1
deep_ssl_strict,83,0.9280908703804016,1
deep_ssl_strict,83,0.9638760089874268,1
deep_ssl_strict,83,0.23031428456306458,1
deep_ssl_strict,83,0.5658794045448303,1
deep_ssl_strict,83,0.6284856796264648,1
deep_ssl_strict,83,0.9111985564231873,1
deep_ssl_strict,83,0.9924069046974182,1
deep_ssl_strict,83,0.9954797029495239,1
deep_ssl_strict,83,0.9975288510322571,1
deep_ssl_strict,83,0.9987542629241943,1
deep_ssl_strict,83,0.9131620526313782,1
deep_ssl_strict,83,0.8693807721138,1
deep_ssl_strict,83,0.8873359560966492,1
deep_ssl_strict,83,0.9751030802726746,1
deep_ssl_strict,83,0.9422337412834167,1
deep_ssl_strict,83,0.915968120098114,1
deep_ssl_strict,83,0.9922993779182434,1
deep_ssl_strict,83,0.9378922581672668,1
deep_ssl_strict,83,0.9026541709899902,1
deep_ssl_strict,83,0.5267607569694519,1
deep_ssl_strict,83,0.9257176518440247,1
deep_ssl_strict,83,0.9665079116821289,1
deep_ssl_strict,83,0.9569299817085266,1
deep_ssl_strict,83,0.9361863732337952,1
deep_ssl_strict,83,0.7662740349769592,1
deep_ssl_strict,83,0.8054778575897217,1
deep_ssl_strict,83,0.9153479933738708,1
deep_ssl_strict,83,0.9128661155700684,1
deep_ssl_strict,83,0.9501442909240723,1
deep_ssl_strict,83,0.9633634686470032,1
deep_ssl_strict,83,0.970037043094635,1
deep_ssl_strict,83,0.9843109250068665,1
deep_ssl_strict,83,0.9744507670402527,1
deep_ssl_strict,83,0.9847921133041382,1
deep_ssl_strict,83,0.9231024980545044,1
deep_ssl_strict,83,0.9662739634513855,1
deep_ssl_strict,83,0.899931013584137,1
deep_ssl_strict,83,0.9334843754768372,1
deep_ssl_strict,83,0.9104843139648438,1
deep_ssl_strict,83,0.9832668304443359,1
deep_ssl_strict,83,0.9721587300300598,1
deep_ssl_strict,83,0.9843795895576477,1
deep_ssl_strict,83,0.7822340726852417,1
deep_ssl_strict,83,0.12613002955913544,1
deep_ssl_strict,83,0.42953529953956604,1
deep_ssl_strict,83,0.5437957048416138,0
deep_ssl_strict,83,0.9393051266670227,0
deep_ssl_strict,83,0.9352932572364807,0
deep_ssl_strict,83,0.9548158049583435,0
deep_ssl_strict,83,0.8564359545707703,0
deep_ssl_strict,83,0.8254455924034119,0
deep_ssl_strict,83,0.9021036624908447,0
deep_ssl_strict,83,0.9524850249290466,0
deep_ssl_strict,83,0.9582542181015015,0
deep_ssl_strict,83,0.950822114944458,0
deep_ssl_strict,83,0.952201783657074,0
deep_ssl_strict,83,0.9666378498077393,0
deep_ssl_strict,83,0.9588215351104736,0
deep_ssl_strict,83,0.9483529925346375,0
deep_ssl_strict,83,0.8964954018592834,0
deep_ssl_strict,83,0.9248783588409424,0
deep_ssl_strict,83,0.961353600025177,0
deep_ssl_strict,83,0.9285905957221985,0
deep_ssl_strict,83,0.9083923101425171,0
deep_ssl_strict,83,0.7133007645606995,0
deep_ssl_strict,83,0.9118402004241943,0
deep_ssl_strict,83,0.9050335884094238,0
deep_ssl_strict,83,0.9609837532043457,0
deep_ssl_strict,83,0.9556708335876465,0
deep_ssl_strict,83,0.9231339693069458,0
deep_ssl_strict,83,0.916693389415741,0
deep_ssl_strict,83,0.8710830211639404,0
deep_ssl_strict,83,0.8930113315582275,0
deep_ssl_strict,83,0.9380501508712769,0
deep_ssl_strict,83,0.9103612303733826,0
deep_ssl_strict,83,0.9059168696403503,0
deep_ssl_strict,83,0.7878343462944031,0
deep_ssl_strict,83,0.8792124390602112,0
deep_ssl_strict,83,0.6528213620185852,0
deep_ssl_strict,83,0.4834586977958679,0
deep_ssl_strict,83,0.29259008169174194,0
deep_ssl_strict,83,0.7587249279022217,0
deep_ssl_strict,83,0.6116896867752075,0
deep_ssl_strict,83,0.5252770185470581,0
deep_ssl_strict,83,0.2590554654598236,0
deep_ssl_strict,83,0.17727221548557281,0
deep_ssl_strict,83,0.17095719277858734,0
deep_ssl_strict,83,0.14260783791542053,0
deep_ssl_strict,83,0.1511707603931427,0
deep_ssl_strict,83,0.486039936542511,0
deep_ssl_strict,83,0.6432240605354309,0
deep_ssl_strict,83,0.37617918848991394,0
deep_ssl_strict,83,0.35332563519477844,0
deep_ssl_strict,83,0.16889376938343048,0
deep_ssl_strict,83,0.16844120621681213,0
deep_ssl_strict,83,0.6549226641654968,0
deep_ssl_strict,83,0.41546252369880676,0
deep_ssl_strict,83,0.21157139539718628,0
deep_ssl_strict,83,0.1117786392569542,0
deep_ssl_strict,83,0.6141397953033447,0
deep_ssl_strict,83,0.30526190996170044,0
deep_ssl_strict,83,0.5651354789733887,0
deep_ssl_strict,83,0.9977276921272278,1
deep_ssl_strict,83,0.9961575865745544,1
deep_ssl_strict,83,0.996616542339325,1
deep_ssl_strict,83,0.9966312050819397,1
deep_ssl_strict,83,0.9913228750228882,1
deep_ssl_strict,83,0.9975086450576782,1
deep_ssl_strict,83,0.9923152923583984,1
deep_ssl_strict,83,0.8828504085540771,0
deep_ssl_strict,83,0.9562070965766907,0
deep_ssl_strict,83,0.9445974230766296,0
deep_ssl_strict,83,0.8953584432601929,0
deep_ssl_strict,83,0.9780856370925903,0
deep_ssl_strict,83,0.6752985715866089,0
deep_ssl_strict,83,0.7096336483955383,0
deep_ssl_strict,83,0.9081627726554871,0
deep_ssl_strict,83,0.4932674467563629,0
deep_ssl_strict,83,0.34317803382873535,0
deep_ssl_strict,83,0.9505273103713989,0
deep_ssl_strict,83,0.937092661857605,0
deep_ssl_strict,83,0.5847212076187134,0
deep_ssl_strict,83,0.389625608921051,0
deep_ssl_strict,83,0.938422441482544,1
deep_ssl_strict,83,0.9902082681655884,1
deep_ssl_strict,83,0.9583104848861694,1
deep_ssl_strict,83,0.9805110096931458,1
deep_ssl_strict,83,0.9707962870597839,1
deep_ssl_strict,83,0.9734805822372437,1
deep_ssl_strict,83,0.9213695526123047,1
deep_ssl_strict,83,0.9766417145729065,0
deep_ssl_strict,83,0.9463277459144592,0
deep_ssl_strict,83,0.9586778879165649,0
deep_ssl_strict,83,0.8147350549697876,0
deep_ssl_strict,83,0.8753326535224915,0
deep_ssl_strict,83,0.8244858980178833,0
deep_ssl_strict,83,0.15556232631206512,0
deep_ssl_strict,83,0.15971341729164124,0
deep_ssl_strict,83,0.2412084937095642,0
deep_ssl_strict,83,0.7997597455978394,0
deep_ssl_strict,83,0.9710181355476379,0
deep_ssl_strict,83,0.9542407393455505,0
deep_ssl_strict,83,0.9489458203315735,0
deep_ssl_strict,83,0.9829602241516113,0
deep_ssl_strict,83,0.9715516567230225,1
deep_ssl_strict,83,0.9852421879768372,1
deep_ssl_strict,83,0.9890087246894836,1
deep_ssl_strict,83,0.9917696714401245,1
deep_ssl_strict,83,0.9891768097877502,1
deep_ssl_strict,83,0.994191586971283,1
deep_ssl_strict,83,0.9968151450157166,1
deep_ssl_strict,83,0.9957860112190247,1
deep_ssl_strict,83,0.9802932143211365,1
deep_ssl_strict,83,0.9663795232772827,1
deep_ssl_strict,83,0.9888629913330078,1
deep_ssl_strict,83,0.9828934073448181,1
deep_ssl_strict,83,0.977657675743103,1
deep_ssl_strict,83,0.9824106693267822,1
deep_ssl_strict,83,0.9967725872993469,1
deep_ssl_strict,83,0.9975937008857727,1
deep_ssl_strict,83,0.9970945119857788,1
deep_ssl_strict,83,0.9986360669136047,1
deep_ssl_strict,83,0.9981807470321655,1
deep_ssl_strict,83,0.9923465251922607,1
deep_ssl_strict,83,0.9946817755699158,1
deep_ssl_strict,83,0.9980894923210144,1
deep_ssl_strict,83,0.9953619837760925,1
deep_ssl_strict,83,0.9948042035102844,1
deep_ssl_strict,83,0.9973050355911255,1
deep_ssl_strict,83,0.9963165521621704,1
deep_ssl_strict,83,0.9981656670570374,1
deep_ssl_strict,83,0.9983018636703491,1
deep_ssl_strict,83,0.9993770718574524,1
deep_ssl_strict,83,0.9998202919960022,1
deep_ssl_strict,83,0.997473418712616,1
deep_ssl_strict,83,0.933077335357666,1
deep_ssl_strict,83,0.955578088760376,1
deep_ssl_strict,83,0.9746103882789612,1
deep_ssl_strict,83,0.8943797945976257,1
deep_ssl_strict,83,0.8926144242286682,1
deep_ssl_strict,83,0.9910311698913574,1
deep_ssl_strict,83,0.9897805452346802,1
deep_ssl_strict,83,0.9999779462814331,1
deep_ssl_strict,83,0.9937617182731628,1
deep_ssl_strict,83,0.9929749965667725,1
deep_ssl_strict,83,0.8284854888916016,1
deep_ssl_strict,83,0.9468206763267517,1
deep_ssl_strict,83,0.29459241032600403,1
deep_ssl_strict,83,0.0693436786532402,1
deep_ssl_strict,83,0.20579294860363007,1
deep_ssl_strict,83,0.46612784266471863,1
deep_ssl_strict,83,0.25919681787490845,1
deep_ssl_strict,83,0.29156801104545593,1
deep_ssl_strict,83,0.362203449010849,1
deep_ssl_strict,83,0.724928081035614,1
deep_ssl_strict,83,0.47497954964637756,1
deep_ssl_strict,83,0.8487590551376343,1
deep_ssl_strict,83,0.6127617955207825,1
deep_ssl_strict,83,0.5925180912017822,1
deep_ssl_strict,83,0.71886146068573,1
deep_ssl_strict,83,0.7443254590034485,1
deep_ssl_strict,83,0.777740478515625,1
deep_ssl_strict,83,0.2114315629005432,1
deep_ssl_strict,83,0.17518237233161926,1
deep_ssl_strict,83,0.1421765238046646,1
deep_ssl_strict,83,0.1035694107413292,1
deep_ssl_strict,83,0.11160784214735031,1
deep_ssl_strict,83,0.4413388967514038,1
deep_ssl_strict,83,0.33914631605148315,1
deep_ssl_strict,83,0.6604509353637695,1
deep_ssl_strict,83,0.7861860394477844,1
deep_ssl_strict,83,0.6947718262672424,1
deep_ssl_strict,83,0.7888175845146179,1
deep_ssl_strict,83,0.2493138164281845,1
deep_ssl_strict,83,0.8612048625946045,1
deep_ssl_strict,83,0.9212828278541565,1
deep_ssl_strict,83,0.9387116432189941,1
deep_ssl_strict,83,0.7815796732902527,1
deep_ssl_strict,83,0.3952893614768982,1
deep_ssl_strict,83,0.36935216188430786,1
deep_ssl_strict,83,0.3657688796520233,1
deep_ssl_strict,83,0.15358810126781464,1
deep_ssl_strict,83,0.07972756028175354,1
deep_ssl_strict,83,0.3153291344642639,1
deep_ssl_strict,83,0.4479905962944031,1
deep_ssl_strict,83,0.12967032194137573,1
deep_ssl_strict,83,0.03026866354048252,1
deep_ssl_strict,83,0.04449240863323212,1
deep_ssl_strict,83,0.670100212097168,1
deep_ssl_strict,83,0.8175905346870422,1
deep_ssl_strict,83,0.6937665343284607,1
deep_ssl_strict,83,0.568640947341919,1
deep_ssl_strict,83,0.17229901254177094,1
deep_ssl_strict,83,0.41945597529411316,1
deep_ssl_strict,83,0.7180469632148743,1
deep_ssl_strict,83,0.7564791440963745,1
deep_ssl_strict,83,0.21372324228286743,1
deep_ssl_strict,83,0.12072941660881042,1
deep_ssl_strict,83,0.6607051491737366,1
deep_ssl_strict,83,0.27163609862327576,1
deep_ssl_strict,83,0.32207125425338745,1
deep_ssl_strict,83,0.5140654444694519,1
deep_ssl_strict,83,0.15992701053619385,1
deep_ssl_strict,83,0.255120187997818,1
deep_ssl_strict,83,0.14779044687747955,1
deep_ssl_strict,83,0.12289261817932129,1
deep_ssl_strict,83,0.5056684613227844,1
deep_ssl_strict,83,0.6518444418907166,1
deep_ssl_strict,83,0.9091741442680359,1
deep_ssl_strict,83,0.9689518809318542,1
deep_ssl_strict,83,0.9781942963600159,1
deep_ssl_strict,83,0.9817982316017151,1
deep_ssl_strict,83,0.9754456281661987,1
deep_ssl_strict,83,0.9898893237113953,1
deep_ssl_strict,83,0.9995436072349548,1
deep_ssl_strict,83,0.9936280250549316,1
deep_ssl_strict,83,0.9892107248306274,1
deep_ssl_strict,83,0.99748694896698,1
deep_ssl_strict,83,0.8995859026908875,1
deep_ssl_strict,83,0.43297287821769714,1
deep_ssl_strict,83,0.9265730977058411,1
deep_ssl_strict,83,0.7763696312904358,1
deep_ssl_strict,83,0.900293231010437,1
deep_ssl_strict,83,0.9317253828048706,1
deep_ssl_strict,83,0.795326292514801,1
deep_ssl_strict,83,0.5060896873474121,1
deep_ssl_strict,83,0.2584998607635498,1
deep_ssl_strict,83,0.4078401029109955,1
deep_ssl_strict,83,0.5738847255706787,1
deep_ssl_strict,83,0.2419900894165039,1
deep_ssl_strict,83,0.8380492329597473,1
deep_ssl_strict,83,0.8572553396224976,1
deep_ssl_strict,83,0.9617652893066406,1
deep_ssl_strict,83,0.993108868598938,1
deep_ssl_strict,83,0.9866138100624084,1
deep_ssl_strict,83,0.937528133392334,1
deep_ssl_strict,83,0.8162278532981873,1
deep_ssl_strict,83,0.629205584526062,1
deep_ssl_strict,83,0.8456658124923706,1
deep_ssl_strict,83,0.8063772916793823,1
deep_ssl_strict,83,0.6643747091293335,1
deep_ssl_strict,83,0.8353068232536316,1
deep_ssl_strict,83,0.5697747468948364,1
deep_ssl_strict,83,0.5063689351081848,1
deep_ssl_strict,83,0.6735542416572571,1
deep_ssl_strict,83,0.35253816843032837,1
deep_ssl_strict,83,0.576777994632721,1
deep_ssl_strict,83,0.7748405933380127,1
deep_ssl_strict,83,0.9060128331184387,1
deep_ssl_strict,83,0.8577213883399963,1
deep_ssl_strict,83,0.22938719391822815,1
deep_ssl_strict,83,0.3025810122489929,1
deep_ssl_strict,83,0.319352924823761,1
deep_ssl_strict,83,0.5979404449462891,1
deep_ssl_strict,83,0.6674430966377258,1
deep_ssl_strict,83,0.8136294484138489,1
deep_ssl_strict,83,0.26753345131874084,1
deep_ssl_strict,83,0.8782126307487488,1
deep_ssl_strict,83,0.9975378513336182,1
deep_ssl_strict,83,0.9993247985839844,1
deep_ssl_strict,83,0.8902561664581299,1
deep_ssl_strict,83,0.549798846244812,1
deep_ssl_strict,83,0.9781457185745239,1
deep_ssl_strict,83,0.9462864398956299,1
deep_ssl_strict,83,0.9653235673904419,1
deep_ssl_strict,83,0.9921022057533264,1
deep_ssl_strict,83,0.996550440788269,1
deep_ssl_strict,83,0.9721340537071228,1
deep_ssl_strict,83,0.9669932126998901,1
deep_ssl_strict,83,0.9697614312171936,1
deep_ssl_strict,83,0.9874649047851562,1
deep_ssl_strict,83,0.9576590657234192,1
deep_ssl_strict,83,0.9671419262886047,1
deep_ssl_strict,83,0.9988177418708801,1
deep_ssl_strict,83,0.9977090358734131,1
deep_ssl_strict,83,0.9689074754714966,1
deep_ssl_strict,83,0.9702692031860352,1
deep_ssl_strict,83,0.9737951159477234,1
deep_ssl_strict,83,0.9775610566139221,1
deep_ssl_strict,83,0.8002581000328064,1
deep_ssl_strict,83,0.956290602684021,1
deep_ssl_strict,83,0.9611589312553406,1
deep_ssl_strict,83,0.9648670554161072,1
deep_ssl_strict,83,0.9972007274627686,1
deep_ssl_strict,83,0.9904333353042603,1
deep_ssl_strict,83,0.9000018835067749,1
deep_ssl_strict,83,0.8274310231208801,1
deep_ssl_strict,83,0.9722736477851868,1
deep_ssl_strict,83,0.9899897575378418,1
deep_ssl_strict,83,0.99504154920578,1
deep_ssl_strict,83,0.9843553304672241,1
deep_ssl_strict,83,0.43692314624786377,1
deep_ssl_strict,83,0.8969716429710388,1
deep_ssl_strict,83,0.9545166492462158,1
deep_ssl_strict,83,0.977158784866333,1
deep_ssl_strict,83,0.9710788130760193,1
deep_ssl_strict,83,0.9789720773696899,1
deep_ssl_strict,83,0.9537948966026306,1
deep_ssl_strict,83,0.7758027911186218,1
deep_ssl_strict,83,0.28183189034461975,1
deep_ssl_strict,83,0.5177726745605469,1
deep_ssl_strict,83,0.24860882759094238,1
deep_ssl_strict,83,0.32823076844215393,1
deep_ssl_strict,83,0.3125169575214386,1
deep_ssl_strict,83,0.3378514349460602,1
deep_ssl_strict,83,0.2862558960914612,1
deep_ssl_strict,83,0.5031704306602478,1
deep_ssl_strict,83,0.5270954966545105,1
deep_ssl_strict,83,0.953057587146759,1
deep_ssl_strict,83,0.8256775140762329,1
deep_ssl_strict,83,0.9262484312057495,1
deep_ssl_strict,83,0.8821746706962585,1
deep_ssl_strict,83,0.09880659729242325,1
deep_ssl_strict,83,0.6110328435897827,1
deep_ssl_strict,83,0.7528626322746277,1
deep_ssl_strict,83,0.7509313225746155,1
deep_ssl_strict,83,0.7843828797340393,1
deep_ssl_strict,83,0.5939513444900513,1
deep_ssl_strict,83,0.49308663606643677,1
deep_ssl_strict,83,0.22775548696517944,1
deep_ssl_strict,83,0.32909780740737915,1
deep_ssl_strict,83,0.4194757044315338,1
deep_ssl_strict,83,0.2885199785232544,1
deep_ssl_strict,83,0.7118638157844543,1
deep_ssl_strict,83,0.591317355632782,1
deep_ssl_strict,83,0.9809889197349548,1
deep_ssl_strict,83,0.9649336338043213,1
deep_ssl_strict,83,0.9468955993652344,1
deep_ssl_strict,83,0.9135063290596008,1
deep_ssl_strict,83,0.8914711475372314,1
deep_ssl_strict,83,0.18360792100429535,1
deep_ssl_strict,83,0.9562875628471375,1
deep_ssl_strict,83,0.8900805711746216,1
deep_ssl_strict,83,0.6410502791404724,1
deep_ssl_strict,83,0.6160352230072021,1
deep_ssl_strict,83,0.7163739204406738,1
deep_ssl_strict,83,0.9618522524833679,1
deep_ssl_strict,83,0.9517034292221069,1
deep_ssl_strict,83,0.9343301057815552,1
deep_ssl_strict,83,0.9633205533027649,1
deep_ssl_strict,83,0.9856911301612854,1
deep_ssl_strict,83,0.9774134755134583,1
deep_ssl_strict,83,0.501193642616272,1
deep_ssl_strict,83,0.843919575214386,1
deep_ssl_strict,83,0.35666197538375854,1
deep_ssl_strict,83,0.9290387630462646,1
deep_ssl_strict,83,0.993287980556488,1
deep_ssl_strict,83,0.9765216708183289,1
deep_ssl_strict,83,0.9842808246612549,1
deep_ssl_strict,83,0.9770370721817017,1
deep_ssl_strict,83,0.9614147543907166,1
deep_ssl_strict,83,0.9796085953712463,1
deep_ssl_strict,83,0.8575453162193298,1
deep_ssl_strict,83,0.9934442043304443,1
deep_ssl_strict,83,0.998683512210846,1
deep_ssl_strict,83,0.9767515659332275,1
deep_ssl_strict,83,0.6523730754852295,1
deep_ssl_strict,83,0.5377072691917419,1
deep_ssl_strict,83,0.7826113104820251,1
deep_ssl_strict,83,0.8824547529220581,1
deep_ssl_strict,83,0.9233666658401489,1
deep_ssl_strict,83,0.9288738965988159,1
deep_ssl_strict,83,0.7795283794403076,1
deep_ssl_strict,83,0.9636339545249939,1
deep_ssl_strict,83,0.9829811453819275,1
deep_ssl_strict,83,0.7403804063796997,1
deep_ssl_strict,83,0.5859130024909973,1
deep_ssl_strict,83,0.8571287989616394,1
deep_ssl_strict,83,0.9314999580383301,1
deep_ssl_strict,83,0.9313062429428101,1
deep_ssl_strict,83,0.9651099443435669,1
deep_ssl_strict,83,0.8078481554985046,1
deep_ssl_strict,83,0.9795650243759155,1
deep_ssl_strict,83,0.9293503165245056,1
deep_ssl_strict,83,0.36452972888946533,1
deep_ssl_strict,83,0.9934996366500854,1
deep_ssl_strict,83,0.9927390217781067,1
deep_ssl_strict,83,0.9671911001205444,1
deep_ssl_strict,83,0.9977214932441711,1
deep_ssl_strict,83,0.9561824798583984,1
deep_ssl_strict,83,0.9420852661132812,1
deep_ssl_strict,83,0.9943106174468994,1
deep_ssl_strict,83,0.9764811992645264,1
deep_ssl_strict,83,0.883947491645813,1
deep_ssl_strict,83,0.9135396480560303,1
deep_ssl_strict,83,0.9487088322639465,1
deep_ssl_strict,83,0.6383792161941528,1
deep_ssl_strict,83,0.24835672974586487,1
deep_ssl_strict,83,0.1346403807401657,1
deep_ssl_strict,83,0.3468497395515442,1
deep_ssl_strict,83,0.8330467939376831,1
deep_ssl_strict,83,0.6555309295654297,1
deep_ssl_strict,83,0.6761975884437561,1
deep_ssl_strict,83,0.28162121772766113,1
deep_ssl_strict,83,0.0714898481965065,1
deep_ssl_strict,83,0.8899115324020386,1
deep_ssl_strict,83,0.9252158403396606,1
deep_ssl_strict,83,0.9172549843788147,1
deep_ssl_strict,83,0.08441805839538574,1
deep_ssl_strict,83,0.47124749422073364,1
deep_ssl_strict,83,0.9059756398200989,1
deep_ssl_strict,83,0.8696473836898804,1
deep_ssl_strict,83,0.8855752348899841,1
deep_ssl_strict,83,0.768792450428009,1
deep_ssl_strict,83,0.819890022277832,1
deep_ssl_strict,83,0.8831682801246643,1
deep_ssl_strict,83,0.9341950416564941,1
deep_ssl_strict,83,0.9953611493110657,1
deep_ssl_strict,83,0.9376019835472107,1
deep_ssl_strict,83,0.9931600093841553,1
deep_ssl_strict,83,0.9199155569076538,1
deep_ssl_strict,83,0.8770132660865784,1
deep_ssl_strict,83,0.586332380771637,1
deep_ssl_strict,83,0.4733189046382904,1
deep_ssl_strict,83,0.8655269145965576,1
deep_ssl_strict,83,0.905565083026886,1
deep_ssl_strict,83,0.9286544322967529,1
deep_ssl_strict,83,0.8970338702201843,1
deep_ssl_strict,83,0.9683435559272766,1
deep_ssl_strict,83,0.9958095550537109,1
deep_ssl_strict,83,0.9967032074928284,1
deep_ssl_strict,83,0.9996335506439209,1
deep_ssl_strict,83,0.9987795948982239,1
deep_ssl_strict,83,0.989352285861969,1
deep_ssl_strict,83,0.9658370018005371,1
deep_ssl_strict,83,0.9848859906196594,1
deep_ssl_strict,83,0.9859502911567688,1
deep_ssl_strict,83,0.9801832437515259,1
deep_ssl_strict,83,0.9894072413444519,1
deep_ssl_strict,83,0.9960480332374573,1
deep_ssl_strict,83,0.990665853023529,1
deep_ssl_strict,83,0.9943916201591492,1
deep_ssl_strict,83,0.9901580214500427,1
deep_ssl_strict,83,0.9934284090995789,1
deep_ssl_strict,83,0.9982677698135376,1
deep_ssl_strict,83,0.997414231300354,1
deep_ssl_strict,83,0.9975824356079102,1
deep_ssl_strict,83,0.9979531764984131,1
deep_ssl_strict,83,0.9951140880584717,1
deep_ssl_strict,83,0.9854328036308289,1
deep_ssl_strict,83,0.7683218121528625,1
deep_ssl_strict,83,0.749445378780365,1
deep_ssl_strict,83,0.7653058171272278,1
deep_ssl_strict,83,0.8468396663665771,1
deep_ssl_strict,83,0.14861421287059784,1
deep_ssl_strict,83,0.17678382992744446,1
deep_ssl_strict,83,0.57701575756073,1
deep_ssl_strict,83,0.38205626606941223,1
deep_ssl_strict,83,0.3523796498775482,1
deep_ssl_strict,83,0.6502823829650879,1
deep_ssl_strict,83,0.9035832285881042,1
deep_ssl_strict,83,0.5471493005752563,1
deep_ssl_strict,83,0.663528323173523,1
deep_ssl_strict,83,0.9228515625,1
deep_ssl_strict,83,0.865406334400177,1
deep_ssl_strict,83,0.8531681895256042,1
deep_ssl_strict,83,0.9748103022575378,1
deep_ssl_strict,83,0.9337897896766663,1
deep_ssl_strict,83,0.7819825410842896,1
deep_ssl_strict,83,0.9818133115768433,1
deep_ssl_strict,83,0.8860905766487122,1
deep_ssl_strict,83,0.9875503182411194,1
deep_ssl_strict,83,0.7938074469566345,1
deep_ssl_strict,83,0.9295831918716431,1
deep_ssl_strict,83,0.9925608038902283,1
deep_ssl_strict,83,0.9618462920188904,1
deep_ssl_strict,83,0.9153897762298584,1
deep_ssl_strict,83,0.9103267192840576,1
deep_ssl_strict,83,0.9152248501777649,1
deep_ssl_strict,83,0.9913609623908997,1
deep_ssl_strict,83,0.9956595301628113,1
deep_ssl_strict,83,0.996749758720398,1
deep_ssl_strict,83,0.9954836368560791,1
deep_ssl_strict,83,0.9518594741821289,1
deep_ssl_strict,83,0.9884202480316162,1
deep_ssl_strict,83,0.9915497303009033,1
deep_ssl_strict,83,0.9978117346763611,1
deep_ssl_strict,83,0.98567134141922,1
deep_ssl_strict,83,0.9700797200202942,1
deep_ssl_strict,83,0.9303513765335083,1
deep_ssl_strict,83,0.9351239800453186,1
deep_ssl_strict,83,0.9952383041381836,1
deep_ssl_strict,83,0.9886453151702881,1
deep_ssl_strict,83,0.9972781538963318,1
deep_ssl_strict,83,0.9869174957275391,1
deep_ssl_strict,83,0.989824116230011,1
deep_ssl_strict,83,0.9924161434173584,1
deep_ssl_strict,83,0.8134452700614929,1
deep_ssl_strict,83,0.9529314637184143,1
deep_ssl_strict,83,0.9231370091438293,1
deep_ssl_strict,83,0.03769516199827194,1
deep_ssl_strict,83,0.12445220351219177,1
deep_ssl_strict,83,0.41809526085853577,1
deep_ssl_strict,83,0.7326583862304688,1
deep_ssl_strict,83,0.7763453722000122,1
deep_ssl_strict,83,0.5738212466239929,1
deep_ssl_strict,83,0.939832329750061,1
deep_ssl_strict,83,0.9924584031105042,1
deep_ssl_strict,83,0.9680187106132507,1
deep_ssl_strict,83,0.8404961824417114,1
deep_ssl_strict,83,0.8790677785873413,1
deep_ssl_strict,83,0.9413855075836182,1
deep_ssl_strict,83,0.9876249432563782,1
deep_ssl_strict,83,0.9881656169891357,1
deep_ssl_strict,83,0.9971873164176941,1
deep_ssl_strict,83,0.9980288147926331,1
deep_ssl_strict,83,0.9908269047737122,1
deep_ssl_strict,83,0.9954257607460022,1
deep_ssl_strict,83,0.9325879216194153,1
deep_ssl_strict,83,0.8378241062164307,1
deep_ssl_strict,83,0.9346518516540527,1
deep_ssl_strict,83,0.897686243057251,1
deep_ssl_strict,83,0.9111799597740173,1
deep_ssl_strict,83,0.7105062007904053,1
deep_ssl_strict,83,0.4383344352245331,1
deep_ssl_strict,83,0.597112774848938,1
deep_ssl_strict,83,0.3531704843044281,1
deep_ssl_strict,83,0.9199990034103394,1
deep_ssl_strict,83,0.9211792945861816,1
deep_ssl_strict,83,0.9683778285980225,1
deep_ssl_strict,83,0.9403229355812073,1
deep_ssl_strict,83,0.9595702290534973,1
deep_ssl_strict,83,0.9750902652740479,1
deep_ssl_strict,83,0.3852810263633728,1
deep_ssl_strict,83,0.11870206147432327,1
deep_ssl_strict,83,0.3316222131252289,1
deep_ssl_strict,83,0.5569588541984558,1
deep_ssl_strict,83,0.6799556016921997,1
deep_ssl_strict,83,0.988198459148407,1
deep_ssl_strict,83,0.994376540184021,1
deep_ssl_strict,83,0.9689177870750427,1
deep_ssl_strict,83,0.9945587515830994,1
deep_ssl_strict,83,0.8521600961685181,1
deep_ssl_strict,83,0.9524527788162231,1
deep_ssl_strict,83,0.9163129925727844,1
deep_ssl_strict,83,0.6801776885986328,1
deep_ssl_strict,83,0.7341495156288147,1
deep_ssl_strict,83,0.34153538942337036,1
deep_ssl_strict,83,0.3777587413787842,1
deep_ssl_strict,83,0.7961976528167725,1
deep_ssl_strict,83,0.820393979549408,1
deep_ssl_strict,83,0.9279009699821472,1
deep_ssl_strict,83,0.8169530034065247,1
deep_ssl_strict,83,0.8604161143302917,1
deep_ssl_strict,83,0.11690694093704224,1
deep_ssl_strict,83,0.8857895135879517,1
deep_ssl_strict,83,0.5792936682701111,1
deep_ssl_strict,83,0.7031742930412292,1
deep_ssl_strict,83,0.6307643055915833,1
deep_ssl_strict,83,0.6489400267601013,1
deep_ssl_strict,83,0.9279803037643433,1
deep_ssl_strict,83,0.9619471430778503,1
deep_ssl_strict,83,0.8025767207145691,1
deep_ssl_strict,83,0.7746231555938721,1
deep_ssl_strict,83,0.5377964973449707,1
deep_ssl_strict,83,0.9672777652740479,1
gb,8B,0.808525149444943,1
gb,8B,0.8055863084932928,1
gb,8B,0.8045062372694294,1
gb,8B,0.8916037488522705,1
gb,8B,0.8123449718815902,1
gb,8B,0.8554494921484747,1
gb,8B,0.8048355932837764,1
gb,8B,0.8243178797131289,1
gb,8B,0.8810950730558635,1
gb,8B,0.843314551220943,1
gb,8B,0.34837015224919016,1
gb,8B,0.5008295276244192,1
gb,8B,0.5752859423127612,1
gb,8B,0.6059097134926644,1
gb,8B,0.633042920439069,0
gb,8B,0.8187111195547567,0
gb,8B,0.6972158692384249,0
gb,8B,0.8493688164117063,0
gb,8B,0.8841631226061415,0
gb,8B,0.7541189197068359,0
gb,8B,0.8302119528747263,0
gb,8B,0.8254482810812255,0
gb,8B,0.8835085363019965,0
gb,8B,0.8784039327105222,0
gb,8B,0.9137526181240853,0
gb,8B,0.8948329610519528,0
gb,8B,0.8229431618513989,0
gb,8B,0.9378171558014619,0
gb,8B,0.7779963628757631,0
gb,8B,0.8914824830842238,0
gb,8B,0.7596340181975962,0
gb,8B,0.8407256483007775,0
gb,8B,0.7249610792505919,0
gb,8B,0.6843418097826969,0
gb,8B,0.9005117303224567,0
gb,8B,0.7877704973351226,0
gb,8B,0.9528037608159381,0
gb,8B,0.938556465516511,0
gb,8B,0.8400382604391828,1
gb,8B,0.8139706653878015,1
gb,8B,0.85298101425997,1
gb,8B,0.8725276414912834,1
gb,8B,0.9194163520707705,1
gb,8B,0.6830065019376472,1
gb,8B,0.8996269644946925,1
gb,8B,0.7392282907626704,1
gb,8B,0.8668145289647683,1
gb,8B,0.9253009504810532,1
gb,8B,0.9150740936627212,1
gb,8B,0.8768304991345225,1
gb,8B,0.8596244750902516,1
gb,8B,0.8926720483006013,1
gb,8B,0.8280923856606297,1
gb,8B,0.8720225670445102,1
gb,8B,0.9162253513039151,1
gb,8B,0.8715480927654196,1
gb,8B,0.907612340841528,1
gb,8B,0.8499550502082853,1
gb,8B,0.9065228141905296,1
gb,8B,0.9241895085312525,1
gb,8B,0.8513756773796811,1
gb,8B,0.7962013791032069,1
gb,8B,0.902499080807034,1
gb,8B,0.8555061421014379,1
gb,8B,0.8777253415738758,1
gb,8B,0.9046826189779889,1
gb,8B,0.9112643981536186,1
gb,8B,0.896580171946965,1
gb,8B,0.8922754496247937,1
gb,8B,0.8256916113854289,1
gb,8B,0.7998462467826991,1
gb,8B,0.7878402301290591,1
gb,8B,0.7528887096908534,1
gb,8B,0.7346205800070872,1
gb,8B,0.7384784887193746,1
gb,8B,0.5944028273674402,1
gb,8B,0.8270466116112175,1
gb,8B,0.9125596034171537,1
gb,8B,0.8364226106053377,1
gb,8B,0.4050673185908411,1
gb,8B,0.5600171690155803,1
gb,8B,0.8978024758447244,1
gb,8B,0.9153777364975897,1
gb,8B,0.9105086546837468,1
gb,8B,0.8941624640562521,1
gb,8B,0.9300595300168266,1
gb,8B,0.9312089159160656,1
gb,8B,0.9678574834279898,1
gb,8B,0.9675124747922481,1
gb,8B,0.9591137661223538,1
gb,8B,0.9443419031868515,1
gb,8B,0.9004370469188651,1
gb,8B,0.8563172885468332,1
gb,8B,0.8876320117886509,1
gb,8B,0.9033794195384252,1
gb,8B,0.9195121268689178,1
gb,8B,0.9406037227605776,1
gb,8B,0.7505272776868781,0
gb,8B,0.8327348586504332,0
gb,8B,0.835545245927552,0
gb,8B,0.8961296547047112,0
gb,8B,0.876121333583429,0
gb,8B,0.8965466041169671,0
gb,8B,0.881940054620849,0
gb,8B,0.824034409113756,0
gb,8B,0.876919832494406,0
gb,8B,0.908460151590111,0
gb,8B,0.3716410302232256,0
gb,8B,0.8478009219334277,0
gb,8B,0.9096809171180968,0
gb,8B,0.8015704988457497,0
gb,8B,0.7807094393273851,0
gb,8B,0.8413289925154561,0
gb,8B,0.8794615347258231,0
gb,8B,0.7341697627155994,0
gb,8B,0.8973792571282533,0
gb,8B,0.8456175544394872,0
gb,8B,0.9095832985193786,0
gb,8B,0.8259401823930019,0
gb,8B,0.8745460804607931,0
gb,8B,0.8410068690175344,0
gb,8B,0.9761556142317105,0
gb,8B,0.962073201098774,0
gb,8B,0.9670050044848927,0
gb,8B,0.9553093327105485,0
gb,8B,0.9629346374665424,0
gb,8B,0.7156734553528946,0
gb,8B,0.7732274352025336,0
gb,8B,0.7748996051789778,0
gb,8B,0.8607601069335586,0
gb,8B,0.8543844880965068,0
gb,8B,0.5801612474751113,0
gb,8B,0.9002280294884354,0
gb,8B,0.9170931943502693,0
gb,8B,0.9072781477148538,0
gb,8B,0.917099873105803,0
gb,8B,0.8605344274493388,0
gb,8B,0.8915527668085274,0
gb,8B,0.8899926620653928,0
gb,8B,0.7546873663688624,0
gb,8B,0.8852886255419357,0
gb,8B,0.8661674977619277,0
gb,8B,0.9328761905287188,0
gb,8B,0.9106746687179562,0
gb,8B,0.8267875506056092,0
gb,8B,0.9434186035371273,1
gb,8B,0.9617068686495852,1
gb,8B,0.8487269698233149,1
gb,8B,0.9087731950414634,1
gb,8B,0.923126020536269,1
gb,8B,0.9300062086343207,1
gb,8B,0.904222183507825,1
gb,8B,0.9588154047502415,1
gb,8B,0.9590043527567188,1
gb,8B,0.9645659297198822,1
gb,8B,0.9538415547345415,1
gb,8B,0.6451030988808449,1
gb,8B,0.813935186403134,1
gb,8B,0.9319684647738461,1
gb,8B,0.9072934391009648,1
gb,8B,0.7707463700620922,1
gb,8B,0.8800911824666232,1
gb,8B,0.8728421181431135,1
gb,8B,0.8772205298827913,1
gb,8B,0.9297005661541538,1
gb,8B,0.8945692162521189,1
gb,8B,0.9325533589988719,1
gb,8B,0.9074292742116551,1
gb,8B,0.7940739383457345,1
gb,8B,0.6593844635881013,1
gb,8B,0.8757085220864294,1
gb,8B,0.9143939163681944,1
gb,8B,0.9502092446934196,1
gb,8B,0.9717509401658979,1
gb,8B,0.9745423144135832,1
gb,8B,0.9071751228933846,1
gb,8B,0.9632480165665023,1
gb,8B,0.9566254704447242,1
gb,8B,0.8307881448746179,1
gb,8B,0.6137185340143471,1
gb,8B,0.828336319463427,1
gb,8B,0.8649351712801268,1
gb,8B,0.8501742092657149,1
gb,8B,0.7747077776757878,1
gb,8B,0.7387356602534957,1
gb,8B,0.856736731159469,1
gb,8B,0.8531112598284044,1
gb,8B,0.9026261397318271,1
gb,8B,0.8953753904273937,1
gb,8B,0.9227931632217136,1
gb,8B,0.8815019261234488,1
gb,8B,0.8707051556145271,1
gb,8B,0.8999466985837516,1
gb,8B,0.9582062894063047,1
gb,8B,0.7962331438107599,1
gb,8B,0.9202096990820093,1
gb,8B,0.9092875198564715,1
gb,8B,0.6651638413911485,1
gb,8B,0.8908680473742167,1
gb,8B,0.8691385480529871,1
gb,8B,0.8349977127002801,1
gb,8B,0.8870107292053946,1
gb,8B,0.932590617938901,1
gb,8B,0.8987941987326487,1
gb,8B,0.9177651569196966,1
gb,8B,0.8861307897932341,1
gb,8B,0.5492835065749514,1
gb,8B,0.8414498597899035,1
gb,8B,0.7480337396900797,1
gb,8B,0.6884439543963436,1
gb,8B,0.8595462055647743,1
gb,8B,0.9034018885779759,1
gb,8B,0.9197351511092734,1
gb,8B,0.6076861126640498,1
gb,8B,0.6398419588572593,1
gb,8B,0.5427270464079679,1
gb,8B,0.8981741038754353,1
gb,8B,0.8960559606999288,1
gb,8B,0.8313435935717943,1
gb,8B,0.8152878376800684,1
deep_ssl_strict,8B,0.999998927116394,1
deep_ssl_strict,8B,0.999964714050293,1
deep_ssl_strict,8B,0.9999991655349731,1
deep_ssl_strict,8B,0.9999887943267822,1
deep_ssl_strict,8B,0.9993430972099304,1
deep_ssl_strict,8B,0.9985072016716003,1
deep_ssl_strict,8B,0.9998076558113098,1
deep_ssl_strict,8B,0.9999327659606934,1
deep_ssl_strict,8B,0.9979836940765381,1
deep_ssl_strict,8B,0.9950697422027588,1
deep_ssl_strict,8B,0.9999580383300781,1
deep_ssl_strict,8B,0.9918679594993591,1
deep_ssl_strict,8B,0.9566949009895325,1
deep_ssl_strict,8B,0.9965270161628723,1
deep_ssl_strict,8B,0.9780579209327698,0
deep_ssl_strict,8B,0.9925529360771179,0
deep_ssl_strict,8B,0.9928816556930542,0
deep_ssl_strict,8B,0.9768255949020386,0
deep_ssl_strict,8B,0.9836609959602356,0
deep_ssl_strict,8B,0.9634864330291748,0
deep_ssl_strict,8B,0.975167453289032,0
deep_ssl_strict,8B,0.9713567495346069,0
deep_ssl_strict,8B,0.9265159964561462,0
deep_ssl_strict,8B,0.9176271557807922,0
deep_ssl_strict,8B,0.9755235314369202,0
deep_ssl_strict,8B,0.9867554306983948,0
deep_ssl_strict,8B,0.9999240636825562,0
deep_ssl_strict,8B,0.9994620680809021,0
deep_ssl_strict,8B,0.9276449680328369,0
deep_ssl_strict,8B,0.9999418258666992,0
deep_ssl_strict,8B,0.9960386753082275,0
deep_ssl_strict,8B,0.9999912977218628,0
deep_ssl_strict,8B,0.9996546506881714,0
deep_ssl_strict,8B,0.9999808073043823,0
deep_ssl_strict,8B,0.9999853372573853,0
deep_ssl_strict,8B,1.0,0
deep_ssl_strict,8B,1.0,0
deep_ssl_strict,8B,0.999947190284729,0
deep_ssl_strict,8B,0.957107424736023,1
deep_ssl_strict,8B,0.9999028444290161,1
deep_ssl_strict,8B,0.997246503829956,1
deep_ssl_strict,8B,0.9880266189575195,1
deep_ssl_strict,8B,0.9799480438232422,1
deep_ssl_strict,8B,0.896673858165741,1
deep_ssl_strict,8B,0.962044894695282,1
deep_ssl_strict,8B,1.0,1
deep_ssl_strict,8B,0.9528406262397766,1
deep_ssl_strict,8B,0.9985515475273132,1
deep_ssl_strict,8B,0.9991694688796997,1
deep_ssl_strict,8B,0.9999691247940063,1
deep_ssl_strict,8B,0.9999357461929321,1
deep_ssl_strict,8B,0.9999443292617798,1
deep_ssl_strict,8B,0.9996670484542847,1
deep_ssl_strict,8B,0.9999984502792358,1
deep_ssl_strict,8B,0.9999985694885254,1
deep_ssl_strict,8B,1.0,1
deep_ssl_strict,8B,0.997802197933197,1
deep_ssl_strict,8B,0.9111427664756775,1
deep_ssl_strict,8B,0.9999104738235474,1
deep_ssl_strict,8B,0.9999998807907104,1
deep_ssl_strict,8B,0.9999326467514038,1
deep_ssl_strict,8B,0.979205846786499,1
deep_ssl_strict,8B,0.9527537226676941,1
deep_ssl_strict,8B,0.9977782368659973,1
deep_ssl_strict,8B,0.9923783540725708,1
deep_ssl_strict,8B,0.9970986843109131,1
deep_ssl_strict,8B,0.9901806116104126,1
deep_ssl_strict,8B,0.9385517239570618,1
deep_ssl_strict,8B,0.9840911030769348,1
deep_ssl_strict,8B,0.9613056778907776,1
deep_ssl_strict,8B,0.9971411228179932,1
deep_ssl_strict,8B,0.9999998807907104,1
deep_ssl_strict,8B,0.9999829530715942,1
deep_ssl_strict,8B,1.0,1
deep_ssl_strict,8B,0.9919158816337585,1
deep_ssl_strict,8B,0.9996953010559082,1
deep_ssl_strict,8B,0.9969527721405029,1
deep_ssl_strict,8B,0.9983546137809753,1
deep_ssl_strict,8B,0.9985925555229187,1
deep_ssl_strict,8B,0.9999181032180786,1
deep_ssl_strict,8B,0.9999967813491821,1
deep_ssl_strict,8B,0.9986839890480042,1
deep_ssl_strict,8B,0.9989749193191528,1
deep_ssl_strict,8B,0.9998248219490051,1
deep_ssl_strict,8B,0.9999911785125732,1
deep_ssl_strict,8B,0.9999934434890747,1
deep_ssl_strict,8B,0.9999991655349731,1
deep_ssl_strict,8B,0.9999216794967651,1
deep_ssl_strict,8B,0.9999958276748657,1
deep_ssl_strict,8B,0.999733030796051,1
deep_ssl_strict,8B,0.9952089190483093,1
deep_ssl_strict,8B,0.8632836937904358,1
deep_ssl_strict,8B,0.837145984172821,1
deep_ssl_strict,8B,0.9999992847442627,1
deep_ssl_strict,8B,0.9044840931892395,1
deep_ssl_strict,8B,0.997438907623291,1
deep_ssl_strict,8B,1.0,1
deep_ssl_strict,8B,0.9908815622329712,0
deep_ssl_strict,8B,1.0,0
deep_ssl_strict,8B,1.0,0
deep_ssl_strict,8B,0.9584689140319824,0
deep_ssl_strict,8B,0.9919561147689819,0
deep_ssl_strict,8B,0.9975396394729614,0
deep_ssl_strict,8B,0.9969466328620911,0
deep_ssl_strict,8B,1.0,0
deep_ssl_strict,8B,1.0,0
deep_ssl_strict,8B,0.9737164378166199,0
deep_ssl_strict,8B,0.9997633099555969,0
deep_ssl_strict,8B,0.9978502988815308,0
deep_ssl_strict,8B,0.9925712943077087,0
deep_ssl_strict,8B,0.9913378953933716,0
deep_ssl_strict,8B,0.9972044825553894,0
deep_ssl_strict,8B,0.9981709718704224,0
deep_ssl_strict,8B,0.9980744123458862,0
deep_ssl_strict,8B,0.9943622350692749,0
deep_ssl_strict,8B,0.9987305998802185,0
deep_ssl_strict,8B,0.9998053908348083,0
deep_ssl_strict,8B,0.9908734560012817,0
deep_ssl_strict,8B,0.9998904466629028,0
deep_ssl_strict,8B,0.9929197430610657,0
deep_ssl_strict,8B,0.45142894983291626,0
deep_ssl_strict,8B,0.6100866794586182,0
deep_ssl_strict,8B,0.5737890005111694,0
deep_ssl_strict,8B,0.47312209010124207,0
deep_ssl_strict,8B,0.995558500289917,0
deep_ssl_strict,8B,0.999997615814209,0
deep_ssl_strict,8B,0.9649143218994141,0
deep_ssl_strict,8B,0.9562387466430664,0
deep_ssl_strict,8B,0.8244368433952332,0
deep_ssl_strict,8B,0.9609625339508057,0
deep_ssl_strict,8B,0.9999439716339111,0
deep_ssl_strict,8B,1.0,0
deep_ssl_strict,8B,1.0,0
deep_ssl_strict,8B,0.9999986886978149,0
deep_ssl_strict,8B,0.9999998807907104,0
deep_ssl_strict,8B,1.0,0
deep_ssl_strict,8B,0.9999994039535522,0
deep_ssl_strict,8B,1.0,0
deep_ssl_strict,8B,1.0,0
deep_ssl_strict,8B,0.9999994039535522,0
deep_ssl_strict,8B,0.9995013475418091,0
deep_ssl_strict,8B,0.9999431371688843,0
deep_ssl_strict,8B,0.9998797178268433,0
deep_ssl_strict,8B,0.9988852143287659,0
deep_ssl_strict,8B,0.9994726777076721,0
deep_ssl_strict,8B,0.992160975933075,1
deep_ssl_strict,8B,0.9999997615814209,1
deep_ssl_strict,8B,0.9992702603340149,1
deep_ssl_strict,8B,0.8797141909599304,1
deep_ssl_strict,8B,0.9937007427215576,1
deep_ssl_strict,8B,0.9999186992645264,1
deep_ssl_strict,8B,0.999895453453064,1
deep_ssl_strict,8B,0.9999991655349731,1
deep_ssl_strict,8B,1.0,1
deep_ssl_strict,8B,0.9999997615814209,1
deep_ssl_strict,8B,0.9974513649940491,1
deep_ssl_strict,8B,0.9998750686645508,1
deep_ssl_strict,8B,0.9997784495353699,1
deep_ssl_strict,8B,0.9998946189880371,1
deep_ssl_strict,8B,0.99946528673172,1
deep_ssl_strict,8B,0.9810777306556702,1
deep_ssl_strict,8B,0.9857558608055115,1
deep_ssl_strict,8B,0.9835732579231262,1
deep_ssl_strict,8B,0.99952232837677,1
deep_ssl_strict,8B,0.999652624130249,1
deep_ssl_strict,8B,0.9999904632568359,1
deep_ssl_strict,8B,0.9996083378791809,1
deep_ssl_strict,8B,0.9998469352722168,1
deep_ssl_strict,8B,0.9621102213859558,1
deep_ssl_strict,8B,0.9557973742485046,1
deep_ssl_strict,8B,0.9999995231628418,1
deep_ssl_strict,8B,0.9994290471076965,1
deep_ssl_strict,8B,0.9983718991279602,1
deep_ssl_strict,8B,0.9998195767402649,1
deep_ssl_strict,8B,0.9808831810951233,1
deep_ssl_strict,8B,0.970139741897583,1
deep_ssl_strict,8B,0.8594390153884888,1
deep_ssl_strict,8B,0.9881057739257812,1
deep_ssl_strict,8B,0.9999666213989258,1
deep_ssl_strict,8B,0.9985021352767944,1
deep_ssl_strict,8B,0.9999903440475464,1
deep_ssl_strict,8B,0.996356725692749,1
deep_ssl_strict,8B,1.0,1
deep_ssl_strict,8B,0.9999997615814209,1
deep_ssl_strict,8B,1.0,1
deep_ssl_strict,8B,0.9976485371589661,1
deep_ssl_strict,8B,0.980126678943634,1
deep_ssl_strict,8B,0.9999972581863403,1
deep_ssl_strict,8B,0.968996524810791,1
deep_ssl_strict,8B,0.999886155128479,1
deep_ssl_strict,8B,0.9082449078559875,1
deep_ssl_strict,8B,0.9931911826133728,1
deep_ssl_strict,8B,0.9975269436836243,1
deep_ssl_strict,8B,0.9892396926879883,1
deep_ssl_strict,8B,0.9991768002510071,1
deep_ssl_strict,8B,0.6818370819091797,1
deep_ssl_strict,8B,0.683708131313324,1
deep_ssl_strict,8B,0.9987736344337463,1
deep_ssl_strict,8B,0.9960344433784485,1
deep_ssl_strict,8B,0.9994921684265137,1
deep_ssl_strict,8B,0.9995285272598267,1
deep_ssl_strict,8B,0.9999732971191406,1
deep_ssl_strict,8B,1.0,1
deep_ssl_strict,8B,1.0,1
deep_ssl_strict,8B,0.9999229907989502,1
deep_ssl_strict,8B,0.9975110292434692,1
deep_ssl_strict,8B,0.967326283454895,1
deep_ssl_strict,8B,0.827306866645813,1
deep_ssl_strict,8B,0.9393516778945923,1
deep_ssl_strict,8B,0.9538275599479675,1
deep_ssl_strict,8B,0.977577805519104,1
deep_ssl_strict,8B,0.8917087912559509,1
deep_ssl_strict,8B,0.9999992847442627,1
deep_ssl_strict,8B,0.9993171691894531,1
deep_ssl_strict,8B,0.9953991770744324,1
deep_ssl_strict,8B,0.981162965297699,1
deep_ssl_strict,8B,0.9791218638420105,1
deep_ssl_strict,8B,0.9852321147918701,1
deep_ssl_strict,8B,0.9955319166183472,1
deep_ssl_strict,8B,0.618245005607605,1
gb,94,0.9440087869216921,0
gb,94,0.7045004876425321,0
gb,94,0.8551250573415735,0
gb,94,0.7805579988534479,0
gb,94,0.888077776603903,0
gb,94,0.7935616780100981,0
gb,94,0.9396275737624171,0
gb,94,0.8505580659692138,0
gb,94,0.8970282965010817,0
gb,94,0.7597725809113933,0
gb,94,0.8703303532477363,0
gb,94,0.8751272758684925,0
gb,94,0.8307328296683569,0
gb,94,0.8861262462012751,0
gb,94,0.8858195829543755,0
gb,94,0.8963355309779323,0
gb,94,0.9234544596405884,0
gb,94,0.8839119295648575,0
gb,94,0.8975164112619661,0
gb,94,0.8756909451139223,0
gb,94,0.8868615429229182,0
gb,94,0.924182362468258,0
gb,94,0.9393113929045489,0
gb,94,0.912742423555483,0
gb,94,0.8923878012938212,0
gb,94,0.9263811463238812,0
gb,94,0.9167701271386117,0
gb,94,0.9200127550811577,0
gb,94,0.8895476871908273,0
gb,94,0.9417885166371651,0
gb,94,0.8683770071022556,0
gb,94,0.8714696251165309,0
gb,94,0.9014648340364916,0
gb,94,0.8672644549685076,0
gb,94,0.8744133099139666,0
gb,94,0.8738697080259278,0
gb,94,0.9209388614801861,0
gb,94,0.9253978634782208,0
gb,94,0.9207097394066635,0
gb,94,0.9124252105059962,0
gb,94,0.8564394395312634,0
gb,94,0.8200373666420144,0
gb,94,0.9010700087260594,0
gb,94,0.9498738551636526,0
gb,94,0.942610741813517,0
gb,94,0.9594216129638027,0
gb,94,0.9595336462662963,0
gb,94,0.8971244109972991,0
gb,94,0.932043006455638,0
gb,94,0.8823995720443831,0
gb,94,0.9661682767158419,0
gb,94,0.9530947410635818,0
gb,94,0.8665304496984348,1
gb,94,0.7949118095107655,1
gb,94,0.8553737913238962,1
gb,94,0.06432176772808391,1
gb,94,0.2917345658875016,1
gb,94,0.22730406063058342,1
gb,94,0.24407178090630868,1
gb,94,0.138654670392984,1
gb,94,0.9658322004537833,1
gb,94,0.22559701413408276,1
gb,94,0.14474281122883062,1
gb,94,0.14851831819574293,1
gb,94,0.2638518180640954,1
gb,94,0.11804619499240654,1
gb,94,0.25443564088040727,1
gb,94,0.3153670296792828,1
gb,94,0.26849335557214116,1
gb,94,0.3479539090011405,1
gb,94,0.9085132827021536,1
gb,94,0.9116954009403279,1
gb,94,0.7422340848671023,0
gb,94,0.8219817955907273,0
gb,94,0.8619869033090244,0
gb,94,0.8514852631704426,0
gb,94,0.8382051294174059,0
gb,94,0.8791622210970003,0
gb,94,0.9121049212757859,0
gb,94,0.9365462767245493,0
gb,94,0.9141933013545105,0
gb,94,0.942397541267654,0
gb,94,0.911774707977591,0
gb,94,0.9215964225285941,0
gb,94,0.9173514961970366,0
gb,94,0.9328792367217054,0
gb,94,0.9278166283513638,0
gb,94,0.9533345752882513,0
gb,94,0.9412961270337308,0
gb,94,0.9324403215998794,0
gb,94,0.8789802519543174,0
gb,94,0.854405085905696,0
gb,94,0.8498836196446895,0
gb,94,0.7603015256877875,0
gb,94,0.7421453349750722,0
gb,94,0.8017240416672616,0
gb,94,0.7959092945296581,0
gb,94,0.8402448773587547,0
gb,94,0.8499864505573356,0
gb,94,0.8672424526652327,0
gb,94,0.8609584503953079,0
gb,94,0.8683014411361175,0
gb,94,0.9453721990779714,0
gb,94,0.9038330947161064,0
gb,94,0.5846780389894113,0
gb,94,0.8898887525296141,0
gb,94,0.8627758454822788,0
gb,94,0.8392881432572259,0
gb,94,0.8814856138602137,0
gb,94,0.8695160129628388,0
gb,94,0.8951217127610587,0
gb,94,0.8305094850506523,0
gb,94,0.8407265942969431,0
gb,94,0.8856411576179174,0
gb,94,0.8786456979364936,0
gb,94,0.870496289125581,0
gb,94,0.7933352219537713,0
gb,94,0.9432946189209178,0
gb,94,0.9181205530863302,0
gb,94,0.8498943758895493,0
gb,94,0.8944941597189895,0
gb,94,0.8473562449263432,0
gb,94,0.865836351212205,0
gb,94,0.7930327937557078,0
gb,94,0.8134953197788078,0
gb,94,0.8744402608944911,0
gb,94,0.9359187889927979,0
gb,94,0.9575480445204858,0
gb,94,0.8824949550483125,0
gb,94,0.8858875882948148,0
gb,94,0.8699516757457239,0
gb,94,0.8677715218598517,0
gb,94,0.9059115975198921,0
gb,94,0.8787423470410174,0
gb,94,0.8830983007836887,0
gb,94,0.8642858690244484,0
gb,94,0.8774521032938953,0
gb,94,0.9206357373168185,0
gb,94,0.8839460849252068,1
gb,94,0.9319157559691561,1
gb,94,0.9475716625778351,1
gb,94,0.8946031283731358,1
gb,94,0.9462098794168927,1
gb,94,0.95890618874485,1
gb,94,0.9527931611724659,1
gb,94,0.9588869137806322,1
gb,94,0.9195429420018567,1
gb,94,0.9339716324472163,1
gb,94,0.9074763863038288,1
gb,94,0.9532462721843874,1
gb,94,0.9579230151778951,1
gb,94,0.940525095734396,1
gb,94,0.9562736082621178,1
gb,94,0.9579226401907864,1
gb,94,0.9452059072287308,1
gb,94,0.9482328623340923,1
gb,94,0.9659478382548314,1
gb,94,0.9632120389073279,1
gb,94,0.9444325794549252,1
gb,94,0.9588062688658978,1
gb,94,0.967026222241961,1
gb,94,0.8891027221063218,1
gb,94,0.9510743672312045,1
gb,94,0.855083794879247,1
gb,94,0.8571159222186143,1
gb,94,0.9553770525275712,0
gb,94,0.9500759966808301,0
gb,94,0.9348487405404042,0
gb,94,0.7775732903994095,0
gb,94,0.8992483572616521,0
gb,94,0.880853540093131,0
gb,94,0.9062645981543382,0
gb,94,0.9384218487370563,0
gb,94,0.9646185223742424,0
gb,94,0.9432838744220408,0
gb,94,0.9625721651249141,0
gb,94,0.9709242329382055,0
gb,94,0.9666138002846124,0
gb,94,0.9466551797779007,0
gb,94,0.9469121669046618,0
gb,94,0.9316979269278839,0
gb,94,0.9334415414086028,0
gb,94,0.9587932586798482,0
gb,94,0.9225831846575615,0
gb,94,0.9381723642930012,0
gb,94,0.9170141689892444,0
gb,94,0.8895431509289896,0
gb,94,0.9293490351307782,0
gb,94,0.822076188220478,0
gb,94,0.9072115061575571,0
gb,94,0.8916884788515705,0
gb,94,0.8954589613750342,0
gb,94,0.9219779464970774,0
gb,94,0.9075525415548259,0
gb,94,0.9718638604098162,0
gb,94,0.9814276259636142,0
gb,94,0.9763706304602421,0
gb,94,0.9431089103835931,0
gb,94,0.9604124547266978,0
gb,94,0.9619032329668243,0
gb,94,0.875468842659126,1
gb,94,0.8852029893048656,1
gb,94,0.902185415343608,1
gb,94,0.9069416470772955,1
gb,94,0.8822600129919538,0
gb,94,0.8759584435228156,0
gb,94,0.9252570187741215,0
gb,94,0.9542653143966696,0
gb,94,0.9160368024537752,0
gb,94,0.9353140116058745,0
gb,94,0.9570957528333701,0
gb,94,0.9062631389915616,0
gb,94,0.9209974363759783,0
gb,94,0.9157486432494804,0
gb,94,0.8179947647564284,0
gb,94,0.9424925105746123,0
gb,94,0.9246523130804177,0
gb,94,0.8942025976727109,0
gb,94,0.937022447346383,0
gb,94,0.8925730556033947,0
gb,94,0.888827829026492,0
gb,94,0.9162457633265209,0
gb,94,0.9169850407883627,0
gb,94,0.9298240819179491,0
gb,94,0.9356501267493781,0
gb,94,0.8853713315457744,0
gb,94,0.8785551089051284,0
gb,94,0.939636954013749,0
gb,94,0.8759636520111456,0
gb,94,0.8981487294126481,0
gb,94,0.83513014360031,0
gb,94,0.9350825119826435,0
gb,94,0.8690344552016773,0
gb,94,0.7469130817756692,0
gb,94,0.947813565109286,0
gb,94,0.9740336271533885,0
gb,94,0.8875626047991784,0
gb,94,0.7824672416568696,0
gb,94,0.8453987403875219,0
gb,94,0.8766957073593119,0
gb,94,0.846058261042699,0
gb,94,0.9103936932891138,1
gb,94,0.9601537659381455,1
gb,94,0.9518996207143563,1
gb,94,0.9685343710202639,1
gb,94,0.9337392613762268,1
gb,94,0.9594799050636185,1
gb,94,0.9435389350351989,1
gb,94,0.9536458603921915,1
gb,94,0.8915673060052068,1
gb,94,0.9711002064974062,1
gb,94,0.9604566032228764,1
gb,94,0.8905094114223288,1
gb,94,0.8875445501284687,1
gb,94,0.9008178025059104,1
gb,94,0.839150971548256,1
gb,94,0.7573856221366838,1
gb,94,0.9093635386564785,1
gb,94,0.8362833107125811,1
deep_ssl_strict,94,0.957489550113678,0
deep_ssl_strict,94,0.9506081938743591,0
deep_ssl_strict,94,0.6849455833435059,0
deep_ssl_strict,94,0.7478004097938538,0
deep_ssl_strict,94,0.6198800206184387,0
deep_ssl_strict,94,0.8580611348152161,0
deep_ssl_strict,94,0.8852841258049011,0
deep_ssl_strict,94,0.3744361996650696,0
deep_ssl_strict,94,0.5435423851013184,0
deep_ssl_strict,94,0.3758031129837036,0
deep_ssl_strict,94,0.7132071852684021,0
deep_ssl_strict,94,0.6256445050239563,0
deep_ssl_strict,94,0.39422279596328735,0
deep_ssl_strict,94,0.5118648409843445,0
deep_ssl_strict,94,0.7368727922439575,0
deep_ssl_strict,94,0.4850132167339325,0
deep_ssl_strict,94,0.943203330039978,0
deep_ssl_strict,94,0.9321842789649963,0
deep_ssl_strict,94,0.8880789279937744,0
deep_ssl_strict,94,0.9003181457519531,0
deep_ssl_strict,94,0.8663604855537415,0
deep_ssl_strict,94,0.9398711919784546,0
deep_ssl_strict,94,0.9505447745323181,0
deep_ssl_strict,94,0.9064832925796509,0
deep_ssl_strict,94,0.8531707525253296,0
deep_ssl_strict,94,0.590975284576416,0
deep_ssl_strict,94,0.7078919410705566,0
deep_ssl_strict,94,0.83970707654953,0
deep_ssl_strict,94,0.7799543142318726,0
deep_ssl_strict,94,0.9079148173332214,0
deep_ssl_strict,94,0.758478581905365,0
deep_ssl_strict,94,0.856554388999939,0
deep_ssl_strict,94,0.8810768723487854,0
deep_ssl_strict,94,0.9267820119857788,0
deep_ssl_strict,94,0.9803691506385803,0
deep_ssl_strict,94,0.9541495442390442,0
deep_ssl_strict,94,0.9720821380615234,0
deep_ssl_strict,94,0.9568790197372437,0
deep_ssl_strict,94,0.8655562996864319,0
deep_ssl_strict,94,0.8784550428390503,0
deep_ssl_strict,94,0.8231152892112732,0
deep_ssl_strict,94,0.8420538902282715,0
deep_ssl_strict,94,0.931143045425415,0
deep_ssl_strict,94,0.9605728983879089,0
deep_ssl_strict,94,0.9466016888618469,0
deep_ssl_strict,94,0.9815717935562134,0
deep_ssl_strict,94,0.9776042699813843,0
deep_ssl_strict,94,0.9182624220848083,0
deep_ssl_strict,94,0.8430725336074829,0
deep_ssl_strict,94,0.902275025844574,0
deep_ssl_strict,94,0.942706823348999,0
deep_ssl_strict,94,0.9095137119293213,0
deep_ssl_strict,94,0.9983593821525574,1
deep_ssl_strict,94,0.9941534399986267,1
deep_ssl_strict,94,0.9987024068832397,1
deep_ssl_strict,94,0.9994223117828369,1
deep_ssl_strict,94,0.9991065859794617,1
deep_ssl_strict,94,0.9995548129081726,1
deep_ssl_strict,94,0.9992109537124634,1
deep_ssl_strict,94,0.9997687935829163,1
deep_ssl_strict,94,0.9673462510108948,1
deep_ssl_strict,94,0.993190586566925,1
deep_ssl_strict,94,0.9978938698768616,1
deep_ssl_strict,94,0.9989336133003235,1
deep_ssl_strict,94,0.999596893787384,1
deep_ssl_strict,94,0.9993906021118164,1
deep_ssl_strict,94,0.9995324611663818,1
deep_ssl_strict,94,0.9990503191947937,1
deep_ssl_strict,94,0.9996365308761597,1
deep_ssl_strict,94,0.9996052384376526,1
deep_ssl_strict,94,0.9988478422164917,1
deep_ssl_strict,94,0.9989590644836426,1
deep_ssl_strict,94,0.9422590136528015,0
deep_ssl_strict,94,0.9861284494400024,0
deep_ssl_strict,94,0.8935617804527283,0
deep_ssl_strict,94,0.8865121603012085,0
deep_ssl_strict,94,0.731700599193573,0
deep_ssl_strict,94,0.7687638401985168,0
deep_ssl_strict,94,0.9192999005317688,0
deep_ssl_strict,94,0.8762212991714478,0
deep_ssl_strict,94,0.8951011896133423,0
deep_ssl_strict,94,0.8856170177459717,0
deep_ssl_strict,94,0.8287901878356934,0
deep_ssl_strict,94,0.7680599689483643,0
deep_ssl_strict,94,0.7997887134552002,0
deep_ssl_strict,94,0.8949667811393738,0
deep_ssl_strict,94,0.8523069620132446,0
deep_ssl_strict,94,0.9305755496025085,0
deep_ssl_strict,94,0.9813060164451599,0
deep_ssl_strict,94,0.9847705960273743,0
deep_ssl_strict,94,0.9617667198181152,0
deep_ssl_strict,94,0.9207740426063538,0
deep_ssl_strict,94,0.7596696615219116,0
deep_ssl_strict,94,0.5260366201400757,0
deep_ssl_strict,94,0.8712232708930969,0
deep_ssl_strict,94,0.9610960483551025,0
deep_ssl_strict,94,0.9415106773376465,0
deep_ssl_strict,94,0.9749764800071716,0
deep_ssl_strict,94,0.9716765284538269,0
deep_ssl_strict,94,0.7873505353927612,0
deep_ssl_strict,94,0.993908166885376,0
deep_ssl_strict,94,0.9793874025344849,0
deep_ssl_strict,94,0.8608293533325195,0
deep_ssl_strict,94,0.8862319588661194,0
deep_ssl_strict,94,0.862619936466217,0
deep_ssl_strict,94,0.9791602492332458,0
deep_ssl_strict,94,0.9429512023925781,0
deep_ssl_strict,94,0.9898081421852112,0
deep_ssl_strict,94,0.9484508037567139,0
deep_ssl_strict,94,0.9567244648933411,0
deep_ssl_strict,94,0.9314159750938416,0
deep_ssl_strict,94,0.9507514834403992,0
deep_ssl_strict,94,0.9462977647781372,0
deep_ssl_strict,94,0.9604207873344421,0
deep_ssl_strict,94,0.719281792640686,0
deep_ssl_strict,94,0.9480500221252441,0
deep_ssl_strict,94,0.7130635976791382,0
deep_ssl_strict,94,0.9416095018386841,0
deep_ssl_strict,94,0.9310004115104675,0
deep_ssl_strict,94,0.9476698040962219,0
deep_ssl_strict,94,0.9187726974487305,0
deep_ssl_strict,94,0.8770024180412292,0
deep_ssl_strict,94,0.8516979217529297,0
deep_ssl_strict,94,0.6434553861618042,0
deep_ssl_strict,94,0.9149060249328613,0
deep_ssl_strict,94,0.766390323638916,0
deep_ssl_strict,94,0.9028506278991699,0
deep_ssl_strict,94,0.9174671769142151,0
deep_ssl_strict,94,0.6500146985054016,0
deep_ssl_strict,94,0.6692804098129272,0
deep_ssl_strict,94,0.8513336777687073,0
deep_ssl_strict,94,0.81817626953125,0
deep_ssl_strict,94,0.9400778412818909,0
deep_ssl_strict,94,0.9349132180213928,0
deep_ssl_strict,94,0.9524034857749939,0
deep_ssl_strict,94,0.8659589886665344,0
deep_ssl_strict,94,0.7481935024261475,0
deep_ssl_strict,94,0.8584176898002625,0
deep_ssl_strict,94,0.797140896320343,1
deep_ssl_strict,94,0.8215473294258118,1
deep_ssl_strict,94,0.791914701461792,1
deep_ssl_strict,94,0.8072242140769958,1
deep_ssl_strict,94,0.7540934085845947,1
deep_ssl_strict,94,0.7124415040016174,1
deep_ssl_strict,94,0.8939168453216553,1
deep_ssl_strict,94,0.9220400452613831,1
deep_ssl_strict,94,0.8579277396202087,1
deep_ssl_strict,94,0.9720983505249023,1
deep_ssl_strict,94,0.9745413064956665,1
deep_ssl_strict,94,0.9316951632499695,1
deep_ssl_strict,94,0.8671510815620422,1
deep_ssl_strict,94,0.8123036623001099,1
deep_ssl_strict,94,0.8038232922554016,1
deep_ssl_strict,94,0.7856398820877075,1
deep_ssl_strict,94,0.7548624277114868,1
deep_ssl_strict,94,0.7397421002388,1
deep_ssl_strict,94,0.8939655423164368,1
deep_ssl_strict,94,0.9013611674308777,1
deep_ssl_strict,94,0.9176008701324463,1
deep_ssl_strict,94,0.9025940299034119,1
deep_ssl_strict,94,0.7233281135559082,1
deep_ssl_strict,94,0.7218984961509705,1
deep_ssl_strict,94,0.7963996529579163,1
deep_ssl_strict,94,0.9088079333305359,1
deep_ssl_strict,94,0.8679185509681702,1
deep_ssl_strict,94,0.893860936164856,0
deep_ssl_strict,94,0.9114517569541931,0
deep_ssl_strict,94,0.8760539293289185,0
deep_ssl_strict,94,0.8555415272712708,0
deep_ssl_strict,94,0.8052589297294617,0
deep_ssl_strict,94,0.8569970726966858,0
deep_ssl_strict,94,0.8821326494216919,0
deep_ssl_strict,94,0.8186327219009399,0
deep_ssl_strict,94,0.6864684820175171,0
deep_ssl_strict,94,0.980356752872467,0
deep_ssl_strict,94,0.9789490103721619,0
deep_ssl_strict,94,0.9447121024131775,0
deep_ssl_strict,94,0.8599362969398499,0
deep_ssl_strict,94,0.9702867269515991,0
deep_ssl_strict,94,0.9589401483535767,0
deep_ssl_strict,94,0.8378191590309143,0
deep_ssl_strict,94,0.920478105545044,0
deep_ssl_strict,94,0.9341985583305359,0
deep_ssl_strict,94,0.8959996700286865,0
deep_ssl_strict,94,0.9328442215919495,0
deep_ssl_strict,94,0.9143070578575134,0
deep_ssl_strict,94,0.966460645198822,0
deep_ssl_strict,94,0.9143098592758179,0
deep_ssl_strict,94,0.8979716897010803,0
deep_ssl_strict,94,0.9074432849884033,0
deep_ssl_strict,94,0.8342006802558899,0
deep_ssl_strict,94,0.9276039004325867,0
deep_ssl_strict,94,0.9557835459709167,0
deep_ssl_strict,94,0.9732769727706909,0
deep_ssl_strict,94,0.9376543164253235,0
deep_ssl_strict,94,0.9426446557044983,0
deep_ssl_strict,94,0.9660047888755798,0
deep_ssl_strict,94,0.9755163788795471,0
deep_ssl_strict,94,0.9598088264465332,0
deep_ssl_strict,94,0.9389528036117554,0
deep_ssl_strict,94,0.9765719771385193,1
deep_ssl_strict,94,0.8929937481880188,1
deep_ssl_strict,94,0.9416157603263855,1
deep_ssl_strict,94,0.9466627836227417,1
deep_ssl_strict,94,0.7168665528297424,0
deep_ssl_strict,94,0.828911542892456,0
deep_ssl_strict,94,0.8866958022117615,0
deep_ssl_strict,94,0.8165537714958191,0
deep_ssl_strict,94,0.8932999968528748,0
deep_ssl_strict,94,0.8769859075546265,0
deep_ssl_strict,94,0.9223222732543945,0
deep_ssl_strict,94,0.9679939150810242,0
deep_ssl_strict,94,0.962821364402771,0
deep_ssl_strict,94,0.9412687420845032,0
deep_ssl_strict,94,0.9851904511451721,0
deep_ssl_strict,94,0.9532776474952698,0
deep_ssl_strict,94,0.9292579889297485,0
deep_ssl_strict,94,0.9115486145019531,0
deep_ssl_strict,94,0.8753543496131897,0
deep_ssl_strict,94,0.8921627998352051,0
deep_ssl_strict,94,0.7639985680580139,0
deep_ssl_strict,94,0.944187581539154,0
deep_ssl_strict,94,0.9363523125648499,0
deep_ssl_strict,94,0.8000324964523315,0
deep_ssl_strict,94,0.8294234275817871,0
deep_ssl_strict,94,0.9378598928451538,0
deep_ssl_strict,94,0.9933295845985413,0
deep_ssl_strict,94,0.958702564239502,0
deep_ssl_strict,94,0.9932335019111633,0
deep_ssl_strict,94,0.9885107278823853,0
deep_ssl_strict,94,0.7842717170715332,0
deep_ssl_strict,94,0.780959963798523,0
deep_ssl_strict,94,0.7805851697921753,0
deep_ssl_strict,94,0.8589566946029663,0
deep_ssl_strict,94,0.8631196618080139,0
deep_ssl_strict,94,0.8220491409301758,0
deep_ssl_strict,94,0.9069485068321228,0
deep_ssl_strict,94,0.9979912042617798,0
deep_ssl_strict,94,0.9906120896339417,0
deep_ssl_strict,94,0.9964046478271484,0
deep_ssl_strict,94,0.996359646320343,0
deep_ssl_strict,94,0.787074625492096,1
deep_ssl_strict,94,0.7656300067901611,1
deep_ssl_strict,94,0.743172287940979,1
deep_ssl_strict,94,0.7773106694221497,1
deep_ssl_strict,94,0.7365106344223022,1
deep_ssl_strict,94,0.8763899207115173,1
deep_ssl_strict,94,0.9122499227523804,1
deep_ssl_strict,94,0.8670399188995361,1
deep_ssl_strict,94,0.6944052577018738,1
deep_ssl_strict,94,0.905326247215271,1
deep_ssl_strict,94,0.9078854322433472,1
deep_ssl_strict,94,0.6638479828834534,1
deep_ssl_strict,94,0.7323798537254333,1
deep_ssl_strict,94,0.5552197694778442,1
deep_ssl_strict,94,0.28102415800094604,1
deep_ssl_strict,94,0.3756556808948517,1
deep_ssl_strict,94,0.5232097506523132,1
deep_ssl_strict,94,0.5327368378639221,1
gb,BG,0.8585238659990913,1
gb,BG,0.6177554426869487,1
gb,BG,0.910138073450989,1
gb,BG,0.8790629579938941,1
gb,BG,0.5808158529849502,1
gb,BG,0.6279867930353122,1
gb,BG,0.7276389147713532,1
gb,BG,0.7222430025831996,1
gb,BG,0.723821083236823,1
gb,BG,0.7043930997339565,1
gb,BG,0.7324408135745392,1
gb,BG,0.7094501740455207,1
gb,BG,0.762846613804953,1
gb,BG,0.7291868093415205,1
gb,BG,0.6839649373138226,1
gb,BG,0.7592320329045066,1
gb,BG,0.6933126843580945,1
gb,BG,0.6547671559459786,1
gb,BG,0.804795574700422,1
gb,BG,0.646670869312319,1
gb,BG,0.6122795721750491,1
gb,BG,0.6614466723958012,1
gb,BG,0.669835639717857,1
gb,BG,0.6260816255641344,1
gb,BG,0.639785565005443,1
gb,BG,0.6105486474949935,1
gb,BG,0.46248076756574485,1
gb,BG,0.5571180896065904,1
gb,BG,0.7420340427219587,1
gb,BG,0.6116429524696106,1
gb,BG,0.6576372389116533,1
gb,BG,0.7768117669868045,1
gb,BG,0.7636404921458191,1
gb,BG,0.7131053706399674,1
gb,BG,0.7110518435798402,1
gb,BG,0.6221674600796169,1
gb,BG,0.6888006468378474,1
gb,BG,0.6310602099255016,1
gb,BG,0.4763294673074089,1
gb,BG,0.47686943239251406,1
gb,BG,0.5590721169773875,1
gb,BG,0.5686950018924264,1
gb,BG,0.6599723436278763,1
gb,BG,0.7031513747669886,1
gb,BG,0.4921689067137117,1
gb,BG,0.6509867850552601,1
gb,BG,0.7508933729037506,1
gb,BG,0.6399746360593423,1
gb,BG,0.6081422762244036,1
gb,BG,0.7464001772780221,1
gb,BG,0.8726952601991134,1
gb,BG,0.8065406350217016,1
gb,BG,0.6237125213517521,1
gb,BG,0.7066547101342551,1
gb,BG,0.673564252043181,1
gb,BG,0.6618544228895993,1
gb,BG,0.6340424471825252,1
gb,BG,0.7718019581527247,1
gb,BG,0.4079069583671007,1
gb,BG,0.7759877336560504,1
gb,BG,0.5829503264980737,1
gb,BG,0.401129502024518,1
gb,BG,0.7835721398631227,1
gb,BG,0.8099860243609119,1
gb,BG,0.771656873583538,1
gb,BG,0.6836033463216845,1
gb,BG,0.639804574801077,1
gb,BG,0.4892425267655615,1
gb,BG,0.4609914245980274,1
gb,BG,0.3067322935329849,1
gb,BG,0.32014782110638695,1
gb,BG,0.5863461435472802,1
gb,BG,0.6505931323375205,1
gb,BG,0.6047652502733827,1
gb,BG,0.39475788850753213,1
gb,BG,0.44195656108397957,1
gb,BG,0.493416260773692,1
gb,BG,0.6102324216948041,1
gb,BG,0.5062214169469132,1
gb,BG,0.5009590622485568,1
gb,BG,0.6497320995215593,1
gb,BG,0.8113304708713364,1
gb,BG,0.8185392186418115,1
gb,BG,0.43739509715369457,1
gb,BG,0.6532198605144294,1
gb,BG,0.6113937074966349,1
gb,BG,0.8283921151907678,1
gb,BG,0.7585919294608898,1
gb,BG,0.7377362945716887,1
gb,BG,0.4037270540358271,1
gb,BG,0.589267270458682,1
gb,BG,0.7087207510344612,1
gb,BG,0.5381292261603764,1
gb,BG,0.702122501606252,1
gb,BG,0.6623453985501899,1
gb,BG,0.5683823282256109,1
gb,BG,0.6257027670463331,1
gb,BG,0.6207626477918405,1
gb,BG,0.6329399743493195,1
gb,BG,0.5417397209359681,1
gb,BG,0.4809513877142689,1
gb,BG,0.4827758992966638,1
gb,BG,0.4729795354040828,1
gb,BG,0.5062214169469132,1
gb,BG,0.46891693939421125,1
gb,BG,0.6807117308820021,1
gb,BG,0.7364238748494155,1
gb,BG,0.616625813997228,1
gb,BG,0.628881745820171,1
gb,BG,0.5975498257156964,1
gb,BG,0.6183024161913828,1
gb,BG,0.6698222898982552,1
gb,BG,0.7568845673294925,1
gb,BG,0.7203074911841535,1
gb,BG,0.6366564501824564,1
gb,BG,0.6846490219448739,1
gb,BG,0.7591433458316846,1
gb,BG,0.7234968345965931,1
gb,BG,0.7391123136373604,1
gb,BG,0.8152099876830674,1
gb,BG,0.5281658378811313,1
gb,BG,0.4435443699695695,1
gb,BG,0.6430541743530177,1
gb,BG,0.8586534689572058,1
gb,BG,0.8790179468314875,1
gb,BG,0.9139755403965384,1
gb,BG,0.8452722690092611,1
gb,BG,0.8034412456316478,1
gb,BG,0.817963499745691,1
gb,BG,0.8995715232198682,1
gb,BG,0.8511538750092428,1
gb,BG,0.7913223122863238,1
gb,BG,0.8487125795781615,1
gb,BG,0.7542643331623101,1
gb,BG,0.4354630353618588,1
gb,BG,0.5976246693625585,1
gb,BG,0.5579104307879718,1
gb,BG,0.7018240131233044,1
gb,BG,0.7374583281502183,1
gb,BG,0.4584804823350964,1
gb,BG,0.4512461523893029,1
gb,BG,0.4942516152532883,1
gb,BG,0.608167240340147,1
gb,BG,0.4915987280881612,1
gb,BG,0.41405454763983934,1
gb,BG,0.3662923914246579,1
gb,BG,0.41586153292677036,1
gb,BG,0.42601995483450433,1
gb,BG,0.5277306702528064,1
gb,BG,0.47113581831223195,1
gb,BG,0.4870230717354315,1
gb,BG,0.471909396814838,1
gb,BG,0.4660461150359341,1
gb,BG,0.445829075701216,1
gb,BG,0.45460820139042973,1
gb,BG,0.47371319284934293,1
gb,BG,0.4564988000262308,1
gb,BG,0.6962707340664176,0
gb,BG,0.6432068262459703,0
gb,BG,0.8826671093185281,0
gb,BG,0.7398276273596134,0
gb,BG,0.882744882456605,0
gb,BG,0.863912423355734,0
gb,BG,0.7679867204010881,0
gb,BG,0.7567984474894678,0
gb,BG,0.24869195120600857,0
gb,BG,0.23222345271758377,0
gb,BG,0.23012845949744914,0
gb,BG,0.4790621003396687,1
gb,BG,0.6067748589549123,1
gb,BG,0.7328237838548463,1
gb,BG,0.7245733017089622,1
gb,BG,0.8607671767968824,1
gb,BG,0.8665536321892947,1
gb,BG,0.7604114874422052,1
gb,BG,0.42411949859424486,1
gb,BG,0.5398106008597455,1
gb,BG,0.4856719254526759,1
gb,BG,0.4531388214177418,1
gb,BG,0.5225471910654125,1
gb,BG,0.4160698600030879,1
gb,BG,0.4790919952055518,1
gb,BG,0.4957703766320932,1
gb,BG,0.42726165294903784,1
gb,BG,0.46805618060551485,1
gb,BG,0.3808346300615762,1
gb,BG,0.43457627803383947,1
gb,BG,0.37988258635391053,1
gb,BG,0.3373265834914333,1
gb,BG,0.32023477260285765,1
gb,BG,0.42822901823789394,1
gb,BG,0.4262842690863906,1
gb,BG,0.7044713154825017,1
gb,BG,0.6482453892055422,1
gb,BG,0.6330793308387598,1
gb,BG,0.7398053646753058,1
gb,BG,0.6231452674057506,1
gb,BG,0.6761241756107393,1
gb,BG,0.5219575930391461,1
gb,BG,0.652555921407427,1
gb,BG,0.5918029473334957,1
gb,BG,0.5539025310324336,1
gb,BG,0.6433986226298404,1
gb,BG,0.4907713469314815,1
gb,BG,0.4270213354308958,1
gb,BG,0.47852914381188083,1
gb,BG,0.5399941688954657,1
gb,BG,0.5083621451603874,1
gb,BG,0.5114034157500917,1
gb,BG,0.5522498768406587,1
gb,BG,0.5437878098645159,1
gb,BG,0.48792306111781725,1
gb,BG,0.3773452884238243,1
gb,BG,0.5852589017441787,1
gb,BG,0.6780184068110828,1
gb,BG,0.5054519014605066,1
gb,BG,0.8908650839905227,1
gb,BG,0.8045452841950215,1
gb,BG,0.7788608798816835,1
gb,BG,0.7476526268900648,1
gb,BG,0.8348244729925105,1
gb,BG,0.6674389593079549,1
gb,BG,0.6012509892744554,1
gb,BG,0.5454054649164362,1
gb,BG,0.20944203369479503,1
gb,BG,0.24037739251972773,1
gb,BG,0.6862291033030914,1
gb,BG,0.6754626015192889,1
gb,BG,0.2829366379275476,1
gb,BG,0.39014862142782963,1
gb,BG,0.6444686936681756,1
gb,BG,0.44642411464753995,1
gb,BG,0.8224111480278515,1
gb,BG,0.9013453077231623,1
gb,BG,0.7146840039114298,1
gb,BG,0.6479828998202305,1
gb,BG,0.8885845215025046,1
gb,BG,0.9038472646118824,1
gb,BG,0.9151112158650323,1
gb,BG,0.920730574297109,1
gb,BG,0.3742747517217473,1
gb,BG,0.8178182989695989,1
gb,BG,0.8585408595143242,1
gb,BG,0.9083333399851677,1
gb,BG,0.9133057893457481,1
gb,BG,0.9283020928508025,1
gb,BG,0.9473074947083341,1
gb,BG,0.8944143660089786,1
gb,BG,0.8922453866840441,1
gb,BG,0.9465021283078129,1
gb,BG,0.951093955364618,1
gb,BG,0.9489164724546958,1
gb,BG,0.8684830924767484,1
gb,BG,0.8390585124531496,1
gb,BG,0.8421526932668563,1
gb,BG,0.670723147476488,1
gb,BG,0.7119705566449931,1
gb,BG,0.884454815859244,1
gb,BG,0.8505358492320713,1
gb,BG,0.912349917761408,1
gb,BG,0.6042054225624576,1
gb,BG,0.874125985670742,1
gb,BG,0.8698045811619478,1
gb,BG,0.9795454118414099,1
gb,BG,0.9650421124285666,1
gb,BG,0.9667807667508681,1
gb,BG,0.972584329067763,1
gb,BG,0.9605043533909585,1
gb,BG,0.9225849782256657,1
gb,BG,0.892957552875044,1
gb,BG,0.8522852655408448,1
gb,BG,0.7193436965227233,1
gb,BG,0.7793329113178384,1
gb,BG,0.7423657579754386,1
gb,BG,0.6942129785029842,1
gb,BG,0.6166901992907766,1
gb,BG,0.8285028670930832,1
gb,BG,0.8169162645605523,1
gb,BG,0.7322377438198907,1
gb,BG,0.7653243576962755,1
gb,BG,0.6907935441119177,1
gb,BG,0.8816075992281043,1
gb,BG,0.9275092347057509,1
gb,BG,0.523296929883089,1
gb,BG,0.6210587820099484,1
gb,BG,0.6529200306168617,1
gb,BG,0.7805449621871275,1
gb,BG,0.7584183493507645,1
gb,BG,0.8272575331549291,1
gb,BG,0.8029491407352932,1
gb,BG,0.7808365640490108,1
gb,BG,0.7121396927453006,1
gb,BG,0.7464232063942443,1
gb,BG,0.7412228143279188,1
gb,BG,0.6387367834398057,1
gb,BG,0.7094524577320581,1
gb,BG,0.27080074148376126,1
gb,BG,0.7707379492097991,1
gb,BG,0.671388126373625,1
gb,BG,0.771011445508944,1
gb,BG,0.7899145397197121,1
gb,BG,0.8104447097297749,1
gb,BG,0.7624102432292699,1
gb,BG,0.7658885344603201,1
gb,BG,0.7804057532410484,1
gb,BG,0.7272896001121056,1
gb,BG,0.7169095443459113,1
gb,BG,0.6594402347770026,1
gb,BG,0.554986350538665,1
gb,BG,0.6033877976539819,1
gb,BG,0.8010293789362842,1
gb,BG,0.6095603347866955,1
gb,BG,0.46011024272381357,1
gb,BG,0.7283145431066431,1
gb,BG,0.5562779705863015,1
gb,BG,0.409074294545992,1
gb,BG,0.4758073925269168,1
deep_ssl_strict,BG,0.22031843662261963,1
deep_ssl_strict,BG,0.48250287771224976,1
deep_ssl_strict,BG,0.4032806158065796,1
deep_ssl_strict,BG,0.9969539642333984,1
deep_ssl_strict,BG,0.9923220276832581,1
deep_ssl_strict,BG,0.9287833571434021,1
deep_ssl_strict,BG,0.9970749616622925,1
deep_ssl_strict,BG,0.9978047013282776,1
deep_ssl_strict,BG,0.9599409103393555,1
deep_ssl_strict,BG,0.8795514702796936,1
deep_ssl_strict,BG,0.9393171072006226,1
deep_ssl_strict,BG,0.9576377868652344,1
deep_ssl_strict,BG,0.7902764081954956,1
deep_ssl_strict,BG,0.4652537405490875,1
deep_ssl_strict,BG,0.777571976184845,1
deep_ssl_strict,BG,0.986488401889801,1
deep_ssl_strict,BG,0.9734569787979126,1
deep_ssl_strict,BG,0.9823675155639648,1
deep_ssl_strict,BG,0.9101903438568115,1
deep_ssl_strict,BG,0.9921750426292419,1
deep_ssl_strict,BG,0.2989606559276581,1
deep_ssl_strict,BG,0.8156479597091675,1
deep_ssl_strict,BG,0.9709293246269226,1
deep_ssl_strict,BG,0.8513763546943665,1
deep_ssl_strict,BG,0.8182770609855652,1
deep_ssl_strict,BG,0.29004499316215515,1
deep_ssl_strict,BG,0.48469221591949463,1
deep_ssl_strict,BG,0.9841672778129578,1
deep_ssl_strict,BG,0.7953686118125916,1
deep_ssl_strict,BG,0.33858776092529297,1
deep_ssl_strict,BG,0.5274456739425659,1
deep_ssl_strict,BG,0.9454392194747925,1
deep_ssl_strict,BG,0.8367834687232971,1
deep_ssl_strict,BG,0.10712617635726929,1
deep_ssl_strict,BG,0.3494204580783844,1
deep_ssl_strict,BG,0.5083073377609253,1
deep_ssl_strict,BG,0.9736610651016235,1
deep_ssl_strict,BG,0.7394313812255859,1
deep_ssl_strict,BG,0.5630939602851868,1
deep_ssl_strict,BG,0.5836306810379028,1
deep_ssl_strict,BG,0.7162492275238037,1
deep_ssl_strict,BG,0.41345474123954773,1
deep_ssl_strict,BG,0.8978943228721619,1
deep_ssl_strict,BG,0.7889686822891235,1
deep_ssl_strict,BG,0.7083614468574524,1
deep_ssl_strict,BG,0.884307324886322,1
deep_ssl_strict,BG,0.9488869905471802,1
deep_ssl_strict,BG,0.9998000264167786,1
deep_ssl_strict,BG,0.7810727953910828,1
deep_ssl_strict,BG,0.8917808532714844,1
deep_ssl_strict,BG,0.90732342004776,1
deep_ssl_strict,BG,0.33346858620643616,1
deep_ssl_strict,BG,0.899820864200592,1
deep_ssl_strict,BG,0.9527636170387268,1
deep_ssl_strict,BG,0.3368729054927826,1
deep_ssl_strict,BG,0.10233298689126968,1
deep_ssl_strict,BG,0.06552806496620178,1
deep_ssl_strict,BG,0.8811196684837341,1
deep_ssl_strict,BG,0.8134241104125977,1
deep_ssl_strict,BG,0.639873206615448,1
deep_ssl_strict,BG,0.9312941431999207,1
deep_ssl_strict,BG,0.6790299415588379,1
deep_ssl_strict,BG,0.9660842418670654,1
deep_ssl_strict,BG,0.9443389177322388,1
deep_ssl_strict,BG,0.9356105327606201,1
deep_ssl_strict,BG,0.9412519931793213,1
deep_ssl_strict,BG,0.8799437880516052,1
deep_ssl_strict,BG,0.6351272463798523,1
deep_ssl_strict,BG,0.34773823618888855,1
deep_ssl_strict,BG,0.35465458035469055,1
deep_ssl_strict,BG,0.4312491714954376,1
deep_ssl_strict,BG,0.997296154499054,1
deep_ssl_strict,BG,0.3315433859825134,1
deep_ssl_strict,BG,0.9434959888458252,1
deep_ssl_strict,BG,0.9462028741836548,1
deep_ssl_strict,BG,0.29119983315467834,1
deep_ssl_strict,BG,0.45195019245147705,1
deep_ssl_strict,BG,0.6367709040641785,1
deep_ssl_strict,BG,0.48493891954421997,1
deep_ssl_strict,BG,0.7149834632873535,1
deep_ssl_strict,BG,0.8776049613952637,1
deep_ssl_strict,BG,0.9716008901596069,1
deep_ssl_strict,BG,0.967734158039093,1
deep_ssl_strict,BG,0.8917116522789001,1
deep_ssl_strict,BG,0.7855153679847717,1
deep_ssl_strict,BG,0.9173828959465027,1
deep_ssl_strict,BG,0.5191223621368408,1
deep_ssl_strict,BG,0.9919626116752625,1
deep_ssl_strict,BG,0.9749040603637695,1
deep_ssl_strict,BG,0.8835618495941162,1
deep_ssl_strict,BG,0.8254901170730591,1
deep_ssl_strict,BG,0.8562116622924805,1
deep_ssl_strict,BG,0.7866340279579163,1
deep_ssl_strict,BG,0.4897466003894806,1
deep_ssl_strict,BG,0.7438260912895203,1
deep_ssl_strict,BG,0.25728297233581543,1
deep_ssl_strict,BG,0.2913700342178345,1
deep_ssl_strict,BG,0.2181423455476761,1
deep_ssl_strict,BG,0.5699598789215088,1
deep_ssl_strict,BG,0.5277584195137024,1
deep_ssl_strict,BG,0.3807169795036316,1
deep_ssl_strict,BG,0.5393122434616089,1
deep_ssl_strict,BG,0.1864258050918579,1
deep_ssl_strict,BG,0.7877554893493652,1
deep_ssl_strict,BG,0.5832434892654419,1
deep_ssl_strict,BG,0.7478152513504028,1
deep_ssl_strict,BG,0.9693034291267395,1
deep_ssl_strict,BG,0.9794106483459473,1
deep_ssl_strict,BG,0.9737963676452637,1
deep_ssl_strict,BG,0.879381537437439,1
deep_ssl_strict,BG,0.8931013345718384,1
deep_ssl_strict,BG,0.5592514276504517,1
deep_ssl_strict,BG,0.6866707801818848,1
deep_ssl_strict,BG,0.6238294839859009,1
deep_ssl_strict,BG,0.9562285542488098,1
deep_ssl_strict,BG,0.7135671377182007,1
deep_ssl_strict,BG,0.8273569941520691,1
deep_ssl_strict,BG,0.9694671034812927,1
deep_ssl_strict,BG,0.8751153349876404,1
deep_ssl_strict,BG,0.9773984551429749,1
deep_ssl_strict,BG,0.609271228313446,1
deep_ssl_strict,BG,0.9785457849502563,1
deep_ssl_strict,BG,0.8850775957107544,1
deep_ssl_strict,BG,0.4284251928329468,1
deep_ssl_strict,BG,0.8012521862983704,1
deep_ssl_strict,BG,0.9679132699966431,1
deep_ssl_strict,BG,0.6399896740913391,1
deep_ssl_strict,BG,0.7792372107505798,1
deep_ssl_strict,BG,0.9967471361160278,1
deep_ssl_strict,BG,0.9935247898101807,1
deep_ssl_strict,BG,0.9974937438964844,1
deep_ssl_strict,BG,0.9987136125564575,1
deep_ssl_strict,BG,0.9999113082885742,1
deep_ssl_strict,BG,0.9989510774612427,1
deep_ssl_strict,BG,0.7413547039031982,1
deep_ssl_strict,BG,0.5840786695480347,1
deep_ssl_strict,BG,0.817151665687561,1
deep_ssl_strict,BG,0.5574311017990112,1
deep_ssl_strict,BG,0.8477610349655151,1
deep_ssl_strict,BG,0.855011522769928,1
deep_ssl_strict,BG,0.9524556994438171,1
deep_ssl_strict,BG,0.9320139288902283,1
deep_ssl_strict,BG,0.9050106406211853,1
deep_ssl_strict,BG,0.7931807041168213,1
deep_ssl_strict,BG,0.7656292915344238,1
deep_ssl_strict,BG,0.4815318286418915,1
deep_ssl_strict,BG,0.484271764755249,1
deep_ssl_strict,BG,0.5493088364601135,1
deep_ssl_strict,BG,0.6315552592277527,1
deep_ssl_strict,BG,0.6046345829963684,1
deep_ssl_strict,BG,0.5933593511581421,1
deep_ssl_strict,BG,0.8724945783615112,1
deep_ssl_strict,BG,0.575147271156311,1
deep_ssl_strict,BG,0.8869214653968811,1
deep_ssl_strict,BG,0.4078003466129303,1
deep_ssl_strict,BG,0.5368562936782837,1
deep_ssl_strict,BG,0.793896496295929,1
deep_ssl_strict,BG,0.9904159307479858,0
deep_ssl_strict,BG,0.9579229354858398,0
deep_ssl_strict,BG,0.9828506708145142,0
deep_ssl_strict,BG,0.9981192946434021,0
deep_ssl_strict,BG,0.9879152774810791,0
deep_ssl_strict,BG,0.9999197721481323,0
deep_ssl_strict,BG,0.9772442579269409,0
deep_ssl_strict,BG,0.9991719722747803,0
deep_ssl_strict,BG,0.9963511228561401,0
deep_ssl_strict,BG,0.9970905780792236,0
deep_ssl_strict,BG,0.9979565143585205,0
deep_ssl_strict,BG,0.9538223147392273,1
deep_ssl_strict,BG,0.9608885645866394,1
deep_ssl_strict,BG,0.9435796737670898,1
deep_ssl_strict,BG,0.9858603477478027,1
deep_ssl_strict,BG,0.890918493270874,1
deep_ssl_strict,BG,0.9107915759086609,1
deep_ssl_strict,BG,0.9628833532333374,1
deep_ssl_strict,BG,0.9190869927406311,1
deep_ssl_strict,BG,0.9643988013267517,1
deep_ssl_strict,BG,0.9328320622444153,1
deep_ssl_strict,BG,0.9037875533103943,1
deep_ssl_strict,BG,0.8512759208679199,1
deep_ssl_strict,BG,0.8820838928222656,1
deep_ssl_strict,BG,0.9370472431182861,1
deep_ssl_strict,BG,0.7518042922019958,1
deep_ssl_strict,BG,0.6905447840690613,1
deep_ssl_strict,BG,0.8795013427734375,1
deep_ssl_strict,BG,0.8833431601524353,1
deep_ssl_strict,BG,0.9083935022354126,1
deep_ssl_strict,BG,0.9464004635810852,1
deep_ssl_strict,BG,0.963976263999939,1
deep_ssl_strict,BG,0.9733180999755859,1
deep_ssl_strict,BG,0.9835424423217773,1
deep_ssl_strict,BG,0.9861742258071899,1
deep_ssl_strict,BG,0.9894212484359741,1
deep_ssl_strict,BG,0.981933057308197,1
deep_ssl_strict,BG,0.9878809452056885,1
deep_ssl_strict,BG,0.9813653826713562,1
deep_ssl_strict,BG,0.8126763701438904,1
deep_ssl_strict,BG,0.8906129002571106,1
deep_ssl_strict,BG,0.9047148823738098,1
deep_ssl_strict,BG,0.9624367356300354,1
deep_ssl_strict,BG,0.9942321181297302,1
deep_ssl_strict,BG,0.9754461646080017,1
deep_ssl_strict,BG,0.9460223317146301,1
deep_ssl_strict,BG,0.9513261914253235,1
deep_ssl_strict,BG,0.9589381814002991,1
deep_ssl_strict,BG,0.9460083842277527,1
deep_ssl_strict,BG,0.9643553495407104,1
deep_ssl_strict,BG,0.9590559005737305,1
deep_ssl_strict,BG,0.9609946608543396,1
deep_ssl_strict,BG,0.948025107383728,1
deep_ssl_strict,BG,0.9190122485160828,1
deep_ssl_strict,BG,0.7198362946510315,1
deep_ssl_strict,BG,0.9054480791091919,1
deep_ssl_strict,BG,0.8419623970985413,1
deep_ssl_strict,BG,0.9579697847366333,1
deep_ssl_strict,BG,0.9542508125305176,1
deep_ssl_strict,BG,0.9522742033004761,1
deep_ssl_strict,BG,0.976847767829895,1
deep_ssl_strict,BG,0.9826183319091797,1
deep_ssl_strict,BG,0.9815852642059326,1
deep_ssl_strict,BG,0.9710496068000793,1
deep_ssl_strict,BG,0.9637629389762878,1
deep_ssl_strict,BG,0.9772154688835144,1
deep_ssl_strict,BG,0.9705684781074524,1
deep_ssl_strict,BG,0.950265109539032,1
deep_ssl_strict,BG,0.996698796749115,1
deep_ssl_strict,BG,0.9963815212249756,1
deep_ssl_strict,BG,0.9633768796920776,1
deep_ssl_strict,BG,0.9665794968605042,1
deep_ssl_strict,BG,0.9999855756759644,1
deep_ssl_strict,BG,0.9999998807907104,1
deep_ssl_strict,BG,0.9999990463256836,1
deep_ssl_strict,BG,0.9999971389770508,1
deep_ssl_strict,BG,0.9999951124191284,1
deep_ssl_strict,BG,0.9999949932098389,1
deep_ssl_strict,BG,0.9999943971633911,1
deep_ssl_strict,BG,0.9999868869781494,1
deep_ssl_strict,BG,0.9999972581863403,1
deep_ssl_strict,BG,0.9999980926513672,1
deep_ssl_strict,BG,0.99998939037323,1
deep_ssl_strict,BG,0.9999290704727173,1
deep_ssl_strict,BG,0.999984622001648,1
deep_ssl_strict,BG,0.9999825954437256,1
deep_ssl_strict,BG,0.9999980926513672,1
deep_ssl_strict,BG,0.9999980926513672,1
deep_ssl_strict,BG,0.9999973773956299,1
deep_ssl_strict,BG,0.999996542930603,1
deep_ssl_strict,BG,0.9999958276748657,1
deep_ssl_strict,BG,0.9999940395355225,1
deep_ssl_strict,BG,0.9999910593032837,1
deep_ssl_strict,BG,0.9999855756759644,1
deep_ssl_strict,BG,0.9999685287475586,1
deep_ssl_strict,BG,0.9997647404670715,1
deep_ssl_strict,BG,0.9997381567955017,1
deep_ssl_strict,BG,0.9988603591918945,1
deep_ssl_strict,BG,0.960688054561615,1
deep_ssl_strict,BG,0.9943404197692871,1
deep_ssl_strict,BG,0.9949755668640137,1
deep_ssl_strict,BG,0.9905586242675781,1
deep_ssl_strict,BG,0.9939445853233337,1
deep_ssl_strict,BG,0.9895630478858948,1
deep_ssl_strict,BG,0.99481201171875,1
deep_ssl_strict,BG,0.9769617915153503,1
deep_ssl_strict,BG,0.9831823110580444,1
deep_ssl_strict,BG,0.9866107702255249,1
deep_ssl_strict,BG,0.9954100251197815,1
deep_ssl_strict,BG,0.980137288570404,1
deep_ssl_strict,BG,0.9693154692649841,1
deep_ssl_strict,BG,0.8420913815498352,1
deep_ssl_strict,BG,0.946287214756012,1
deep_ssl_strict,BG,0.9965755343437195,1
deep_ssl_strict,BG,0.9999340772628784,1
deep_ssl_strict,BG,0.999248206615448,1
deep_ssl_strict,BG,0.9999047517776489,1
deep_ssl_strict,BG,0.9998620748519897,1
deep_ssl_strict,BG,0.9998548030853271,1
deep_ssl_strict,BG,0.9999425411224365,1
deep_ssl_strict,BG,0.9974504113197327,1
deep_ssl_strict,BG,0.9983273148536682,1
deep_ssl_strict,BG,0.9875984787940979,1
deep_ssl_strict,BG,0.9367761015892029,1
deep_ssl_strict,BG,0.9997987151145935,1
deep_ssl_strict,BG,0.9974098801612854,1
deep_ssl_strict,BG,0.9951848387718201,1
deep_ssl_strict,BG,0.7583659887313843,1
deep_ssl_strict,BG,0.08854827284812927,1
deep_ssl_strict,BG,0.97735595703125,1
deep_ssl_strict,BG,0.08439165353775024,1
deep_ssl_strict,BG,0.06305888295173645,1
deep_ssl_strict,BG,0.12509466707706451,1
deep_ssl_strict,BG,0.08458834141492844,1
deep_ssl_strict,BG,0.24509747326374054,1
deep_ssl_strict,BG,0.9046845436096191,1
deep_ssl_strict,BG,0.8370105028152466,1
deep_ssl_strict,BG,0.03890124708414078,1
deep_ssl_strict,BG,0.05658043920993805,1
deep_ssl_strict,BG,0.8836528062820435,1
deep_ssl_strict,BG,0.4575563371181488,1
deep_ssl_strict,BG,0.9517419934272766,1
deep_ssl_strict,BG,0.465461790561676,1
deep_ssl_strict,BG,0.5279126763343811,1
deep_ssl_strict,BG,0.5039181709289551,1
deep_ssl_strict,BG,0.5670990347862244,1
deep_ssl_strict,BG,0.48864465951919556,1
deep_ssl_strict,BG,0.5365909337997437,1
deep_ssl_strict,BG,0.3540342152118683,1
deep_ssl_strict,BG,0.08333595097064972,1
deep_ssl_strict,BG,0.22771725058555603,1
deep_ssl_strict,BG,0.6631248593330383,1
deep_ssl_strict,BG,0.3778960108757019,1
deep_ssl_strict,BG,0.8998116254806519,1
deep_ssl_strict,BG,0.5950937271118164,1
deep_ssl_strict,BG,0.8061955571174622,1
deep_ssl_strict,BG,0.13631851971149445,1
deep_ssl_strict,BG,0.9474356770515442,1
deep_ssl_strict,BG,0.9006474614143372,1
deep_ssl_strict,BG,0.9952322840690613,1
gb,DF,0.48812465291312096,1
gb,DF,0.4974079909165842,1
gb,DF,0.3412927669034685,1
gb,DF,0.41177310781063103,1
gb,DF,0.9133475163981855,0
gb,DF,0.9389274503112376,0
gb,DF,0.935508628115539,0
gb,DF,0.9214573540909922,0
gb,DF,0.9230756339016902,0
gb,DF,0.9187572990280378,0
gb,DF,0.9300475678362652,0
gb,DF,0.9299540422898167,0
gb,DF,0.8592363417619182,0
gb,DF,0.8869720837306735,0
gb,DF,0.8260125873167958,0
gb,DF,0.9670592884586889,0
gb,DF,0.9570997531680722,0
gb,DF,0.9534249793811613,0
gb,DF,0.9717834498607246,1
gb,DF,0.9721652603684561,1
gb,DF,0.9721652603684561,1
gb,DF,0.9742594885239982,1
gb,DF,0.9721652603684561,1
gb,DF,0.9721875621431916,1
gb,DF,0.9742594885239982,1
gb,DF,0.9721875621431916,1
gb,DF,0.9085671259018544,1
gb,DF,0.9313194637924642,1
gb,DF,0.9732064686242556,1
gb,DF,0.9842179958873617,1
gb,DF,0.985072510710372,1
gb,DF,0.9746191636608839,1
gb,DF,0.9800140916315286,1
gb,DF,0.9821204355575985,1
gb,DF,0.9807225759522394,1
gb,DF,0.9905717032539596,1
gb,DF,0.9908437792444421,1
gb,DF,0.9812238423914088,1
gb,DF,0.9821330694761671,1
gb,DF,0.9837080501890522,1
gb,DF,0.9903656214243161,1
gb,DF,0.9848412205937891,1
gb,DF,0.9792269391762441,1
gb,DF,0.974172072581698,1
gb,DF,0.9677961538646083,1
gb,DF,0.9810915644012626,1
gb,DF,0.9727928242220483,1
gb,DF,0.9690305177330063,1
gb,DF,0.9795126281400444,1
gb,DF,0.9775472624098192,1
gb,DF,0.9909184159179257,1
gb,DF,0.9899441955366269,1
gb,DF,0.989489000727161,1
gb,DF,0.9902088368931331,1
gb,DF,0.9902112505337498,1
gb,DF,0.9901717564662383,1
gb,DF,0.9825554478994593,1
gb,DF,0.9783345729407594,1
gb,DF,0.9910548022255894,1
gb,DF,0.9907081531941144,1
gb,DF,0.9693885826450567,1
gb,DF,0.9816403175692529,1
gb,DF,0.9616544275651423,1
gb,DF,0.9760467372692081,1
gb,DF,0.9721047096325194,1
gb,DF,0.9710705599151813,1
gb,DF,0.9743573611095773,1
gb,DF,0.9899400523973236,1
gb,DF,0.9902149971827888,1
gb,DF,0.9903931213336883,1
gb,DF,0.9902391867292721,1
gb,DF,0.93976031820705,1
gb,DF,0.9781438444497184,1
gb,DF,0.9895324092224557,1
gb,DF,0.9881300163068695,1
gb,DF,0.9889769415461649,1
gb,DF,0.9896105960811931,1
gb,DF,0.9912250878055345,1
gb,DF,0.9898266863061081,1
gb,DF,0.9898266863061081,1
gb,DF,0.9907433277410611,1
gb,DF,0.9908893848511621,1
gb,DF,0.9861955276379126,1
gb,DF,0.9876245365291256,1
gb,DF,0.9879079403287775,1
gb,DF,0.9882473439616224,1
gb,DF,0.9888294468915035,1
gb,DF,0.9687144420637416,1
gb,DF,0.9844216973936669,1
gb,DF,0.9843655744634265,1
gb,DF,0.9918246764641377,1
gb,DF,0.9879079403287775,1
gb,DF,0.9926853630382405,1
gb,DF,0.9924565696701113,1
gb,DF,0.9922959057232444,1
gb,DF,0.992237769012835,1
gb,DF,0.9926853630382405,1
gb,DF,0.9932464264833734,1
gb,DF,0.9919186364658417,1
gb,DF,0.9890841902459357,1
gb,DF,0.9875029138613338,1
gb,DF,0.9886838065593399,1
gb,DF,0.9677557315860232,1
gb,DF,0.9199261109595498,1
gb,DF,0.9757082621026125,1
gb,DF,0.9835703535312127,1
gb,DF,0.933353871053006,1
gb,DF,0.9914299686728488,1
gb,DF,0.99187696127094,1
gb,DF,0.9366333531227921,1
gb,DF,0.9796666804648286,1
gb,DF,0.9769999916038207,1
gb,DF,0.9796240668251316,1
gb,DF,0.9482396802818608,1
gb,DF,0.9544133126638172,1
gb,DF,0.9476697168148834,1
gb,DF,0.9261230378913482,1
gb,DF,0.9764174817872044,1
gb,DF,0.9447306628896305,1
gb,DF,0.9459882605213783,1
gb,DF,0.9428022966244152,1
gb,DF,0.9603522441371896,1
gb,DF,0.9276951978117244,1
gb,DF,0.8463284499370024,1
gb,DF,0.9734195721874624,1
gb,DF,0.9743713274567404,1
gb,DF,0.9744454238048816,1
gb,DF,0.9919012813090125,1
gb,DF,0.9914828845673083,1
gb,DF,0.9822733663095502,1
gb,DF,0.8983621068453828,1
gb,DF,0.9649397390720506,1
gb,DF,0.9427405483210594,1
gb,DF,0.9607281688498804,1
gb,DF,0.9667698734965892,1
gb,DF,0.973811269405607,1
gb,DF,0.9596332184201641,1
gb,DF,0.9831242739959332,1
gb,DF,0.9747822310057519,1
gb,DF,0.9644801877737954,1
gb,DF,0.9675225901072719,1
gb,DF,0.9689699025335216,1
gb,DF,0.9665990654378789,1
gb,DF,0.9700037482770977,1
gb,DF,0.9664834020281633,1
gb,DF,0.9680232119538595,1
gb,DF,0.9732674133387974,1
gb,DF,0.9776065771604818,1
gb,DF,0.920313033953659,1
gb,DF,0.9662472206324159,1
gb,DF,0.9680712515515832,1
gb,DF,0.9798830801326496,1
gb,DF,0.9798326915388672,1
gb,DF,0.9795306193076987,1
gb,DF,0.9777428789984969,1
gb,DF,0.9790542144695946,1
gb,DF,0.9715272339558838,1
gb,DF,0.9748448930655291,1
gb,DF,0.9768185881616298,1
gb,DF,0.9784968780348638,1
gb,DF,0.9789515566657427,1
gb,DF,0.9817187962222528,1
gb,DF,0.9294869883827509,1
gb,DF,0.9099499040612563,1
gb,DF,0.9063606152347592,1
gb,DF,0.9342075106551121,1
gb,DF,0.9744405838494893,1
gb,DF,0.9396625880312982,1
gb,DF,0.9798326915388672,1
gb,DF,0.7852221938716475,1
gb,DF,0.9352487166828813,1
gb,DF,0.9798830801326496,1
gb,DF,0.7613462011454796,1
gb,DF,0.9798830801326496,1
gb,DF,0.9801595623694731,1
gb,DF,0.9808145058280516,1
gb,DF,0.9840176906885064,1
gb,DF,0.9801331023433615,1
gb,DF,0.9765525961978109,1
gb,DF,0.9360588649576949,1
gb,DF,0.9806451278166665,1
gb,DF,0.9172006313637289,1
gb,DF,0.9193626749362257,1
gb,DF,0.9744151868052725,1
gb,DF,0.9753074831542539,1
gb,DF,0.9690846038041588,1
gb,DF,0.9826552261862657,1
gb,DF,0.9371935079910048,1
gb,DF,0.9526935433065442,1
gb,DF,0.9338961580015275,1
gb,DF,0.9552415400663614,1
gb,DF,0.9755280214704977,1
gb,DF,0.9881245413301628,1
gb,DF,0.9812988469932032,1
gb,DF,0.9805339367707862,1
gb,DF,0.9732653883435375,1
gb,DF,0.9782793680137856,1
gb,DF,0.9748885083845553,1
gb,DF,0.6619977782254572,1
gb,DF,0.9744182381032195,1
gb,DF,0.9751414395869771,1
gb,DF,0.9740129052101447,1
gb,DF,0.9092105477755393,1
gb,DF,0.9783623028741616,1
gb,DF,0.9732997125460265,1
gb,DF,0.9747365051690117,1
gb,DF,0.9689467334598241,1
gb,DF,0.9824097949794082,1
gb,DF,0.9172040959707973,1
gb,DF,0.9295934801004128,1
gb,DF,0.9611918406982838,1
gb,DF,0.9781242785945098,1
gb,DF,0.9544853446227328,1
gb,DF,0.9779564574851957,1
gb,DF,0.9409782586025449,1
gb,DF,0.9813090192515527,1
gb,DF,0.9807401010095477,1
gb,DF,0.981270901771201,1
gb,DF,0.9656461817834401,1
gb,DF,0.9800807322442625,1
gb,DF,0.9718150456574338,1
gb,DF,0.9706727492444032,1
gb,DF,0.9665847029737571,1
gb,DF,0.9312928110207707,1
gb,DF,0.9588837024887479,1
gb,DF,0.9777545713632624,0
gb,DF,0.961896062178635,0
gb,DF,0.9630226199080785,0
gb,DF,0.9615610806527765,0
gb,DF,0.9784138462033276,0
gb,DF,0.9867683628954352,0
gb,DF,0.9610218896037714,0
gb,DF,0.9229795937822403,0
gb,DF,0.887595623129028,0
gb,DF,0.8333557392383909,0
gb,DF,0.874728882058885,0
gb,DF,0.9075536252141974,0
gb,DF,0.9039766596701758,0
gb,DF,0.9441617680602773,0
gb,DF,0.8941080482908973,0
gb,DF,0.9634650272568168,0
gb,DF,0.9850932101499789,0
gb,DF,0.9725072397339434,0
gb,DF,0.8823937344150798,0
gb,DF,0.8959600555278953,0
gb,DF,0.9717790301708424,1
gb,DF,0.9485787629836685,1
gb,DF,0.9528217053364072,1
gb,DF,0.8148247271913057,1
gb,DF,0.1398511947210891,1
gb,DF,0.21821553540031408,1
gb,DF,0.4271160888492515,1
gb,DF,0.842389433901924,1
gb,DF,0.37906100854491637,1
gb,DF,0.8550784905667287,1
gb,DF,0.9047197105317717,1
gb,DF,0.8957144472828731,1
gb,DF,0.8439575803163605,1
gb,DF,0.6070690756922867,1
gb,DF,0.668488610296061,1
gb,DF,0.6001081491645908,1
gb,DF,0.45160002229280494,1
gb,DF,0.7985080383402489,1
gb,DF,0.20833298591599403,1
gb,DF,0.7296632504613505,1
gb,DF,0.516292570339189,1
gb,DF,0.6142429133577512,1
gb,DF,0.8937975887237152,1
gb,DF,0.9596813345699492,1
gb,DF,0.9597498970552136,1
gb,DF,0.9661691007822582,1
gb,DF,0.9104670953941624,1
gb,DF,0.8951366098435702,1
gb,DF,0.8967290158120794,1
gb,DF,0.9037329060084979,1
gb,DF,0.8991685613869552,1
gb,DF,0.8901644856448645,1
gb,DF,0.7728792741853154,1
gb,DF,0.23477554020873212,1
gb,DF,0.31334256691182405,1
gb,DF,0.46989341735377,1
gb,DF,0.7292494065464868,1
gb,DF,0.9674882237745973,1
gb,DF,0.9712843931444697,1
gb,DF,0.9045849956785943,1
gb,DF,0.8963435780566437,1
gb,DF,0.972484957546378,1
gb,DF,0.9390489225568657,1
gb,DF,0.9427000591457304,1
gb,DF,0.9399838625962255,1
gb,DF,0.9791459046514258,1
gb,DF,0.9352862272225888,1
gb,DF,0.9796826475124553,1
gb,DF,0.9251686333773297,1
gb,DF,0.9060260715836452,1
gb,DF,0.978603829868066,1
gb,DF,0.9057888916385113,1
gb,DF,0.9236202042907837,1
gb,DF,0.8706493364940561,1
gb,DF,0.6541705702618005,1
gb,DF,0.7857709152543563,1
gb,DF,0.7747124093718141,1
gb,DF,0.6995305710354991,1
gb,DF,0.7655855489830709,1
gb,DF,0.749902514796681,1
gb,DF,0.7300163456527211,1
gb,DF,0.7293342075644854,1
gb,DF,0.7032686071206418,1
gb,DF,0.6719196694542647,1
gb,DF,0.566663860161885,1
gb,DF,0.631875720108238,1
gb,DF,0.9004223568583465,1
gb,DF,0.9056609368425977,1
gb,DF,0.8877286862534906,1
gb,DF,0.6196769794374191,1
gb,DF,0.7429523299632204,1
gb,DF,0.9339850213583718,1
gb,DF,0.8233477875032843,1
gb,DF,0.9348503748708443,1
gb,DF,0.936282675471201,1
gb,DF,0.8212845251722685,1
gb,DF,0.9357394996483416,1
gb,DF,0.7527794266119351,1
gb,DF,0.9430950815090373,1
gb,DF,0.908190891082816,1
gb,DF,0.9062790562536965,1
gb,DF,0.8842793366042196,1
gb,DF,0.8661554215304557,1
gb,DF,0.8268459805439835,1
gb,DF,0.847817036536592,1
gb,DF,0.6564923179968402,1
gb,DF,0.7779420189459936,1
gb,DF,0.9509353693866003,1
gb,DF,0.8407888851566298,1
gb,DF,0.7972584573424504,1
gb,DF,0.7778489642469989,1
gb,DF,0.6957549205047143,1
gb,DF,0.9542486648997113,1
gb,DF,0.9417536325762922,1
gb,DF,0.9340569978084848,1
gb,DF,0.8532762736240573,1
gb,DF,0.8532762736240573,1
gb,DF,0.8532762736240573,1
gb,DF,0.8429258895568085,1
gb,DF,0.8532762736240573,1
gb,DF,0.8532762736240573,1
gb,DF,0.8532762736240573,1
gb,DF,0.8532762736240573,1
gb,DF,0.8532762736240573,1
gb,DF,0.8532762736240573,1
gb,DF,0.9405768639394274,1
gb,DF,0.8238957674282841,1
gb,DF,0.9244926143626399,1
gb,DF,0.9139393151282676,1
gb,DF,0.9115677712289576,1
gb,DF,0.8532762736240573,1
gb,DF,0.8429258895568085,1
gb,DF,0.8429258895568085,1
gb,DF,0.9471017420210975,1
gb,DF,0.9471017420210975,1
gb,DF,0.9762959775875474,1
gb,DF,0.9706966867896679,1
gb,DF,0.9691285614986023,1
gb,DF,0.8453975321855393,1
gb,DF,0.9358096946519373,1
gb,DF,0.9487858809850426,1
gb,DF,0.9413783848600034,1
gb,DF,0.9522349929082827,1
gb,DF,0.9599663353174055,1
gb,DF,0.9582429996890596,1
gb,DF,0.9442237746802082,1
gb,DF,0.873986246085407,1
gb,DF,0.9008928869543879,1
gb,DF,0.962448658765829,1
gb,DF,0.9684022319359465,1
gb,DF,0.8749245100816745,1
gb,DF,0.7527149438871776,1
gb,DF,0.7430986710908443,1
gb,DF,0.8509793627177967,1
gb,DF,0.8709087730829127,1
gb,DF,0.7725944987341796,1
gb,DF,0.8814648014367766,1
gb,DF,0.8706789114667085,1
gb,DF,0.8436155416089417,1
gb,DF,0.7635394019405042,1
gb,DF,0.8826020805004127,1
gb,DF,0.645694012111257,1
gb,DF,0.5909218697927394,1
gb,DF,0.6179787203094865,1
gb,DF,0.5466424712542468,1
gb,DF,0.5664960742726514,1
gb,DF,0.7072679380235485,1
gb,DF,0.6776067824924453,1
gb,DF,0.8763839502573192,1
gb,DF,0.6587049030078606,1
gb,DF,0.6780660797335952,1
gb,DF,0.846198263477709,1
gb,DF,0.8207456429747744,1
gb,DF,0.8674832907237304,1
gb,DF,0.8991550171883451,1
gb,DF,0.7502475232362619,1
gb,DF,0.5416223382681942,1
gb,DF,0.6879391891465511,1
gb,DF,0.8659002461877384,1
gb,DF,0.7655390839469093,1
gb,DF,0.8934672037006112,1
gb,DF,0.928947531599244,1
gb,DF,0.9473829670262487,1
gb,DF,0.8291272321297383,1
gb,DF,0.9618598317391246,1
gb,DF,0.9313471995040864,1
gb,DF,0.9648254623318965,1
gb,DF,0.9261090993533249,1
gb,DF,0.8807157840237689,1
gb,DF,0.8928016442125025,1
gb,DF,0.8845899086752281,1
gb,DF,0.7009056325461458,1
gb,DF,0.7414104103763451,1
gb,DF,0.87270406243203,1
gb,DF,0.9324215382170972,1
gb,DF,0.9346438356936919,1
gb,DF,0.9389274503112376,1
gb,DF,0.9429434204441913,1
gb,DF,0.9336564484715753,1
gb,DF,0.9002390716570003,1
gb,DF,0.9575131782800362,1
gb,DF,0.8940163370213176,1
gb,DF,0.8729182788733678,1
gb,DF,0.9332989403826909,1
gb,DF,0.9251839565547604,1
gb,DF,0.943030605342582,1
gb,DF,0.9461999666653756,1
gb,DF,0.8361559483153186,1
gb,DF,0.9366471095846135,1
gb,DF,0.8890842910834186,1
gb,DF,0.9096539965346916,1
gb,DF,0.9418621759796845,1
gb,DF,0.9482993198227436,1
gb,DF,0.7519443566187499,1
gb,DF,0.8900084132917846,1
gb,DF,0.7107873473757437,1
gb,DF,0.8803850061627981,1
gb,DF,0.9147907298176019,1
gb,DF,0.7319914781795227,1
gb,DF,0.7061893304991119,1
gb,DF,0.3966186006174311,1
gb,DF,0.44868916846346535,1
gb,DF,0.6169925957535198,1
gb,DF,0.848143006128349,1
gb,DF,0.9630395232727071,1
gb,DF,0.9244939727579375,1
gb,DF,0.9146164115865897,1
gb,DF,0.9220496452451323,1
gb,DF,0.9648254623318965,1
gb,DF,0.954234544858771,1
gb,DF,0.9311536599455942,1
gb,DF,0.9371002763347944,1
gb,DF,0.9793697589477268,1
gb,DF,0.9238934328148121,1
gb,DF,0.9763921333346497,1
gb,DF,0.9796915962099922,1
gb,DF,0.9812304912922082,1
gb,DF,0.9812304912922082,1
gb,DF,0.9326162409145534,1
gb,DF,0.9760408544144394,1
gb,DF,0.9693738129050037,1
gb,DF,0.9648937082657306,1
gb,DF,0.9643876194888236,1
gb,DF,0.9666088381029793,1
gb,DF,0.7791686618467892,1
gb,DF,0.9640621266850831,1
gb,DF,0.9667451631054746,1
gb,DF,0.96450684647171,1
deep_ssl_strict,DF,0.5655431151390076,1
deep_ssl_strict,DF,0.9977132081985474,1
deep_ssl_strict,DF,0.944247305393219,1
deep_ssl_strict,DF,0.7217717170715332,1
deep_ssl_strict,DF,0.6564517617225647,0
deep_ssl_strict,DF,0.6192064881324768,0
deep_ssl_strict,DF,0.6509389281272888,0
deep_ssl_strict,DF,0.15812529623508453,0
deep_ssl_strict,DF,0.38662102818489075,0
deep_ssl_strict,DF,0.5399733185768127,0
deep_ssl_strict,DF,0.3325338065624237,0
deep_ssl_strict,DF,0.7702824473381042,0
deep_ssl_strict,DF,0.5012757778167725,0
deep_ssl_strict,DF,0.7387953400611877,0
deep_ssl_strict,DF,0.8981693387031555,0
deep_ssl_strict,DF,0.8007327914237976,0
deep_ssl_strict,DF,0.7218883037567139,0
deep_ssl_strict,DF,0.9508217573165894,0
deep_ssl_strict,DF,0.9380762577056885,1
deep_ssl_strict,DF,0.9357677102088928,1
deep_ssl_strict,DF,0.9338811635971069,1
deep_ssl_strict,DF,0.9428125619888306,1
deep_ssl_strict,DF,0.9424397349357605,1
deep_ssl_strict,DF,0.9511909484863281,1
deep_ssl_strict,DF,0.9121630191802979,1
deep_ssl_strict,DF,0.9490467309951782,1
deep_ssl_strict,DF,0.9975207448005676,1
deep_ssl_strict,DF,0.9988359808921814,1
deep_ssl_strict,DF,0.9268488883972168,1
deep_ssl_strict,DF,0.9965260624885559,1
deep_ssl_strict,DF,0.9952589869499207,1
deep_ssl_strict,DF,0.9981330037117004,1
deep_ssl_strict,DF,0.9799873232841492,1
deep_ssl_strict,DF,0.9925013780593872,1
deep_ssl_strict,DF,0.9943525791168213,1
deep_ssl_strict,DF,0.8476012349128723,1
deep_ssl_strict,DF,0.9521275162696838,1
deep_ssl_strict,DF,0.9975207448005676,1
deep_ssl_strict,DF,0.9986169338226318,1
deep_ssl_strict,DF,0.990422248840332,1
deep_ssl_strict,DF,0.8856817483901978,1
deep_ssl_strict,DF,0.9817349314689636,1
deep_ssl_strict,DF,0.8886170387268066,1
deep_ssl_strict,DF,0.9880298972129822,1
deep_ssl_strict,DF,0.992280125617981,1
deep_ssl_strict,DF,0.9772746562957764,1
deep_ssl_strict,DF,0.9987688660621643,1
deep_ssl_strict,DF,0.9998106360435486,1
deep_ssl_strict,DF,0.9907015562057495,1
deep_ssl_strict,DF,0.9408761262893677,1
deep_ssl_strict,DF,0.5768053531646729,1
deep_ssl_strict,DF,0.9150875210762024,1
deep_ssl_strict,DF,0.6520090103149414,1
deep_ssl_strict,DF,0.9134758114814758,1
deep_ssl_strict,DF,0.863496720790863,1
deep_ssl_strict,DF,0.9308194518089294,1
deep_ssl_strict,DF,0.9842198491096497,1
deep_ssl_strict,DF,0.9540249705314636,1
deep_ssl_strict,DF,0.8390176892280579,1
deep_ssl_strict,DF,0.9118703603744507,1
deep_ssl_strict,DF,0.9996362924575806,1
deep_ssl_strict,DF,0.9675275683403015,1
deep_ssl_strict,DF,0.9933605790138245,1
deep_ssl_strict,DF,0.9827212691307068,1
deep_ssl_strict,DF,0.9842144250869751,1
deep_ssl_strict,DF,0.9620656371116638,1
deep_ssl_strict,DF,0.9412916898727417,1
deep_ssl_strict,DF,0.8680424094200134,1
deep_ssl_strict,DF,0.9033880233764648,1
deep_ssl_strict,DF,0.9332873821258545,1
deep_ssl_strict,DF,0.9319205284118652,1
deep_ssl_strict,DF,0.9467799663543701,1
deep_ssl_strict,DF,0.9624447822570801,1
deep_ssl_strict,DF,0.9270849823951721,1
deep_ssl_strict,DF,0.8959035277366638,1
deep_ssl_strict,DF,0.9146084189414978,1
deep_ssl_strict,DF,0.9346423149108887,1
deep_ssl_strict,DF,0.8966624140739441,1
deep_ssl_strict,DF,0.8930361270904541,1
deep_ssl_strict,DF,0.8530354499816895,1
deep_ssl_strict,DF,0.8356617093086243,1
deep_ssl_strict,DF,0.8501995801925659,1
deep_ssl_strict,DF,0.7916462421417236,1
deep_ssl_strict,DF,0.8652182817459106,1
deep_ssl_strict,DF,0.8684765696525574,1
deep_ssl_strict,DF,0.8970608711242676,1
deep_ssl_strict,DF,0.9170812368392944,1
deep_ssl_strict,DF,0.8677924871444702,1
deep_ssl_strict,DF,0.9577539563179016,1
deep_ssl_strict,DF,0.95252525806427,1
deep_ssl_strict,DF,0.9406948685646057,1
deep_ssl_strict,DF,0.9697037935256958,1
deep_ssl_strict,DF,0.90434730052948,1
deep_ssl_strict,DF,0.9450626969337463,1
deep_ssl_strict,DF,0.9587962627410889,1
deep_ssl_strict,DF,0.9752117991447449,1
deep_ssl_strict,DF,0.923418402671814,1
deep_ssl_strict,DF,0.9276439547538757,1
deep_ssl_strict,DF,0.9651264548301697,1
deep_ssl_strict,DF,0.9845890402793884,1
deep_ssl_strict,DF,0.9544320106506348,1
deep_ssl_strict,DF,0.9061669111251831,1
deep_ssl_strict,DF,0.9598385691642761,1
deep_ssl_strict,DF,0.971441924571991,1
deep_ssl_strict,DF,0.9709696769714355,1
deep_ssl_strict,DF,0.9980206489562988,1
deep_ssl_strict,DF,0.9946147799491882,1
deep_ssl_strict,DF,0.9878805875778198,1
deep_ssl_strict,DF,0.9458048343658447,1
deep_ssl_strict,DF,0.9565921425819397,1
deep_ssl_strict,DF,0.9505587816238403,1
deep_ssl_strict,DF,0.8321276307106018,1
deep_ssl_strict,DF,0.9822386503219604,1
deep_ssl_strict,DF,0.9531365036964417,1
deep_ssl_strict,DF,0.5329529047012329,1
deep_ssl_strict,DF,0.5798852443695068,1
deep_ssl_strict,DF,0.5538391470909119,1
deep_ssl_strict,DF,0.8620787262916565,1
deep_ssl_strict,DF,0.8752994537353516,1
deep_ssl_strict,DF,0.7642278671264648,1
deep_ssl_strict,DF,0.8743054270744324,1
deep_ssl_strict,DF,0.8180429339408875,1
deep_ssl_strict,DF,0.9321139454841614,1
deep_ssl_strict,DF,0.9703007340431213,1
deep_ssl_strict,DF,0.9016528129577637,1
deep_ssl_strict,DF,0.894526481628418,1
deep_ssl_strict,DF,0.9211730360984802,1
deep_ssl_strict,DF,0.9355465173721313,1
deep_ssl_strict,DF,0.9485836625099182,1
deep_ssl_strict,DF,0.9008371233940125,1
deep_ssl_strict,DF,0.9574464559555054,1
deep_ssl_strict,DF,0.9666332006454468,1
deep_ssl_strict,DF,0.9304693341255188,1
deep_ssl_strict,DF,0.9921076893806458,1
deep_ssl_strict,DF,0.9969220757484436,1
deep_ssl_strict,DF,0.9347917437553406,1
deep_ssl_strict,DF,0.9719418883323669,1
deep_ssl_strict,DF,0.9858309626579285,1
deep_ssl_strict,DF,0.9872577786445618,1
deep_ssl_strict,DF,0.994817316532135,1
deep_ssl_strict,DF,0.9755995869636536,1
deep_ssl_strict,DF,0.9857755899429321,1
deep_ssl_strict,DF,0.9973994493484497,1
deep_ssl_strict,DF,0.9235685467720032,1
deep_ssl_strict,DF,0.9657933712005615,1
deep_ssl_strict,DF,0.9398401379585266,1
deep_ssl_strict,DF,0.969295084476471,1
deep_ssl_strict,DF,0.9974926710128784,1
deep_ssl_strict,DF,0.9651945233345032,1
deep_ssl_strict,DF,0.9993963241577148,1
deep_ssl_strict,DF,0.9900099635124207,1
deep_ssl_strict,DF,0.9349931478500366,1
deep_ssl_strict,DF,0.9798586368560791,1
deep_ssl_strict,DF,0.986539900302887,1
deep_ssl_strict,DF,0.9922286868095398,1
deep_ssl_strict,DF,0.9514594674110413,1
deep_ssl_strict,DF,0.9318960905075073,1
deep_ssl_strict,DF,0.9149930477142334,1
deep_ssl_strict,DF,0.45659902691841125,1
deep_ssl_strict,DF,0.4783657193183899,1
deep_ssl_strict,DF,0.6228914856910706,1
deep_ssl_strict,DF,0.3897385001182556,1
deep_ssl_strict,DF,0.9983446598052979,1
deep_ssl_strict,DF,0.9095442891120911,1
deep_ssl_strict,DF,0.6275179386138916,1
deep_ssl_strict,DF,0.9565854668617249,1
deep_ssl_strict,DF,0.946691632270813,1
deep_ssl_strict,DF,0.9273489713668823,1
deep_ssl_strict,DF,0.9743074774742126,1
deep_ssl_strict,DF,0.9798582792282104,1
deep_ssl_strict,DF,0.9709357023239136,1
deep_ssl_strict,DF,0.8290430903434753,1
deep_ssl_strict,DF,0.9413429498672485,1
deep_ssl_strict,DF,0.9948403239250183,1
deep_ssl_strict,DF,0.9813082814216614,1
deep_ssl_strict,DF,0.9430519342422485,1
deep_ssl_strict,DF,0.9526681303977966,1
deep_ssl_strict,DF,0.9732139706611633,1
deep_ssl_strict,DF,0.9882243871688843,1
deep_ssl_strict,DF,0.8567083477973938,1
deep_ssl_strict,DF,0.8523474931716919,1
deep_ssl_strict,DF,0.9577631950378418,1
deep_ssl_strict,DF,0.9426273703575134,1
deep_ssl_strict,DF,0.7749893069267273,1
deep_ssl_strict,DF,0.8541398048400879,1
deep_ssl_strict,DF,0.603830099105835,1
deep_ssl_strict,DF,0.8223153948783875,1
deep_ssl_strict,DF,0.8058250546455383,1
deep_ssl_strict,DF,0.508283793926239,1
deep_ssl_strict,DF,0.7152262926101685,1
deep_ssl_strict,DF,0.9233686923980713,1
deep_ssl_strict,DF,0.9170946478843689,1
deep_ssl_strict,DF,0.6325975656509399,1
deep_ssl_strict,DF,0.8698655962944031,1
deep_ssl_strict,DF,0.7560276389122009,1
deep_ssl_strict,DF,0.9659013748168945,1
deep_ssl_strict,DF,0.8802464604377747,1
deep_ssl_strict,DF,0.9273285865783691,1
deep_ssl_strict,DF,0.9583168029785156,1
deep_ssl_strict,DF,0.8707720041275024,1
deep_ssl_strict,DF,0.6176181435585022,1
deep_ssl_strict,DF,0.9155808091163635,1
deep_ssl_strict,DF,0.4450705647468567,1
deep_ssl_strict,DF,0.9741753935813904,1
deep_ssl_strict,DF,0.9962221384048462,1
deep_ssl_strict,DF,0.8964385986328125,1
deep_ssl_strict,DF,0.9587491154670715,1
deep_ssl_strict,DF,0.8888828754425049,1
deep_ssl_strict,DF,0.9602330327033997,1
deep_ssl_strict,DF,0.9678562879562378,1
deep_ssl_strict,DF,0.7388047575950623,1
deep_ssl_strict,DF,0.9926443099975586,1
deep_ssl_strict,DF,0.9639628529548645,1
deep_ssl_strict,DF,0.8060727715492249,1
deep_ssl_strict,DF,0.786331057548523,1
deep_ssl_strict,DF,0.9877743124961853,1
deep_ssl_strict,DF,0.9997777342796326,1
deep_ssl_strict,DF,0.9997393488883972,1
deep_ssl_strict,DF,0.9982635378837585,1
deep_ssl_strict,DF,0.9998006224632263,1
deep_ssl_strict,DF,0.994365930557251,1
deep_ssl_strict,DF,0.9860007166862488,1
deep_ssl_strict,DF,0.9949632883071899,1
deep_ssl_strict,DF,0.9820429682731628,1
deep_ssl_strict,DF,0.9524325728416443,1
deep_ssl_strict,DF,0.9970507621765137,0
deep_ssl_strict,DF,0.9888467192649841,0
deep_ssl_strict,DF,0.9829548001289368,0
deep_ssl_strict,DF,0.999104917049408,0
deep_ssl_strict,DF,0.9984593391418457,0
deep_ssl_strict,DF,0.9962608218193054,0
deep_ssl_strict,DF,0.9673338532447815,0
deep_ssl_strict,DF,0.9790048599243164,0
deep_ssl_strict,DF,0.9962489008903503,0
deep_ssl_strict,DF,0.9776598811149597,0
deep_ssl_strict,DF,0.9558795690536499,0
deep_ssl_strict,DF,0.9262195825576782,0
deep_ssl_strict,DF,0.8295862078666687,0
deep_ssl_strict,DF,0.9468397498130798,0
deep_ssl_strict,DF,0.921962320804596,0
deep_ssl_strict,DF,0.9240206480026245,0
deep_ssl_strict,DF,0.9781458377838135,0
deep_ssl_strict,DF,0.998896598815918,0
deep_ssl_strict,DF,0.7142476439476013,0
deep_ssl_strict,DF,0.39021655917167664,0
deep_ssl_strict,DF,1.0,1
deep_ssl_strict,DF,1.0,1
deep_ssl_strict,DF,1.0,1
deep_ssl_strict,DF,0.897438108921051,1
deep_ssl_strict,DF,0.5409475564956665,1
deep_ssl_strict,DF,0.9366614818572998,1
deep_ssl_strict,DF,0.9681344628334045,1
deep_ssl_strict,DF,0.9993340373039246,1
deep_ssl_strict,DF,0.9872028231620789,1
deep_ssl_strict,DF,0.9994179010391235,1
deep_ssl_strict,DF,0.9998146891593933,1
deep_ssl_strict,DF,0.9998680353164673,1
deep_ssl_strict,DF,0.5687248706817627,1
deep_ssl_strict,DF,0.7749822735786438,1
deep_ssl_strict,DF,0.8126429915428162,1
deep_ssl_strict,DF,0.839323878288269,1
deep_ssl_strict,DF,0.9756504893302917,1
deep_ssl_strict,DF,0.8541967272758484,1
deep_ssl_strict,DF,0.9798502922058105,1
deep_ssl_strict,DF,0.9835066795349121,1
deep_ssl_strict,DF,0.9855527281761169,1
deep_ssl_strict,DF,0.9936796426773071,1
deep_ssl_strict,DF,0.9971976280212402,1
deep_ssl_strict,DF,0.9861212372779846,1
deep_ssl_strict,DF,0.9935101866722107,1
deep_ssl_strict,DF,0.9800785779953003,1
deep_ssl_strict,DF,0.9988937973976135,1
deep_ssl_strict,DF,0.9991961121559143,1
deep_ssl_strict,DF,0.9999294281005859,1
deep_ssl_strict,DF,0.9999067783355713,1
deep_ssl_strict,DF,0.9999252557754517,1
deep_ssl_strict,DF,0.9999356269836426,1
deep_ssl_strict,DF,0.9972385168075562,1
deep_ssl_strict,DF,0.9985265731811523,1
deep_ssl_strict,DF,0.9800620675086975,1
deep_ssl_strict,DF,0.9987603425979614,1
deep_ssl_strict,DF,0.9973698854446411,1
deep_ssl_strict,DF,0.9966443777084351,1
deep_ssl_strict,DF,0.9970941543579102,1
deep_ssl_strict,DF,0.9999749660491943,1
deep_ssl_strict,DF,0.9999213218688965,1
deep_ssl_strict,DF,0.9932230710983276,1
deep_ssl_strict,DF,0.997073769569397,1
deep_ssl_strict,DF,0.9996387958526611,1
deep_ssl_strict,DF,0.9998207688331604,1
deep_ssl_strict,DF,0.9996967315673828,1
deep_ssl_strict,DF,0.9997692704200745,1
deep_ssl_strict,DF,0.9997945427894592,1
deep_ssl_strict,DF,0.9998511075973511,1
deep_ssl_strict,DF,0.9948019981384277,1
deep_ssl_strict,DF,0.9995560050010681,1
deep_ssl_strict,DF,0.9995840191841125,1
deep_ssl_strict,DF,0.9960101842880249,1
deep_ssl_strict,DF,0.9989711046218872,1
deep_ssl_strict,DF,0.996561586856842,1
deep_ssl_strict,DF,0.9973957538604736,1
deep_ssl_strict,DF,0.9977311491966248,1
deep_ssl_strict,DF,0.9957045912742615,1
deep_ssl_strict,DF,0.9863662719726562,1
deep_ssl_strict,DF,0.9973013997077942,1
deep_ssl_strict,DF,0.9784662127494812,1
deep_ssl_strict,DF,0.977336049079895,1
deep_ssl_strict,DF,0.9955909252166748,1
deep_ssl_strict,DF,0.9946979284286499,1
deep_ssl_strict,DF,0.9906531572341919,1
deep_ssl_strict,DF,0.7812411189079285,1
deep_ssl_strict,DF,0.9953117370605469,1
deep_ssl_strict,DF,0.9917038679122925,1
deep_ssl_strict,DF,0.9880956411361694,1
deep_ssl_strict,DF,0.9850835204124451,1
deep_ssl_strict,DF,0.9899502992630005,1
deep_ssl_strict,DF,0.7592419385910034,1
deep_ssl_strict,DF,0.9138100147247314,1
deep_ssl_strict,DF,0.9644315242767334,1
deep_ssl_strict,DF,0.9522254467010498,1
deep_ssl_strict,DF,0.9809855818748474,1
deep_ssl_strict,DF,0.9805803298950195,1
deep_ssl_strict,DF,0.9621924161911011,1
deep_ssl_strict,DF,0.8840811252593994,1
deep_ssl_strict,DF,0.8626742362976074,1
deep_ssl_strict,DF,0.5020039081573486,1
deep_ssl_strict,DF,0.6938418745994568,1
deep_ssl_strict,DF,0.44800812005996704,1
deep_ssl_strict,DF,0.9843403100967407,1
deep_ssl_strict,DF,0.9907563328742981,1
deep_ssl_strict,DF,0.840833306312561,1
deep_ssl_strict,DF,0.39877861738204956,1
deep_ssl_strict,DF,0.6573984622955322,1
deep_ssl_strict,DF,0.7043977975845337,1
deep_ssl_strict,DF,0.8891334533691406,1
deep_ssl_strict,DF,0.8961784839630127,1
deep_ssl_strict,DF,0.520017683506012,1
deep_ssl_strict,DF,0.569064199924469,1
deep_ssl_strict,DF,0.33784255385398865,1
deep_ssl_strict,DF,0.41714775562286377,1
deep_ssl_strict,DF,0.6041993498802185,1
deep_ssl_strict,DF,0.6674808263778687,1
deep_ssl_strict,DF,0.5867114067077637,1
deep_ssl_strict,DF,0.6895407438278198,1
deep_ssl_strict,DF,0.7885053753852844,1
deep_ssl_strict,DF,0.737635612487793,1
deep_ssl_strict,DF,0.645312488079071,1
deep_ssl_strict,DF,0.861492931842804,1
deep_ssl_strict,DF,0.831926167011261,1
deep_ssl_strict,DF,0.8659687638282776,1
deep_ssl_strict,DF,0.8546643853187561,1
deep_ssl_strict,DF,0.8179614543914795,1
deep_ssl_strict,DF,0.8580866456031799,1
deep_ssl_strict,DF,0.8428565859794617,1
deep_ssl_strict,DF,0.8444161415100098,1
deep_ssl_strict,DF,0.9699917435646057,1
deep_ssl_strict,DF,0.9750757813453674,1
deep_ssl_strict,DF,0.9723984003067017,1
deep_ssl_strict,DF,0.965792715549469,1
deep_ssl_strict,DF,0.9872950911521912,1
deep_ssl_strict,DF,0.9935042262077332,1
deep_ssl_strict,DF,0.5418954491615295,1
deep_ssl_strict,DF,0.9903905391693115,1
deep_ssl_strict,DF,0.9268565773963928,1
deep_ssl_strict,DF,0.6331382989883423,1
deep_ssl_strict,DF,0.9405180215835571,1
deep_ssl_strict,DF,0.24950292706489563,1
deep_ssl_strict,DF,0.479822039604187,1
deep_ssl_strict,DF,0.7651010751724243,1
deep_ssl_strict,DF,0.4020060896873474,1
deep_ssl_strict,DF,0.9094817638397217,1
deep_ssl_strict,DF,0.6384202241897583,1
deep_ssl_strict,DF,0.9171893000602722,1
deep_ssl_strict,DF,0.965128481388092,1
deep_ssl_strict,DF,0.9988439083099365,1
deep_ssl_strict,DF,0.9401915669441223,1
deep_ssl_strict,DF,0.9673657417297363,1
deep_ssl_strict,DF,0.9142257571220398,1
deep_ssl_strict,DF,0.9496065974235535,1
deep_ssl_strict,DF,0.8271805047988892,1
deep_ssl_strict,DF,0.8482862710952759,1
deep_ssl_strict,DF,0.9416002035140991,1
deep_ssl_strict,DF,0.9020704030990601,1
deep_ssl_strict,DF,0.9544943571090698,1
deep_ssl_strict,DF,0.977055549621582,1
deep_ssl_strict,DF,0.9996935129165649,1
deep_ssl_strict,DF,0.9102959036827087,1
deep_ssl_strict,DF,0.4219699501991272,1
deep_ssl_strict,DF,0.9191330075263977,1
deep_ssl_strict,DF,0.19692906737327576,1
deep_ssl_strict,DF,0.5573309659957886,1
deep_ssl_strict,DF,0.9701823592185974,1
deep_ssl_strict,DF,0.8503165245056152,1
deep_ssl_strict,DF,0.9775828123092651,1
deep_ssl_strict,DF,0.9570804238319397,1
deep_ssl_strict,DF,0.9313419461250305,1
deep_ssl_strict,DF,0.9123720526695251,1
deep_ssl_strict,DF,0.9858070611953735,1
deep_ssl_strict,DF,0.6650637984275818,1
deep_ssl_strict,DF,0.937637448310852,1
deep_ssl_strict,DF,0.9709641933441162,1
deep_ssl_strict,DF,0.9268435835838318,1
deep_ssl_strict,DF,0.9981958270072937,1
deep_ssl_strict,DF,0.9999412298202515,1
deep_ssl_strict,DF,0.9154296517372131,1
deep_ssl_strict,DF,0.9997730851173401,1
deep_ssl_strict,DF,0.9998251795768738,1
deep_ssl_strict,DF,0.9987843632698059,1
deep_ssl_strict,DF,0.09765087068080902,1
deep_ssl_strict,DF,0.9837589263916016,1
deep_ssl_strict,DF,0.9983880519866943,1
deep_ssl_strict,DF,0.9954774975776672,1
deep_ssl_strict,DF,0.976915717124939,1
deep_ssl_strict,DF,0.980451762676239,1
deep_ssl_strict,DF,0.9968519806861877,1
deep_ssl_strict,DF,0.9651057124137878,1
deep_ssl_strict,DF,0.570709764957428,1
deep_ssl_strict,DF,0.9797137379646301,1
deep_ssl_strict,DF,0.9995087385177612,1
deep_ssl_strict,DF,0.9993126392364502,1
deep_ssl_strict,DF,0.9999464750289917,1
deep_ssl_strict,DF,0.9999368190765381,1
deep_ssl_strict,DF,0.9999105930328369,1
deep_ssl_strict,DF,0.9993128776550293,1
deep_ssl_strict,DF,0.9979977011680603,1
deep_ssl_strict,DF,0.9964472651481628,1
deep_ssl_strict,DF,0.9825397729873657,1
deep_ssl_strict,DF,0.9298925399780273,1
deep_ssl_strict,DF,0.9973651766777039,1
deep_ssl_strict,DF,0.9867010712623596,1
deep_ssl_strict,DF,0.9901826977729797,1
deep_ssl_strict,DF,0.9463375806808472,1
deep_ssl_strict,DF,0.6471322178840637,1
deep_ssl_strict,DF,0.9902037382125854,1
deep_ssl_strict,DF,0.9505836367607117,1
deep_ssl_strict,DF,0.9803081750869751,1
deep_ssl_strict,DF,0.9888336658477783,1
deep_ssl_strict,DF,0.6294549107551575,1
deep_ssl_strict,DF,0.3637097179889679,1
deep_ssl_strict,DF,0.8953055143356323,1
deep_ssl_strict,DF,0.7344566583633423,1
deep_ssl_strict,DF,0.9708220362663269,1
deep_ssl_strict,DF,0.9311969876289368,1
deep_ssl_strict,DF,0.779086709022522,1
deep_ssl_strict,DF,0.9627773761749268,1
deep_ssl_strict,DF,0.12849415838718414,1
deep_ssl_strict,DF,0.18077580630779266,1
deep_ssl_strict,DF,0.2866895794868469,1
deep_ssl_strict,DF,0.9952965378761292,1
deep_ssl_strict,DF,0.9945960640907288,1
deep_ssl_strict,DF,0.9988287091255188,1
deep_ssl_strict,DF,0.6245208978652954,1
deep_ssl_strict,DF,0.5508506298065186,1
deep_ssl_strict,DF,0.9661456346511841,1
deep_ssl_strict,DF,0.9197619557380676,1
deep_ssl_strict,DF,0.9991471767425537,1
deep_ssl_strict,DF,0.9847879409790039,1
deep_ssl_strict,DF,0.3869893252849579,1
deep_ssl_strict,DF,0.9878531694412231,1
deep_ssl_strict,DF,0.5194160342216492,1
deep_ssl_strict,DF,0.6136211156845093,1
deep_ssl_strict,DF,0.6420283913612366,1
deep_ssl_strict,DF,0.6405313014984131,1
deep_ssl_strict,DF,0.9244616031646729,1
deep_ssl_strict,DF,0.5634399056434631,1
deep_ssl_strict,DF,0.5888213515281677,1
deep_ssl_strict,DF,0.6265790462493896,1
deep_ssl_strict,DF,0.8159621357917786,1
deep_ssl_strict,DF,0.815621554851532,1
deep_ssl_strict,DF,0.9792881608009338,1
deep_ssl_strict,DF,0.9630374312400818,1
deep_ssl_strict,DF,0.9707014560699463,1
deep_ssl_strict,DF,0.9801833629608154,1
gb,E4,0.846397684052271,1
gb,E4,0.9197308741304383,1
gb,E4,0.9359002014912209,1
gb,E4,0.8592649726650966,1
gb,E4,0.8442537940964371,1
gb,E4,0.9238531730138586,1
gb,E4,0.8473803234145958,1
gb,E4,0.8504408824701476,1
gb,E4,0.8795269560044999,1
gb,E4,0.8565722149707229,1
gb,E4,0.8551535273128605,1
gb,E4,0.8236532717721763,1
gb,E4,0.8142048395430962,1
gb,E4,0.7242352353649297,1
gb,E4,0.7558065109444959,1
gb,E4,0.8316508543774871,1
gb,E4,0.8046702839637954,1
gb,E4,0.8103193894890178,1
gb,E4,0.7111532816219124,1
gb,E4,0.8299530241047276,1
gb,E4,0.8361073990986858,1
gb,E4,0.7031406525965608,1
gb,E4,0.8950348444081029,1
gb,E4,0.8779705593260133,1
gb,E4,0.9101366458911866,1
gb,E4,0.9073861161393001,1
gb,E4,0.9367803156718968,1
gb,E4,0.9498046679495319,1
gb,E4,0.9405747720388798,1
gb,E4,0.9266380560424923,1
gb,E4,0.9174129169068465,1
gb,E4,0.8908305657421629,1
gb,E4,0.9456995276970553,1
gb,E4,0.8325582790528516,1
gb,E4,0.9205814698284888,1
gb,E4,0.9279318160612803,1
gb,E4,0.9151906296622331,1
gb,E4,0.8912404564287808,1
gb,E4,0.9042217023555981,1
gb,E4,0.872873779768165,1
gb,E4,0.8839085541365266,1
gb,E4,0.9134093891998604,0
gb,E4,0.8744049089628627,0
gb,E4,0.7948526921040643,0
gb,E4,0.841495394171528,0
gb,E4,0.8555416131754802,0
gb,E4,0.87625443918501,0
gb,E4,0.8847609818100116,0
gb,E4,0.9223852600498534,0
gb,E4,0.8491833848319728,0
gb,E4,0.9150874947731725,1
gb,E4,0.9096001467351885,1
gb,E4,0.9247717140653875,1
gb,E4,0.8440826679670198,1
gb,E4,0.9372846529347908,1
gb,E4,0.8955439711768084,1
gb,E4,0.8924973203859876,1
gb,E4,0.8955708616041279,1
gb,E4,0.8816977240468704,1
gb,E4,0.9344490008124816,1
gb,E4,0.9486810284499623,1
gb,E4,0.9254868687457093,1
gb,E4,0.9381301695378917,1
gb,E4,0.9235949295656478,1
gb,E4,0.8931205987162409,1
gb,E4,0.890062186380439,1
gb,E4,0.8842324450313799,1
gb,E4,0.9003343526219948,1
gb,E4,0.9152697948248832,1
gb,E4,0.892432901073016,1
gb,E4,0.9223022063514544,1
gb,E4,0.9223022063514544,1
gb,E4,0.917658106044874,1
gb,E4,0.8890440925818814,1
gb,E4,0.8915025172739405,1
gb,E4,0.8819662715949784,1
gb,E4,0.9147814207064956,1
gb,E4,0.9154379218332896,1
gb,E4,0.8819662715949784,1
gb,E4,0.9124950387002506,1
gb,E4,0.9131961541042841,1
gb,E4,0.9160620012257155,1
gb,E4,0.9331589278560163,1
gb,E4,0.9190867875690087,1
gb,E4,0.9333673023838018,1
gb,E4,0.9218997082120962,1
gb,E4,0.8790764582215144,1
gb,E4,0.8839626845179693,1
gb,E4,0.9137146500868065,1
gb,E4,0.932948245605012,1
gb,E4,0.9401098085503308,1
gb,E4,0.8192261788290442,1
gb,E4,0.8956356746667941,1
gb,E4,0.8645428672823757,1
gb,E4,0.8650740400183832,1
gb,E4,0.8441107842834221,1
gb,E4,0.848793552614584,1
gb,E4,0.9253612623718812,1
gb,E4,0.8865385214388767,1
gb,E4,0.9554171489117167,1
gb,E4,0.9550628264945287,1
gb,E4,0.8878585743682806,1
gb,E4,0.889934071604835,1
gb,E4,0.8236045109472676,1
gb,E4,0.8568532260693056,1
gb,E4,0.8764014801622176,1
gb,E4,0.8615370978390177,1
gb,E4,0.7396929923053268,1
gb,E4,0.810783067513324,1
gb,E4,0.9041666620885447,1
gb,E4,0.9673744010169436,1
gb,E4,0.9601875127001345,1
gb,E4,0.9019337395993822,1
gb,E4,0.9001984953013683,1
gb,E4,0.4999463982570242,1
gb,E4,0.894067634306795,1
gb,E4,0.8299997264098349,1
gb,E4,0.864126676028095,1
gb,E4,0.8929778711392898,1
gb,E4,0.8273429824086379,1
gb,E4,0.9088125797220621,1
gb,E4,0.8885040643660547,1
gb,E4,0.925112153622729,1
gb,E4,0.8755746496194894,1
gb,E4,0.8145162427856415,1
gb,E4,0.8308604592867169,1
gb,E4,0.8827494114685425,1
gb,E4,0.8813339565733492,1
gb,E4,0.877536521975384,1
gb,E4,0.8583809604723386,1
gb,E4,0.7456180025113667,1
gb,E4,0.8777208966523057,1
gb,E4,0.86856873507074,1
gb,E4,0.877440780500169,1
gb,E4,0.6340464465757704,1
gb,E4,0.6535540001907164,1
gb,E4,0.7568657850256579,1
gb,E4,0.8069247976093821,1
gb,E4,0.712371548190074,1
gb,E4,0.6323406484900044,1
gb,E4,0.6255753300399319,1
gb,E4,0.6375238829496099,1
gb,E4,0.5993634192587923,1
gb,E4,0.7464854101556544,1
gb,E4,0.7293116860544919,1
gb,E4,0.6512670906882199,1
gb,E4,0.7452480768062385,1
gb,E4,0.7205795643837793,1
gb,E4,0.942371573842059,1
gb,E4,0.9474133634876813,1
gb,E4,0.9542104994642807,1
gb,E4,0.9511698898590488,1
gb,E4,0.9602174134815307,1
gb,E4,0.9658627211384951,1
gb,E4,0.8947821868459995,1
gb,E4,0.9550503208727373,1
gb,E4,0.9794947019329434,1
gb,E4,0.9623415825995617,1
gb,E4,0.9617764991236273,1
gb,E4,0.9784374437568223,1
gb,E4,0.9776978297827157,1
gb,E4,0.9700856813504843,1
gb,E4,0.9602762697491531,1
gb,E4,0.9635106131326736,1
gb,E4,0.9619552996643005,1
gb,E4,0.9336768469186842,1
gb,E4,0.8272508392011263,1
gb,E4,0.8441490930690135,1
gb,E4,0.877802135049436,1
gb,E4,0.9263372261250975,1
gb,E4,0.8974404942692141,1
gb,E4,0.8036498209562781,1
gb,E4,0.932197774082362,1
gb,E4,0.9578952449457709,1
gb,E4,0.9503013471657975,1
gb,E4,0.8289674925470986,1
gb,E4,0.8715373397167198,1
gb,E4,0.8766573719787951,1
gb,E4,0.8413653733792035,1
gb,E4,0.9228106560974371,1
gb,E4,0.9019121516398059,1
gb,E4,0.9239936579490178,1
gb,E4,0.9440420011255701,1
gb,E4,0.9539562740234093,1
gb,E4,0.9555933364878507,1
gb,E4,0.9562522468390525,1
gb,E4,0.2357064872743292,1
gb,E4,0.8211684588529632,1
gb,E4,0.8692048388662655,1
gb,E4,0.7852992851783962,1
gb,E4,0.7994513457075207,1
gb,E4,0.7347410552307617,1
gb,E4,0.7740025733879842,1
gb,E4,0.8280645840060922,1
gb,E4,0.7593353863924154,1
gb,E4,0.7148013939815892,1
gb,E4,0.8688655338757791,1
gb,E4,0.8840518069928796,1
gb,E4,0.9106253525116318,1
gb,E4,0.8752099225862374,1
gb,E4,0.8493251720042886,1
gb,E4,0.7771336242064179,1
gb,E4,0.8254401887906139,1
gb,E4,0.812252956321728,1
gb,E4,0.8123857710336991,1
gb,E4,0.7354550654846314,1
gb,E4,0.8970163800269811,1
gb,E4,0.922917358388979,1
gb,E4,0.9262220195154457,1
gb,E4,0.9342817821781164,1
gb,E4,0.8710167099830236,1
gb,E4,0.8922332642905669,1
gb,E4,0.89862970405499,1
gb,E4,0.7722278599879258,1
gb,E4,0.8509612293801976,1
gb,E4,0.8849241964138551,1
gb,E4,0.8326224798282136,1
gb,E4,0.8881871304154914,1
gb,E4,0.8796002315916457,1
gb,E4,0.8960683490692689,1
gb,E4,0.880042630174025,1
gb,E4,0.9098835405280781,1
gb,E4,0.8866677061245942,1
gb,E4,0.9065779783619403,1
gb,E4,0.8473222688564851,1
gb,E4,0.8972732588895216,1
gb,E4,0.8145514571767203,1
gb,E4,0.9152344415736047,1
gb,E4,0.8972791585052685,1
gb,E4,0.9342717810741493,1
gb,E4,0.9393402143731417,1
gb,E4,0.9660749617871065,1
gb,E4,0.9526106751252295,1
gb,E4,0.9451748874461307,1
gb,E4,0.9564522421712329,1
gb,E4,0.9495012535501522,1
gb,E4,0.9549050426024944,1
gb,E4,0.937207100582081,1
gb,E4,0.9506511683598274,1
gb,E4,0.961896897265707,1
gb,E4,0.9422323368500815,1
gb,E4,0.9617015172303405,1
gb,E4,0.9634093591574556,1
gb,E4,0.9660672893737023,1
gb,E4,0.9496041044671745,1
gb,E4,0.9366466336998805,1
gb,E4,0.9288549003176636,1
gb,E4,0.913960423779144,1
gb,E4,0.9359776739143719,1
gb,E4,0.9359776739143719,1
gb,E4,0.9007759444472839,1
gb,E4,0.9388288657963297,1
gb,E4,0.9245297722105427,1
gb,E4,0.8949295782972764,1
gb,E4,0.943012133416068,1
gb,E4,0.9225742904728853,1
gb,E4,0.9156466675272238,1
gb,E4,0.911478174943297,1
gb,E4,0.9119730792234305,1
gb,E4,0.8611854762541924,1
gb,E4,0.9021555668391305,1
gb,E4,0.8611854762541924,1
gb,E4,0.918521099142875,1
gb,E4,0.8836925037861901,1
gb,E4,0.6894358361695099,1
gb,E4,0.8481419892026127,1
gb,E4,0.8603073845239207,1
gb,E4,0.852225764282436,1
gb,E4,0.8745263690894265,1
gb,E4,0.9106382549949368,1
gb,E4,0.8646817946045778,1
gb,E4,0.8606694573801893,1
gb,E4,0.7978584777867311,1
gb,E4,0.8504345556574665,1
gb,E4,0.9143795565920418,1
gb,E4,0.9390337273492122,1
gb,E4,0.942306037669535,1
gb,E4,0.9279657679772041,1
gb,E4,0.921846124103599,1
gb,E4,0.8798534915963497,1
gb,E4,0.9263426215681374,1
gb,E4,0.937105059421206,1
gb,E4,0.9507345151375444,1
gb,E4,0.9486841991029925,1
gb,E4,0.9705640166580325,1
gb,E4,0.9502993241324166,1
gb,E4,0.9432418859925383,1
gb,E4,0.8815089988793016,1
gb,E4,0.904877011830775,1
gb,E4,0.8416931581019157,1
gb,E4,0.8974624016781426,1
gb,E4,0.9168339581272432,1
gb,E4,0.8935905047746728,1
gb,E4,0.883432383254445,1
gb,E4,0.8854578134256986,1
gb,E4,0.9249306255382103,1
gb,E4,0.931721173410204,1
gb,E4,0.9399652724669053,1
gb,E4,0.9249306255382103,1
gb,E4,0.9369638213531681,1
gb,E4,0.9425410979279668,1
gb,E4,0.9408530282361025,1
gb,E4,0.958727624614837,1
gb,E4,0.9561290835491334,1
gb,E4,0.9029799035547004,1
gb,E4,0.9585230855012626,1
gb,E4,0.9343409137605413,1
gb,E4,0.9323210899871386,1
gb,E4,0.8764846858761217,1
gb,E4,0.9016630640767036,1
gb,E4,0.9069019420460235,1
gb,E4,0.9577762078832476,1
gb,E4,0.9425456012833856,1
gb,E4,0.9351549154715648,1
gb,E4,0.9479663458713544,1
gb,E4,0.9546742719973735,1
gb,E4,0.9582051382895508,1
gb,E4,0.9506350962553461,1
gb,E4,0.9270304620024562,1
gb,E4,0.9462718692327231,1
gb,E4,0.9411622496181566,1
gb,E4,0.9283333542095967,1
gb,E4,0.9573111443512856,1
gb,E4,0.9584516070808609,1
gb,E4,0.9589073767788729,1
gb,E4,0.9535402835973302,1
gb,E4,0.9480949107517072,1
gb,E4,0.9236883078226829,1
gb,E4,0.9058757553935894,1
gb,E4,0.9293475994676106,1
gb,E4,0.9251442399989004,1
gb,E4,0.9371647480036348,1
gb,E4,0.9274910155330351,1
gb,E4,0.9301180338276446,1
gb,E4,0.9137683069512594,1
gb,E4,0.9207766109098339,1
gb,E4,0.9319042165176692,1
gb,E4,0.9129186985443756,1
gb,E4,0.8865006952904942,1
gb,E4,0.9313356736491046,1
gb,E4,0.9376064351782967,1
gb,E4,0.8733176610581096,1
gb,E4,0.845784464210275,1
gb,E4,0.9162393839655365,1
gb,E4,0.8980411217292539,1
gb,E4,0.9166155488248499,1
gb,E4,0.9262183312357845,1
gb,E4,0.8645428323681199,1
gb,E4,0.9359570161016979,1
gb,E4,0.8825221912609023,1
gb,E4,0.8853389710768029,1
gb,E4,0.9200213563716468,1
gb,E4,0.8803336491631553,1
gb,E4,0.8981548636833294,1
gb,E4,0.8412360138517165,1
gb,E4,0.8514573470049588,1
gb,E4,0.849872589694227,1
gb,E4,0.9099140945372806,1
gb,E4,0.8372254436196274,1
gb,E4,0.8388682274755409,1
gb,E4,0.8998599514093137,1
gb,E4,0.9006500936815339,1
gb,E4,0.8791719221334852,1
gb,E4,0.9222410374199859,1
gb,E4,0.813769480742338,1
gb,E4,0.8996270833083478,1
gb,E4,0.8797399738718336,1
gb,E4,0.8538427728064323,0
gb,E4,0.9268092034041624,0
gb,E4,0.8663797934162825,0
gb,E4,0.8557127876212551,0
gb,E4,0.8478067969974332,0
gb,E4,0.8484422202947571,0
gb,E4,0.8603458653981787,0
gb,E4,0.8472348641529688,0
gb,E4,0.8285924634215056,0
gb,E4,0.8417728554820054,0
gb,E4,0.8958292339823974,0
gb,E4,0.7029945369846061,0
gb,E4,0.91922986909709,0
gb,E4,0.911171063985924,0
gb,E4,0.9202401234479068,0
gb,E4,0.8688623197411194,0
gb,E4,0.871320355894991,0
gb,E4,0.8799502435904483,0
gb,E4,0.8532143036521993,0
gb,E4,0.8786457496425937,0
gb,E4,0.8656609843132423,0
gb,E4,0.864826792015797,0
gb,E4,0.8242295881055294,0
gb,E4,0.8265506454290452,0
gb,E4,0.8895189253859992,0
gb,E4,0.8312037099779894,0
gb,E4,0.8752987409806857,0
gb,E4,0.8481662885755059,0
gb,E4,0.8308682314137228,0
gb,E4,0.7923205475700456,0
gb,E4,0.9088379811394972,0
gb,E4,0.8822070144303114,0
gb,E4,0.8628258041328114,0
gb,E4,0.8583309403323605,0
gb,E4,0.8334594699971893,0
gb,E4,0.8740506648775851,0
gb,E4,0.8289882842815398,0
gb,E4,0.8413970085938776,0
gb,E4,0.8561493291615859,0
gb,E4,0.8699865484763051,0
gb,E4,0.8434182789413749,0
gb,E4,0.8346765472314339,0
gb,E4,0.8986697904511844,0
gb,E4,0.8924923688373355,0
gb,E4,0.9234627485250425,0
gb,E4,0.9001278248473285,0
gb,E4,0.9067110348378943,0
gb,E4,0.9218896238660919,0
gb,E4,0.9357569635390431,1
gb,E4,0.9437100090077895,1
gb,E4,0.8997301926248445,1
gb,E4,0.9070708007866126,1
gb,E4,0.9602412609615736,1
gb,E4,0.9042487614388668,1
gb,E4,0.8617256435937684,1
gb,E4,0.9303700456684083,1
gb,E4,0.9280165678300485,1
gb,E4,0.9436592964540834,1
gb,E4,0.9394884055783058,1
gb,E4,0.9072932039296338,1
gb,E4,0.9125194181405711,1
gb,E4,0.9251910793427333,1
gb,E4,0.9243521908634347,1
gb,E4,0.934447660395158,1
gb,E4,0.9301767030444291,1
gb,E4,0.9678393366311988,1
gb,E4,0.9585275558661503,1
gb,E4,0.9409071182605344,1
gb,E4,0.878293255720819,1
gb,E4,0.9230343311953336,1
gb,E4,0.8928737728582501,1
gb,E4,0.8884561275012509,1
gb,E4,0.9397947054739064,1
gb,E4,0.9373711280260625,1
gb,E4,0.9212571962217977,1
gb,E4,0.9335472973530813,1
gb,E4,0.9614106854526542,1
gb,E4,0.9422390141009519,1
gb,E4,0.9368506581560336,1
gb,E4,0.9395711871338823,1
gb,E4,0.9006282861541229,1
gb,E4,0.9654431365525552,1
gb,E4,0.9583191383909774,1
gb,E4,0.9564724108606528,1
gb,E4,0.9582481458886096,1
gb,E4,0.9541152443136078,1
gb,E4,0.986513881418385,1
gb,E4,0.9451386257510164,1
gb,E4,0.9389173991027642,1
gb,E4,0.9273618729986653,1
gb,E4,0.9076019263874499,1
gb,E4,0.902537734501822,1
gb,E4,0.9041037945259205,1
gb,E4,0.9343010811659317,1
gb,E4,0.9060167088531704,1
gb,E4,0.9434944073025551,1
gb,E4,0.9534721777061936,1
gb,E4,0.8793751732259734,1
gb,E4,0.883267479874873,1
gb,E4,0.9057943273428316,1
gb,E4,0.9142723114782474,1
gb,E4,0.9140817577716032,1
gb,E4,0.922711341137878,1
gb,E4,0.927088450208289,1
gb,E4,0.8983814931557536,1
gb,E4,0.8960911884076856,1
gb,E4,0.9349373239900479,1
gb,E4,0.9607824879179128,1
gb,E4,0.9338762536006867,1
gb,E4,0.9215786627824958,1
gb,E4,0.9335551965924901,1
gb,E4,0.9475321780562659,1
gb,E4,0.950097868611354,1
gb,E4,0.9398616717648222,1
gb,E4,0.9239144670030384,1
gb,E4,0.9178433933781408,1
gb,E4,0.8490956700178675,1
gb,E4,0.9509148364405813,1
gb,E4,0.9541848968604195,1
gb,E4,0.920482370282243,1
gb,E4,0.8747978399205844,1
gb,E4,0.9749129545637327,1
gb,E4,0.979455662974748,1
gb,E4,0.9828626845356927,1
gb,E4,0.9527404691045195,1
gb,E4,0.942897758086816,1
gb,E4,0.9651593723351088,1
gb,E4,0.961966223785546,1
gb,E4,0.9627922116873551,1
gb,E4,0.9425814958757159,1
gb,E4,0.9425814958757159,1
gb,E4,0.9583679767347137,1
gb,E4,0.8497218561459269,1
gb,E4,0.9059201410498784,1
gb,E4,0.9227441794178057,1
gb,E4,0.9790420851772207,1
gb,E4,0.8937586795912156,1
gb,E4,0.8690021920299481,1
gb,E4,0.8331879171181098,1
gb,E4,0.914942740431639,1
gb,E4,0.8830740543103969,1
gb,E4,0.9330436107581663,1
gb,E4,0.7946914361270068,1
gb,E4,0.8540884258816631,1
gb,E4,0.8932474292435826,1
gb,E4,0.8962951527963213,1
gb,E4,0.8957053174077525,1
gb,E4,0.8684613352255374,1
gb,E4,0.857847523275158,1
gb,E4,0.8495939999871582,1
gb,E4,0.9383592742039483,1
gb,E4,0.9265439775336068,1
gb,E4,0.9364373121210182,1
gb,E4,0.9386155206677942,1
gb,E4,0.9676246097771135,1
gb,E4,0.9782499079822294,1
gb,E4,0.981007607445415,1
gb,E4,0.9513917540612069,1
gb,E4,0.9558483351663,1
gb,E4,0.9553417534943672,1
gb,E4,0.9594219484095783,1
gb,E4,0.9531882505464423,1
gb,E4,0.972413762305878,1
gb,E4,0.9525178703352039,1
gb,E4,0.9444789401741582,1
gb,E4,0.9380248486483075,1
gb,E4,0.9705169313862756,1
gb,E4,0.9290140247549322,1
gb,E4,0.9213902463711564,1
gb,E4,0.9355454510672991,1
gb,E4,0.9242939416446514,1
gb,E4,0.9444329924097008,1
gb,E4,0.9287978517657658,1
gb,E4,0.9154025704571533,1
gb,E4,0.8228386037601371,1
gb,E4,0.9310227064662341,1
gb,E4,0.9310227064662341,1
gb,E4,0.8913783715986175,1
gb,E4,0.9395989216002096,1
gb,E4,0.9374108410645834,1
gb,E4,0.9281287862863234,1
gb,E4,0.896234763165962,1
gb,E4,0.9080473452804657,1
gb,E4,0.9225197841424307,1
gb,E4,0.9225197841424307,1
gb,E4,0.9042092985471061,1
gb,E4,0.9461930695509639,1
gb,E4,0.9625799865970529,1
gb,E4,0.940396584017929,1
gb,E4,0.9588256509461303,1
gb,E4,0.9643877774527532,1
gb,E4,0.9624599417624499,1
gb,E4,0.9626589048647453,1
gb,E4,0.9267975431260849,1
gb,E4,0.9497665542049999,1
gb,E4,0.939862535109368,1
gb,E4,0.9273848807901164,1
gb,E4,0.9361853362406525,1
gb,E4,0.9555382460766204,1
gb,E4,0.9288774762139693,1
gb,E4,0.931426345875762,1
gb,E4,0.9241139015971468,1
gb,E4,0.9501918825828167,1
gb,E4,0.9516251738533352,1
gb,E4,0.9518875200110873,1
gb,E4,0.9606584140795474,1
gb,E4,0.9632331271950036,1
gb,E4,0.9622538801644585,1
gb,E4,0.9384981756746491,1
gb,E4,0.9444972867022968,1
gb,E4,0.924745857373725,1
gb,E4,0.9075288376055186,1
gb,E4,0.9247713941881816,0
gb,E4,0.9526030105355539,0
gb,E4,0.9395219743704812,0
gb,E4,0.9119227219121385,0
gb,E4,0.9080082480450902,0
gb,E4,0.9580847157499383,0
gb,E4,0.9446112761369393,0
gb,E4,0.9460759573182052,0
gb,E4,0.9444329924097008,0
gb,E4,0.9389826719156371,0
gb,E4,0.8448444900110637,0
gb,E4,0.9107924576984242,0
gb,E4,0.9281970728933882,0
gb,E4,0.9340137363973989,0
gb,E4,0.8646310308830347,0
gb,E4,0.678874711689222,0
gb,E4,0.5534632842448518,0
gb,E4,0.8709207714531582,0
gb,E4,0.9170811298640205,0
gb,E4,0.8966965682051887,0
gb,E4,0.9031597861057086,0
gb,E4,0.9516950753415899,0
gb,E4,0.9399564632266386,0
gb,E4,0.9261491870825866,0
gb,E4,0.8818879723923996,0
gb,E4,0.8484616185553687,0
gb,E4,0.8468248523688071,0
gb,E4,0.9102440596024962,0
gb,E4,0.9012485967043041,0
gb,E4,0.8608391544222428,0
gb,E4,0.8984271786033371,0
gb,E4,0.7579466263689874,0
gb,E4,0.8944401845697562,0
gb,E4,0.8041240777728313,0
gb,E4,0.8176216778986644,0
gb,E4,0.8689452137854612,0
gb,E4,0.83566433175972,0
gb,E4,0.9206362585318854,0
gb,E4,0.9557254358704151,0
gb,E4,0.9443047121447284,0
gb,E4,0.9446826597155449,0
gb,E4,0.9633883831419724,0
gb,E4,0.9808683814357717,0
gb,E4,0.9631961039840432,0
gb,E4,0.888497735436077,0
gb,E4,0.8552850932436142,0
gb,E4,0.807612343408851,0
gb,E4,0.8752457707001554,0
gb,E4,0.875221807311192,0
gb,E4,0.9223489611576393,0
gb,E4,0.9325626411310963,0
gb,E4,0.9310544545884174,0
gb,E4,0.9329558851400997,0
gb,E4,0.9032844607105898,0
gb,E4,0.9285504662196277,0
gb,E4,0.9238841173343528,0
gb,E4,0.942999083077497,0
gb,E4,0.9093287788109603,0
gb,E4,0.9721366526752698,0
gb,E4,0.943013756838562,0
gb,E4,0.9539142081476639,0
gb,E4,0.9337638304992032,0
gb,E4,0.8480927570882034,0
gb,E4,0.8923354063210346,0
gb,E4,0.8887082980820613,0
gb,E4,0.9019788661963549,0
gb,E4,0.9235019445114877,0
gb,E4,0.9316357910131915,0
gb,E4,0.9568983947296947,0
gb,E4,0.9561388487419668,0
gb,E4,0.9577017516025083,0
gb,E4,0.9558354469739362,0
gb,E4,0.9522441865049852,0
gb,E4,0.9633294438165413,0
gb,E4,0.9633294438165413,0
gb,E4,0.9507382732385735,0
gb,E4,0.9582579602093129,0
gb,E4,0.9711423883483346,0
gb,E4,0.929283228317924,0
gb,E4,0.9505945125886578,0
gb,E4,0.9395711871338823,0
gb,E4,0.9241909089152267,0
gb,E4,0.9746286510918941,0
gb,E4,0.9671398795486804,0
gb,E4,0.9570257154122918,0
gb,E4,0.9729908840494059,0
gb,E4,0.9531553266073096,0
gb,E4,0.9295546007588785,0
gb,E4,0.9401400419319892,0
gb,E4,0.9618109979676351,1
gb,E4,0.968641423169831,1
gb,E4,0.9769887638163803,1
gb,E4,0.9599970546021482,1
gb,E4,0.9363556555532974,1
gb,E4,0.9671488568650686,1
gb,E4,0.9438432090180411,1
gb,E4,0.9680995116654263,1
gb,E4,0.9670432583945667,1
gb,E4,0.9675453312119972,1
gb,E4,0.965452940483457,1
gb,E4,0.926868320899148,1
gb,E4,0.9480585844761394,1
gb,E4,0.9405059107670055,1
gb,E4,0.9207234045293724,1
gb,E4,0.9422057053829997,1
gb,E4,0.9340057442411647,1
gb,E4,0.9363556719210572,1
gb,E4,0.9147606557741926,1
gb,E4,0.9313084271538901,1
gb,E4,0.9309092236060523,1
gb,E4,0.8932755485748713,1
gb,E4,0.9023385605076069,1
gb,E4,0.8956748592533554,1
gb,E4,0.9488003743765561,1
gb,E4,0.9286722652512599,1
gb,E4,0.869477322150548,1
gb,E4,0.8465649952620431,1
gb,E4,0.7871555206071783,1
gb,E4,0.874163962672971,1
gb,E4,0.8506285000925636,1
gb,E4,0.8649208560364349,1
gb,E4,0.878372668385293,1
gb,E4,0.8777475628763316,1
gb,E4,0.8331829485552605,1
gb,E4,0.7942497659151257,1
gb,E4,0.8241749282483044,1
gb,E4,0.8019421660733105,1
gb,E4,0.8948513576672213,1
gb,E4,0.9336468755766945,1
gb,E4,0.9071496771601072,1
gb,E4,0.9408608943096086,1
gb,E4,0.9397338108552911,1
gb,E4,0.9151287029311597,1
gb,E4,0.9485974616650024,1
gb,E4,0.859526007667109,1
gb,E4,0.8842491985083313,1
gb,E4,0.8905655508713576,1
gb,E4,0.7572769635863481,1
gb,E4,0.7778244647934454,1
gb,E4,0.8417666747070135,1
gb,E4,0.8719646543986165,1
gb,E4,0.8580555859982952,1
gb,E4,0.8086298844395742,1
gb,E4,0.8525111107008685,1
gb,E4,0.8090190182032443,1
gb,E4,0.9121240795787569,1
gb,E4,0.8144423298632584,1
gb,E4,0.844053008600712,1
gb,E4,0.8840974856919906,1
gb,E4,0.8721215663497436,1
gb,E4,0.9266282617258812,1
gb,E4,0.939634115506646,1
gb,E4,0.8668559105042268,1
gb,E4,0.8405004555746334,1
gb,E4,0.8895326866469742,1
gb,E4,0.7739802761049485,1
gb,E4,0.8806125884294287,1
gb,E4,0.908057177560346,1
gb,E4,0.9100470202115939,1
gb,E4,0.9224705512802555,1
gb,E4,0.925086559146515,1
gb,E4,0.953782543095939,1
gb,E4,0.9538640643234106,1
gb,E4,0.9514723121996284,1
gb,E4,0.9600520287751901,1
gb,E4,0.9360857480712116,1
gb,E4,0.9247969573803119,1
gb,E4,0.932593882917704,1
gb,E4,0.9278527493485348,1
gb,E4,0.9409076039473887,1
gb,E4,0.9324052770337227,1
gb,E4,0.8943619117648915,1
gb,E4,0.9119540694436696,1
gb,E4,0.9263443334892422,1
gb,E4,0.9114615235090288,1
gb,E4,0.8958151261629891,1
gb,E4,0.8905434776484933,1
gb,E4,0.8512004297488255,1
gb,E4,0.8816036969783917,1
gb,E4,0.9393695253903813,1
gb,E4,0.9081115905404185,1
gb,E4,0.8949234953021473,1
gb,E4,0.8003014911826877,1
gb,E4,0.8831708273697578,1
gb,E4,0.9303410037498104,1
gb,E4,0.9093899475985299,1
gb,E4,0.9202127189401393,1
deep_ssl_strict,E4,0.885810911655426,1
deep_ssl_strict,E4,0.9312121868133545,1
deep_ssl_strict,E4,0.9381065368652344,1
deep_ssl_strict,E4,0.9326719045639038,1
deep_ssl_strict,E4,0.9838820695877075,1
deep_ssl_strict,E4,0.8246686458587646,1
deep_ssl_strict,E4,0.7801170349121094,1
deep_ssl_strict,E4,0.9096805453300476,1
deep_ssl_strict,E4,0.8902663588523865,1
deep_ssl_strict,E4,0.9119904637336731,1
deep_ssl_strict,E4,0.8702681064605713,1
deep_ssl_strict,E4,0.7915001511573792,1
deep_ssl_strict,E4,0.7420430183410645,1
deep_ssl_strict,E4,0.8259900808334351,1
deep_ssl_strict,E4,0.2378566414117813,1
deep_ssl_strict,E4,0.9070346355438232,1
deep_ssl_strict,E4,0.8179982304573059,1
deep_ssl_strict,E4,0.8036081790924072,1
deep_ssl_strict,E4,0.9236739277839661,1
deep_ssl_strict,E4,0.6561012864112854,1
deep_ssl_strict,E4,0.8756559491157532,1
deep_ssl_strict,E4,0.5772214531898499,1
deep_ssl_strict,E4,0.8453176021575928,1
deep_ssl_strict,E4,0.8407191038131714,1
deep_ssl_strict,E4,0.8525210618972778,1
deep_ssl_strict,E4,0.4763599932193756,1
deep_ssl_strict,E4,0.8551523685455322,1
deep_ssl_strict,E4,0.9031091332435608,1
deep_ssl_strict,E4,0.8598323464393616,1
deep_ssl_strict,E4,0.8744484782218933,1
deep_ssl_strict,E4,0.9438754320144653,1
deep_ssl_strict,E4,0.84801185131073,1
deep_ssl_strict,E4,0.9059385061264038,1
deep_ssl_strict,E4,0.8797143697738647,1
deep_ssl_strict,E4,0.9195950031280518,1
deep_ssl_strict,E4,0.888513445854187,1
deep_ssl_strict,E4,0.9297990798950195,1
deep_ssl_strict,E4,0.9097007513046265,1
deep_ssl_strict,E4,0.8875971436500549,1
deep_ssl_strict,E4,0.8109192848205566,1
deep_ssl_strict,E4,0.6598573327064514,1
deep_ssl_strict,E4,0.45933035016059875,0
deep_ssl_strict,E4,0.27530282735824585,0
deep_ssl_strict,E4,0.8650826811790466,0
deep_ssl_strict,E4,0.9310228228569031,0
deep_ssl_strict,E4,0.6425482034683228,0
deep_ssl_strict,E4,0.797641932964325,0
deep_ssl_strict,E4,0.7941054701805115,0
deep_ssl_strict,E4,0.8614747524261475,0
deep_ssl_strict,E4,0.9462679624557495,0
deep_ssl_strict,E4,0.8744857907295227,1
deep_ssl_strict,E4,0.8694303035736084,1
deep_ssl_strict,E4,0.8884492516517639,1
deep_ssl_strict,E4,0.49869996309280396,1
deep_ssl_strict,E4,0.8271735906600952,1
deep_ssl_strict,E4,0.8419841527938843,1
deep_ssl_strict,E4,0.9086382389068604,1
deep_ssl_strict,E4,0.9447062611579895,1
deep_ssl_strict,E4,0.9491788148880005,1
deep_ssl_strict,E4,0.7846176624298096,1
deep_ssl_strict,E4,0.8260253667831421,1
deep_ssl_strict,E4,0.9259060621261597,1
deep_ssl_strict,E4,0.7013501524925232,1
deep_ssl_strict,E4,0.39522528648376465,1
deep_ssl_strict,E4,0.34739699959754944,1
deep_ssl_strict,E4,0.3078632652759552,1
deep_ssl_strict,E4,0.2796669602394104,1
deep_ssl_strict,E4,0.3636915385723114,1
deep_ssl_strict,E4,0.6591177582740784,1
deep_ssl_strict,E4,0.5326874852180481,1
deep_ssl_strict,E4,0.8685926198959351,1
deep_ssl_strict,E4,0.8164626955986023,1
deep_ssl_strict,E4,0.9108082056045532,1
deep_ssl_strict,E4,0.9351488947868347,1
deep_ssl_strict,E4,0.7618851661682129,1
deep_ssl_strict,E4,0.8195245265960693,1
deep_ssl_strict,E4,0.5615284442901611,1
deep_ssl_strict,E4,0.8719447255134583,1
deep_ssl_strict,E4,0.9565988779067993,1
deep_ssl_strict,E4,0.7612611055374146,1
deep_ssl_strict,E4,0.8440675139427185,1
deep_ssl_strict,E4,0.8753990530967712,1
deep_ssl_strict,E4,0.9630446434020996,1
deep_ssl_strict,E4,0.9769153594970703,1
deep_ssl_strict,E4,0.7543886303901672,1
deep_ssl_strict,E4,0.71486896276474,1
deep_ssl_strict,E4,0.5505546927452087,1
deep_ssl_strict,E4,0.6491937041282654,1
deep_ssl_strict,E4,0.9737303256988525,1
deep_ssl_strict,E4,0.9728959798812866,1
deep_ssl_strict,E4,0.9701833724975586,1
deep_ssl_strict,E4,0.9117682576179504,1
deep_ssl_strict,E4,0.876874566078186,1
deep_ssl_strict,E4,0.9290634989738464,1
deep_ssl_strict,E4,0.9346385598182678,1
deep_ssl_strict,E4,0.9778623580932617,1
deep_ssl_strict,E4,0.8915565013885498,1
deep_ssl_strict,E4,0.9424526691436768,1
deep_ssl_strict,E4,0.94654381275177,1
deep_ssl_strict,E4,0.8918706774711609,1
deep_ssl_strict,E4,0.8548732399940491,1
deep_ssl_strict,E4,0.8944990038871765,1
deep_ssl_strict,E4,0.9082770347595215,1
deep_ssl_strict,E4,0.9062085747718811,1
deep_ssl_strict,E4,0.8819974660873413,1
deep_ssl_strict,E4,0.9651809930801392,1
deep_ssl_strict,E4,0.9877023100852966,1
deep_ssl_strict,E4,0.9589265584945679,1
deep_ssl_strict,E4,0.825373113155365,1
deep_ssl_strict,E4,0.8616307973861694,1
deep_ssl_strict,E4,0.9758157730102539,1
deep_ssl_strict,E4,0.9517525434494019,1
deep_ssl_strict,E4,0.8843420743942261,1
deep_ssl_strict,E4,0.8768043518066406,1
deep_ssl_strict,E4,0.8067266941070557,1
deep_ssl_strict,E4,0.8012274503707886,1
deep_ssl_strict,E4,0.9224777817726135,1
deep_ssl_strict,E4,0.9426845908164978,1
deep_ssl_strict,E4,0.9696799516677856,1
deep_ssl_strict,E4,0.9707268476486206,1
deep_ssl_strict,E4,0.3330484926700592,1
deep_ssl_strict,E4,0.598150372505188,1
deep_ssl_strict,E4,0.6310484409332275,1
deep_ssl_strict,E4,0.9154057502746582,1
deep_ssl_strict,E4,0.7762874960899353,1
deep_ssl_strict,E4,0.6021578311920166,1
deep_ssl_strict,E4,0.12484226375818253,1
deep_ssl_strict,E4,0.12166392803192139,1
deep_ssl_strict,E4,0.22831295430660248,1
deep_ssl_strict,E4,0.26997271180152893,1
deep_ssl_strict,E4,0.6595625281333923,1
deep_ssl_strict,E4,0.10025223344564438,1
deep_ssl_strict,E4,0.1071506142616272,1
deep_ssl_strict,E4,0.24968895316123962,1
deep_ssl_strict,E4,0.8760616183280945,1
deep_ssl_strict,E4,0.8212553858757019,1
deep_ssl_strict,E4,0.9000799059867859,1
deep_ssl_strict,E4,0.6763913035392761,1
deep_ssl_strict,E4,0.8666276335716248,1
deep_ssl_strict,E4,0.7172094583511353,1
deep_ssl_strict,E4,0.8211486339569092,1
deep_ssl_strict,E4,0.8526157140731812,1
deep_ssl_strict,E4,0.6977310180664062,1
deep_ssl_strict,E4,0.7691510915756226,1
deep_ssl_strict,E4,0.9273864030838013,1
deep_ssl_strict,E4,0.874167799949646,1
deep_ssl_strict,E4,0.8633407354354858,1
deep_ssl_strict,E4,0.7450185418128967,1
deep_ssl_strict,E4,0.4944952726364136,1
deep_ssl_strict,E4,0.9774026274681091,1
deep_ssl_strict,E4,0.3283451497554779,1
deep_ssl_strict,E4,0.9859727621078491,1
deep_ssl_strict,E4,0.967499852180481,1
deep_ssl_strict,E4,0.906281054019928,1
deep_ssl_strict,E4,0.9092463850975037,1
deep_ssl_strict,E4,0.8162468671798706,1
deep_ssl_strict,E4,0.9842744469642639,1
deep_ssl_strict,E4,0.1232123151421547,1
deep_ssl_strict,E4,0.21089333295822144,1
deep_ssl_strict,E4,0.9874103665351868,1
deep_ssl_strict,E4,0.9639717936515808,1
deep_ssl_strict,E4,0.9949010610580444,1
deep_ssl_strict,E4,0.9957471489906311,1
deep_ssl_strict,E4,0.9931507110595703,1
deep_ssl_strict,E4,0.9542784690856934,1
deep_ssl_strict,E4,0.9453856348991394,1
deep_ssl_strict,E4,0.9491235017776489,1
deep_ssl_strict,E4,0.9369035363197327,1
deep_ssl_strict,E4,0.9810566306114197,1
deep_ssl_strict,E4,0.9896689057350159,1
deep_ssl_strict,E4,0.9672060608863831,1
deep_ssl_strict,E4,0.9568747282028198,1
deep_ssl_strict,E4,0.9799051284790039,1
deep_ssl_strict,E4,0.9631779789924622,1
deep_ssl_strict,E4,0.8763282299041748,1
deep_ssl_strict,E4,0.9600821137428284,1
deep_ssl_strict,E4,0.9596273899078369,1
deep_ssl_strict,E4,0.9303622841835022,1
deep_ssl_strict,E4,0.18961645662784576,1
deep_ssl_strict,E4,0.31503230333328247,1
deep_ssl_strict,E4,0.3256435692310333,1
deep_ssl_strict,E4,0.9109534025192261,1
deep_ssl_strict,E4,0.8858754634857178,1
deep_ssl_strict,E4,0.9105384945869446,1
deep_ssl_strict,E4,0.9266654849052429,1
deep_ssl_strict,E4,0.9695315361022949,1
deep_ssl_strict,E4,0.9787614345550537,1
deep_ssl_strict,E4,0.9000383019447327,1
deep_ssl_strict,E4,0.6745024919509888,1
deep_ssl_strict,E4,0.890565812587738,1
deep_ssl_strict,E4,0.9021734595298767,1
deep_ssl_strict,E4,0.4975411295890808,1
deep_ssl_strict,E4,0.4619596600532532,1
deep_ssl_strict,E4,0.10857953131198883,1
deep_ssl_strict,E4,0.5247341990470886,1
deep_ssl_strict,E4,0.8375563025474548,1
deep_ssl_strict,E4,0.6823575496673584,1
deep_ssl_strict,E4,0.9569094777107239,1
deep_ssl_strict,E4,0.909217119216919,1
deep_ssl_strict,E4,0.9204479455947876,1
deep_ssl_strict,E4,0.7216587066650391,1
deep_ssl_strict,E4,0.8202337622642517,1
deep_ssl_strict,E4,0.6687906980514526,1
deep_ssl_strict,E4,0.25007104873657227,1
deep_ssl_strict,E4,0.4199047386646271,1
deep_ssl_strict,E4,0.48314231634140015,1
deep_ssl_strict,E4,0.9914847016334534,1
deep_ssl_strict,E4,0.9579691290855408,1
deep_ssl_strict,E4,0.8947963118553162,1
deep_ssl_strict,E4,0.537429690361023,1
deep_ssl_strict,E4,0.9503194093704224,1
deep_ssl_strict,E4,0.887104868888855,1
deep_ssl_strict,E4,0.9245133399963379,1
deep_ssl_strict,E4,0.9558812379837036,1
deep_ssl_strict,E4,0.9734643697738647,1
deep_ssl_strict,E4,0.9347429871559143,1
deep_ssl_strict,E4,0.1196548342704773,1
deep_ssl_strict,E4,0.08904804289340973,1
deep_ssl_strict,E4,0.5270993709564209,1
deep_ssl_strict,E4,0.03778526932001114,1
deep_ssl_strict,E4,0.4408945143222809,1
deep_ssl_strict,E4,0.24637337028980255,1
deep_ssl_strict,E4,0.3304993808269501,1
deep_ssl_strict,E4,0.8718689680099487,1
deep_ssl_strict,E4,0.8131282925605774,1
deep_ssl_strict,E4,0.9465630054473877,1
deep_ssl_strict,E4,0.8793011903762817,1
deep_ssl_strict,E4,0.9442519545555115,1
deep_ssl_strict,E4,0.8977543115615845,1
deep_ssl_strict,E4,0.14013148844242096,1
deep_ssl_strict,E4,0.7613231539726257,1
deep_ssl_strict,E4,0.8919135928153992,1
deep_ssl_strict,E4,0.9340590834617615,1
deep_ssl_strict,E4,0.9255072474479675,1
deep_ssl_strict,E4,0.9379506707191467,1
deep_ssl_strict,E4,0.8622694611549377,1
deep_ssl_strict,E4,0.7513992786407471,1
deep_ssl_strict,E4,0.8829458355903625,1
deep_ssl_strict,E4,0.90934818983078,1
deep_ssl_strict,E4,0.8795851469039917,1
deep_ssl_strict,E4,0.8185281753540039,1
deep_ssl_strict,E4,0.641710102558136,1
deep_ssl_strict,E4,0.4245731830596924,1
deep_ssl_strict,E4,0.4635659456253052,1
deep_ssl_strict,E4,0.5413895845413208,1
deep_ssl_strict,E4,0.9259050488471985,1
deep_ssl_strict,E4,0.44931602478027344,1
deep_ssl_strict,E4,0.5194938778877258,1
deep_ssl_strict,E4,0.3705824315547943,1
deep_ssl_strict,E4,0.5703337788581848,1
deep_ssl_strict,E4,0.272970587015152,1
deep_ssl_strict,E4,0.7199137806892395,1
deep_ssl_strict,E4,0.665895402431488,1
deep_ssl_strict,E4,0.20885077118873596,1
deep_ssl_strict,E4,0.8547061085700989,1
deep_ssl_strict,E4,0.9390483498573303,1
deep_ssl_strict,E4,0.9249813556671143,1
deep_ssl_strict,E4,0.5934300422668457,1
deep_ssl_strict,E4,0.8883307576179504,1
deep_ssl_strict,E4,0.9692119359970093,1
deep_ssl_strict,E4,0.9476074576377869,1
deep_ssl_strict,E4,0.9560818672180176,1
deep_ssl_strict,E4,0.933325469493866,1
deep_ssl_strict,E4,0.9223277568817139,1
deep_ssl_strict,E4,0.9326675534248352,1
deep_ssl_strict,E4,0.7673301100730896,1
deep_ssl_strict,E4,0.9155607223510742,1
deep_ssl_strict,E4,0.9168531894683838,1
deep_ssl_strict,E4,0.7656225562095642,1
deep_ssl_strict,E4,0.9204315543174744,1
deep_ssl_strict,E4,0.9318671822547913,1
deep_ssl_strict,E4,0.8962634205818176,1
deep_ssl_strict,E4,0.8970009684562683,1
deep_ssl_strict,E4,0.898640513420105,1
deep_ssl_strict,E4,0.9430117011070251,1
deep_ssl_strict,E4,0.8591859340667725,1
deep_ssl_strict,E4,0.886233925819397,1
deep_ssl_strict,E4,0.8773571252822876,1
deep_ssl_strict,E4,0.783870279788971,1
deep_ssl_strict,E4,0.6900618076324463,1
deep_ssl_strict,E4,0.8911211490631104,1
deep_ssl_strict,E4,0.9194127321243286,1
deep_ssl_strict,E4,0.9497990608215332,1
deep_ssl_strict,E4,0.8732576966285706,1
deep_ssl_strict,E4,0.9138723611831665,1
deep_ssl_strict,E4,0.9542447328567505,1
deep_ssl_strict,E4,0.25946280360221863,1
deep_ssl_strict,E4,0.5102707743644714,1
deep_ssl_strict,E4,0.7084023952484131,1
deep_ssl_strict,E4,0.5641157031059265,1
deep_ssl_strict,E4,0.7494871616363525,1
deep_ssl_strict,E4,0.8901553153991699,1
deep_ssl_strict,E4,0.688909113407135,1
deep_ssl_strict,E4,0.7399305701255798,1
deep_ssl_strict,E4,0.8880367279052734,1
deep_ssl_strict,E4,0.8903347253799438,1
deep_ssl_strict,E4,0.8668297529220581,1
deep_ssl_strict,E4,0.8917616009712219,1
deep_ssl_strict,E4,0.8697863221168518,1
deep_ssl_strict,E4,0.898280143737793,1
deep_ssl_strict,E4,0.9291794300079346,1
deep_ssl_strict,E4,0.8536601066589355,1
deep_ssl_strict,E4,0.9554624557495117,1
deep_ssl_strict,E4,0.9487344026565552,1
deep_ssl_strict,E4,0.913113534450531,1
deep_ssl_strict,E4,0.6330384612083435,1
deep_ssl_strict,E4,0.8460172414779663,1
deep_ssl_strict,E4,0.9044126272201538,1
deep_ssl_strict,E4,0.9638146758079529,1
deep_ssl_strict,E4,0.984208881855011,1
deep_ssl_strict,E4,0.847966194152832,1
deep_ssl_strict,E4,0.9084445834159851,1
deep_ssl_strict,E4,0.9352585673332214,1
deep_ssl_strict,E4,0.9418936967849731,1
deep_ssl_strict,E4,0.9548975825309753,1
deep_ssl_strict,E4,0.9533095359802246,1
deep_ssl_strict,E4,0.917528510093689,1
deep_ssl_strict,E4,0.8816918134689331,1
deep_ssl_strict,E4,0.7903894782066345,1
deep_ssl_strict,E4,0.5003395080566406,1
deep_ssl_strict,E4,0.15997427701950073,1
deep_ssl_strict,E4,0.9443759322166443,1
deep_ssl_strict,E4,0.9672678112983704,1
deep_ssl_strict,E4,0.9692144393920898,1
deep_ssl_strict,E4,0.9740310907363892,1
deep_ssl_strict,E4,0.9731922745704651,1
deep_ssl_strict,E4,0.8336898684501648,1
deep_ssl_strict,E4,0.921538770198822,1
deep_ssl_strict,E4,0.8024832010269165,1
deep_ssl_strict,E4,0.97027987241745,1
deep_ssl_strict,E4,0.9862788319587708,1
deep_ssl_strict,E4,0.9842255115509033,1
deep_ssl_strict,E4,0.9168168306350708,1
deep_ssl_strict,E4,0.3917660713195801,1
deep_ssl_strict,E4,0.414633184671402,1
deep_ssl_strict,E4,0.10732968151569366,1
deep_ssl_strict,E4,0.6188242435455322,1
deep_ssl_strict,E4,0.8324370384216309,1
deep_ssl_strict,E4,0.9547662734985352,1
deep_ssl_strict,E4,0.9014369249343872,1
deep_ssl_strict,E4,0.9091095924377441,1
deep_ssl_strict,E4,0.5116330981254578,1
deep_ssl_strict,E4,0.803965151309967,1
deep_ssl_strict,E4,0.9620373845100403,1
deep_ssl_strict,E4,0.9689527750015259,1
deep_ssl_strict,E4,0.9932457804679871,1
deep_ssl_strict,E4,0.9601970911026001,1
deep_ssl_strict,E4,0.9672591090202332,1
deep_ssl_strict,E4,0.992957592010498,1
deep_ssl_strict,E4,0.9355602860450745,1
deep_ssl_strict,E4,0.5124987363815308,1
deep_ssl_strict,E4,0.5733564496040344,1
deep_ssl_strict,E4,0.8457521796226501,1
deep_ssl_strict,E4,0.5818818211555481,1
deep_ssl_strict,E4,0.9212172627449036,1
deep_ssl_strict,E4,0.7091318368911743,1
deep_ssl_strict,E4,0.7678282856941223,1
deep_ssl_strict,E4,0.6163631081581116,1
deep_ssl_strict,E4,0.9736378788948059,1
deep_ssl_strict,E4,0.6122945547103882,1
deep_ssl_strict,E4,0.6835548877716064,1
deep_ssl_strict,E4,0.9680306315422058,1
deep_ssl_strict,E4,0.993695080280304,1
deep_ssl_strict,E4,0.9923577904701233,1
deep_ssl_strict,E4,0.9316675662994385,1
deep_ssl_strict,E4,0.9666422009468079,1
deep_ssl_strict,E4,0.9566704630851746,1
deep_ssl_strict,E4,0.98740154504776,0
deep_ssl_strict,E4,0.08153682202100754,0
deep_ssl_strict,E4,0.9839440584182739,0
deep_ssl_strict,E4,0.9497363567352295,0
deep_ssl_strict,E4,0.624648928642273,0
deep_ssl_strict,E4,0.9903478622436523,0
deep_ssl_strict,E4,0.9947289824485779,0
deep_ssl_strict,E4,0.9877990484237671,0
deep_ssl_strict,E4,0.9718542695045471,0
deep_ssl_strict,E4,0.9924525618553162,0
deep_ssl_strict,E4,0.9980030655860901,0
deep_ssl_strict,E4,0.996299684047699,0
deep_ssl_strict,E4,0.9911649823188782,0
deep_ssl_strict,E4,0.798429548740387,0
deep_ssl_strict,E4,0.48908042907714844,0
deep_ssl_strict,E4,0.9967765212059021,0
deep_ssl_strict,E4,0.9885459542274475,0
deep_ssl_strict,E4,0.9914121627807617,0
deep_ssl_strict,E4,0.9958464503288269,0
deep_ssl_strict,E4,0.9958568215370178,0
deep_ssl_strict,E4,0.3708617389202118,0
deep_ssl_strict,E4,0.5301907658576965,0
deep_ssl_strict,E4,0.9954310655593872,0
deep_ssl_strict,E4,0.9988937973976135,0
deep_ssl_strict,E4,0.9872016906738281,0
deep_ssl_strict,E4,0.9971141815185547,0
deep_ssl_strict,E4,0.9780839085578918,0
deep_ssl_strict,E4,0.9969911575317383,0
deep_ssl_strict,E4,0.9965165853500366,0
deep_ssl_strict,E4,0.9062679409980774,0
deep_ssl_strict,E4,0.2325322926044464,0
deep_ssl_strict,E4,0.9966464638710022,0
deep_ssl_strict,E4,0.959187388420105,0
deep_ssl_strict,E4,0.9982611536979675,0
deep_ssl_strict,E4,0.9984904527664185,0
deep_ssl_strict,E4,0.20755115151405334,0
deep_ssl_strict,E4,0.993783712387085,0
deep_ssl_strict,E4,0.9990020394325256,0
deep_ssl_strict,E4,0.9989558458328247,0
deep_ssl_strict,E4,0.9992959499359131,0
deep_ssl_strict,E4,0.9989765882492065,0
deep_ssl_strict,E4,0.9989274144172668,0
deep_ssl_strict,E4,0.998336911201477,0
deep_ssl_strict,E4,0.9988099336624146,0
deep_ssl_strict,E4,0.9991723299026489,0
deep_ssl_strict,E4,0.9993184804916382,0
deep_ssl_strict,E4,0.9994381070137024,0
deep_ssl_strict,E4,0.9985107779502869,0
deep_ssl_strict,E4,0.5381444692611694,1
deep_ssl_strict,E4,0.9975329637527466,1
deep_ssl_strict,E4,0.8048120737075806,1
deep_ssl_strict,E4,0.9131751656532288,1
deep_ssl_strict,E4,0.99313884973526,1
deep_ssl_strict,E4,0.6369583010673523,1
deep_ssl_strict,E4,0.9537574052810669,1
deep_ssl_strict,E4,0.23568762838840485,1
deep_ssl_strict,E4,0.9948127269744873,1
deep_ssl_strict,E4,0.9997738003730774,1
deep_ssl_strict,E4,0.9995747208595276,1
deep_ssl_strict,E4,0.6092162728309631,1
deep_ssl_strict,E4,0.49644699692726135,1
deep_ssl_strict,E4,0.9576466083526611,1
deep_ssl_strict,E4,0.9921830296516418,1
deep_ssl_strict,E4,0.8676271438598633,1
deep_ssl_strict,E4,0.3446526825428009,1
deep_ssl_strict,E4,0.9592710733413696,1
deep_ssl_strict,E4,0.39929309487342834,1
deep_ssl_strict,E4,0.06609128415584564,1
deep_ssl_strict,E4,0.17071381211280823,1
deep_ssl_strict,E4,0.16210205852985382,1
deep_ssl_strict,E4,0.10217403620481491,1
deep_ssl_strict,E4,0.03505124896764755,1
deep_ssl_strict,E4,0.3899209499359131,1
deep_ssl_strict,E4,0.8484541773796082,1
deep_ssl_strict,E4,0.3763454258441925,1
deep_ssl_strict,E4,0.9544337391853333,1
deep_ssl_strict,E4,0.9617171883583069,1
deep_ssl_strict,E4,0.6307065486907959,1
deep_ssl_strict,E4,0.7724865674972534,1
deep_ssl_strict,E4,0.029983239248394966,1
deep_ssl_strict,E4,0.4681796133518219,1
deep_ssl_strict,E4,0.5170918703079224,1
deep_ssl_strict,E4,0.4878256022930145,1
deep_ssl_strict,E4,0.8269373774528503,1
deep_ssl_strict,E4,0.8301981687545776,1
deep_ssl_strict,E4,0.6944808959960938,1
deep_ssl_strict,E4,0.8465034365653992,1
deep_ssl_strict,E4,0.3949437439441681,1
deep_ssl_strict,E4,0.4373624324798584,1
deep_ssl_strict,E4,0.15872792899608612,1
deep_ssl_strict,E4,0.42675235867500305,1
deep_ssl_strict,E4,0.9885401129722595,1
deep_ssl_strict,E4,0.9140138626098633,1
deep_ssl_strict,E4,0.21858128905296326,1
deep_ssl_strict,E4,0.9307058453559875,1
deep_ssl_strict,E4,0.7148523926734924,1
deep_ssl_strict,E4,0.6544947028160095,1
deep_ssl_strict,E4,0.14213232696056366,1
deep_ssl_strict,E4,0.4511871039867401,1
deep_ssl_strict,E4,0.5437602996826172,1
deep_ssl_strict,E4,0.4036553204059601,1
deep_ssl_strict,E4,0.570379376411438,1
deep_ssl_strict,E4,0.543474018573761,1
deep_ssl_strict,E4,0.6849611401557922,1
deep_ssl_strict,E4,0.324561208486557,1
deep_ssl_strict,E4,0.7553340196609497,1
deep_ssl_strict,E4,0.3489244878292084,1
deep_ssl_strict,E4,0.35199254751205444,1
deep_ssl_strict,E4,0.9407641887664795,1
deep_ssl_strict,E4,0.8427892327308655,1
deep_ssl_strict,E4,0.15810629725456238,1
deep_ssl_strict,E4,0.28239867091178894,1
deep_ssl_strict,E4,0.528329610824585,1
deep_ssl_strict,E4,0.4900476336479187,1
deep_ssl_strict,E4,0.4332493245601654,1
deep_ssl_strict,E4,0.0860476866364479,1
deep_ssl_strict,E4,0.20807074010372162,1
deep_ssl_strict,E4,0.364326536655426,1
deep_ssl_strict,E4,0.9071919322013855,1
deep_ssl_strict,E4,0.21693146228790283,1
deep_ssl_strict,E4,0.16346214711666107,1
deep_ssl_strict,E4,0.19793222844600677,1
deep_ssl_strict,E4,0.5233412384986877,1
deep_ssl_strict,E4,0.9377083778381348,1
deep_ssl_strict,E4,0.9511102437973022,1
deep_ssl_strict,E4,0.972682535648346,1
deep_ssl_strict,E4,0.9473130702972412,1
deep_ssl_strict,E4,0.9500938057899475,1
deep_ssl_strict,E4,0.9287121295928955,1
deep_ssl_strict,E4,0.908984899520874,1
deep_ssl_strict,E4,0.8987317085266113,1
deep_ssl_strict,E4,0.7912706136703491,1
deep_ssl_strict,E4,0.8998004198074341,1
deep_ssl_strict,E4,0.9510575532913208,1
deep_ssl_strict,E4,0.8239738345146179,1
deep_ssl_strict,E4,0.9178928136825562,1
deep_ssl_strict,E4,0.37564054131507874,1
deep_ssl_strict,E4,0.3339351415634155,1
deep_ssl_strict,E4,0.4562026262283325,1
deep_ssl_strict,E4,0.7804463505744934,1
deep_ssl_strict,E4,0.7736241817474365,1
deep_ssl_strict,E4,0.9786486029624939,1
deep_ssl_strict,E4,0.9975443482398987,1
deep_ssl_strict,E4,0.8377828001976013,1
deep_ssl_strict,E4,0.31771889328956604,1
deep_ssl_strict,E4,0.7682356238365173,1
deep_ssl_strict,E4,0.9162279963493347,1
deep_ssl_strict,E4,0.7130549550056458,1
deep_ssl_strict,E4,0.8578484058380127,1
deep_ssl_strict,E4,0.3064853250980377,1
deep_ssl_strict,E4,0.34896939992904663,1
deep_ssl_strict,E4,0.2216058075428009,1
deep_ssl_strict,E4,0.9900160431861877,1
deep_ssl_strict,E4,0.9849240779876709,1
deep_ssl_strict,E4,0.9874529242515564,1
deep_ssl_strict,E4,0.9970319271087646,1
deep_ssl_strict,E4,0.9981299042701721,1
deep_ssl_strict,E4,0.991523027420044,1
deep_ssl_strict,E4,0.9274212718009949,1
deep_ssl_strict,E4,0.9952865839004517,1
deep_ssl_strict,E4,0.97210693359375,1
deep_ssl_strict,E4,0.981314480304718,1
deep_ssl_strict,E4,0.9727365970611572,1
deep_ssl_strict,E4,0.8713006377220154,1
deep_ssl_strict,E4,0.8294855356216431,1
deep_ssl_strict,E4,0.31722408533096313,1
deep_ssl_strict,E4,0.10294438898563385,1
deep_ssl_strict,E4,0.8523497581481934,1
deep_ssl_strict,E4,0.6755576729774475,1
deep_ssl_strict,E4,0.6262315511703491,1
deep_ssl_strict,E4,0.9414283037185669,1
deep_ssl_strict,E4,0.845773458480835,1
deep_ssl_strict,E4,0.859189510345459,1
deep_ssl_strict,E4,0.13097769021987915,1
deep_ssl_strict,E4,0.30642691254615784,1
deep_ssl_strict,E4,0.2337426096200943,1
deep_ssl_strict,E4,0.18672296404838562,1
deep_ssl_strict,E4,0.18381327390670776,1
deep_ssl_strict,E4,0.16610586643218994,1
deep_ssl_strict,E4,0.18026702105998993,1
deep_ssl_strict,E4,0.21791069209575653,1
deep_ssl_strict,E4,0.20065562427043915,1
deep_ssl_strict,E4,0.26155608892440796,1
deep_ssl_strict,E4,0.25839337706565857,1
deep_ssl_strict,E4,0.2817286550998688,1
deep_ssl_strict,E4,0.2719966173171997,1
deep_ssl_strict,E4,0.3670714795589447,1
deep_ssl_strict,E4,0.22907596826553345,1
deep_ssl_strict,E4,0.08712058514356613,1
deep_ssl_strict,E4,0.006514335051178932,1
deep_ssl_strict,E4,0.019388826563954353,1
deep_ssl_strict,E4,0.13080745935440063,1
deep_ssl_strict,E4,0.6294018030166626,1
deep_ssl_strict,E4,0.13479577004909515,1
deep_ssl_strict,E4,0.43626925349235535,1
deep_ssl_strict,E4,0.45972496271133423,1
deep_ssl_strict,E4,0.5573151707649231,1
deep_ssl_strict,E4,0.7542704343795776,1
deep_ssl_strict,E4,0.7242650985717773,1
deep_ssl_strict,E4,0.8376017808914185,1
deep_ssl_strict,E4,0.8173857927322388,1
deep_ssl_strict,E4,0.7085207104682922,1
deep_ssl_strict,E4,0.622648298740387,1
deep_ssl_strict,E4,0.7265521287918091,1
deep_ssl_strict,E4,0.7232223153114319,1
deep_ssl_strict,E4,0.7914844155311584,1
deep_ssl_strict,E4,0.8261780738830566,1
deep_ssl_strict,E4,0.6835869550704956,1
deep_ssl_strict,E4,0.6686543822288513,1
deep_ssl_strict,E4,0.557384729385376,1
deep_ssl_strict,E4,0.011813967488706112,1
deep_ssl_strict,E4,0.8386504054069519,1
deep_ssl_strict,E4,0.0069141145795583725,0
deep_ssl_strict,E4,0.568476140499115,0
deep_ssl_strict,E4,0.7006068229675293,0
deep_ssl_strict,E4,0.7669287323951721,0
deep_ssl_strict,E4,0.5075538158416748,0
deep_ssl_strict,E4,0.9329005479812622,0
deep_ssl_strict,E4,0.032255955040454865,0
deep_ssl_strict,E4,0.4744910001754761,0
deep_ssl_strict,E4,0.6770004034042358,0
deep_ssl_strict,E4,0.7548910975456238,0
deep_ssl_strict,E4,0.9660148024559021,0
deep_ssl_strict,E4,0.7116581201553345,0
deep_ssl_strict,E4,0.20156162977218628,0
deep_ssl_strict,E4,0.4956088364124298,0
deep_ssl_strict,E4,0.7478233575820923,0
deep_ssl_strict,E4,0.16656535863876343,0
deep_ssl_strict,E4,0.12019200623035431,0
deep_ssl_strict,E4,0.43879231810569763,0
deep_ssl_strict,E4,0.6067003607749939,0
deep_ssl_strict,E4,0.7329133152961731,0
deep_ssl_strict,E4,0.3591216504573822,0
deep_ssl_strict,E4,0.557819128036499,0
deep_ssl_strict,E4,0.6923287510871887,0
deep_ssl_strict,E4,0.6412086486816406,0
deep_ssl_strict,E4,0.5138487219810486,0
deep_ssl_strict,E4,0.4127044677734375,0
deep_ssl_strict,E4,0.5680238008499146,0
deep_ssl_strict,E4,0.5180266499519348,0
deep_ssl_strict,E4,0.4651719629764557,0
deep_ssl_strict,E4,0.5648059844970703,0
deep_ssl_strict,E4,0.26513221859931946,0
deep_ssl_strict,E4,0.4666854739189148,0
deep_ssl_strict,E4,0.8469676971435547,0
deep_ssl_strict,E4,0.48288750648498535,0
deep_ssl_strict,E4,0.8287584781646729,0
deep_ssl_strict,E4,0.8681524395942688,0
deep_ssl_strict,E4,0.7822346687316895,0
deep_ssl_strict,E4,0.8123161196708679,0
deep_ssl_strict,E4,0.9513201713562012,0
deep_ssl_strict,E4,0.9926062822341919,0
deep_ssl_strict,E4,0.9966520667076111,0
deep_ssl_strict,E4,0.9994848966598511,0
deep_ssl_strict,E4,0.997512936592102,0
deep_ssl_strict,E4,0.9869781732559204,0
deep_ssl_strict,E4,0.9839784502983093,0
deep_ssl_strict,E4,0.9712173342704773,0
deep_ssl_strict,E4,0.9530542492866516,0
deep_ssl_strict,E4,0.9325486421585083,0
deep_ssl_strict,E4,0.9766014218330383,0
deep_ssl_strict,E4,0.9332268238067627,0
deep_ssl_strict,E4,0.9690848588943481,0
deep_ssl_strict,E4,0.9605656266212463,0
deep_ssl_strict,E4,0.9427838921546936,0
deep_ssl_strict,E4,0.9208365082740784,0
deep_ssl_strict,E4,0.9828300476074219,0
deep_ssl_strict,E4,0.6700193881988525,0
deep_ssl_strict,E4,0.9232984781265259,0
deep_ssl_strict,E4,0.939582109451294,0
deep_ssl_strict,E4,0.9712300300598145,0
deep_ssl_strict,E4,0.8904821276664734,0
deep_ssl_strict,E4,0.6634383201599121,0
deep_ssl_strict,E4,0.6316061019897461,0
deep_ssl_strict,E4,0.7735569477081299,0
deep_ssl_strict,E4,0.9487631320953369,0
deep_ssl_strict,E4,0.7397165894508362,0
deep_ssl_strict,E4,0.9208657145500183,0
deep_ssl_strict,E4,0.9715940356254578,0
deep_ssl_strict,E4,0.889863133430481,0
deep_ssl_strict,E4,0.3185955882072449,0
deep_ssl_strict,E4,0.48017266392707825,0
deep_ssl_strict,E4,0.5947811603546143,0
deep_ssl_strict,E4,0.8352085947990417,0
deep_ssl_strict,E4,0.7905244827270508,0
deep_ssl_strict,E4,0.7713613510131836,0
deep_ssl_strict,E4,0.6111376285552979,0
deep_ssl_strict,E4,0.3970651924610138,0
deep_ssl_strict,E4,0.022107500582933426,0
deep_ssl_strict,E4,0.11587289720773697,0
deep_ssl_strict,E4,0.8215028643608093,0
deep_ssl_strict,E4,0.07197947055101395,0
deep_ssl_strict,E4,0.04372796416282654,0
deep_ssl_strict,E4,0.09710638225078583,0
deep_ssl_strict,E4,0.1484447717666626,0
deep_ssl_strict,E4,0.0732051432132721,0
deep_ssl_strict,E4,0.2261209338903427,0
deep_ssl_strict,E4,0.9827454686164856,0
deep_ssl_strict,E4,0.9630071520805359,0
deep_ssl_strict,E4,0.32938092947006226,0
deep_ssl_strict,E4,0.3599262833595276,0
deep_ssl_strict,E4,0.7295631766319275,1
deep_ssl_strict,E4,0.6741722226142883,1
deep_ssl_strict,E4,0.4055022895336151,1
deep_ssl_strict,E4,0.14164823293685913,1
deep_ssl_strict,E4,0.0721297636628151,1
deep_ssl_strict,E4,0.21098023653030396,1
deep_ssl_strict,E4,0.042700886726379395,1
deep_ssl_strict,E4,0.0913676917552948,1
deep_ssl_strict,E4,0.0699092447757721,1
deep_ssl_strict,E4,0.1067148894071579,1
deep_ssl_strict,E4,0.6067262291908264,1
deep_ssl_strict,E4,0.9324619770050049,1
deep_ssl_strict,E4,0.9437972903251648,1
deep_ssl_strict,E4,0.9132910966873169,1
deep_ssl_strict,E4,0.24945662915706635,1
deep_ssl_strict,E4,0.07598964124917984,1
deep_ssl_strict,E4,0.046540193259716034,1
deep_ssl_strict,E4,0.09369011968374252,1
deep_ssl_strict,E4,0.7274819612503052,1
deep_ssl_strict,E4,0.2694486677646637,1
deep_ssl_strict,E4,0.40229660272598267,1
deep_ssl_strict,E4,0.201584592461586,1
deep_ssl_strict,E4,0.21462883055210114,1
deep_ssl_strict,E4,0.08082163333892822,1
deep_ssl_strict,E4,0.12689746916294098,1
deep_ssl_strict,E4,0.20184622704982758,1
deep_ssl_strict,E4,0.10855411738157272,1
deep_ssl_strict,E4,0.3463086783885956,1
deep_ssl_strict,E4,0.3218584656715393,1
deep_ssl_strict,E4,0.2433958351612091,1
deep_ssl_strict,E4,0.244856059551239,1
deep_ssl_strict,E4,0.221038356423378,1
deep_ssl_strict,E4,0.5159920454025269,1
deep_ssl_strict,E4,0.6913037896156311,1
deep_ssl_strict,E4,0.3069320023059845,1
deep_ssl_strict,E4,0.25706812739372253,1
deep_ssl_strict,E4,0.35146212577819824,1
deep_ssl_strict,E4,0.3275526165962219,1
deep_ssl_strict,E4,0.7783768773078918,1
deep_ssl_strict,E4,0.8842348456382751,1
deep_ssl_strict,E4,0.9392358064651489,1
deep_ssl_strict,E4,0.9312266707420349,1
deep_ssl_strict,E4,0.9362470507621765,1
deep_ssl_strict,E4,0.9586098790168762,1
deep_ssl_strict,E4,0.8758547306060791,1
deep_ssl_strict,E4,0.2328924983739853,1
deep_ssl_strict,E4,0.855654239654541,1
deep_ssl_strict,E4,0.9395840167999268,1
deep_ssl_strict,E4,0.8612807393074036,1
deep_ssl_strict,E4,0.8876121044158936,1
deep_ssl_strict,E4,0.5514368414878845,1
deep_ssl_strict,E4,0.8900418281555176,1
deep_ssl_strict,E4,0.9538012742996216,1
deep_ssl_strict,E4,0.9784818291664124,1
deep_ssl_strict,E4,0.3948891758918762,1
deep_ssl_strict,E4,0.9334045052528381,1
deep_ssl_strict,E4,0.9600085020065308,1
deep_ssl_strict,E4,0.9803157448768616,1
deep_ssl_strict,E4,0.9879664778709412,1
deep_ssl_strict,E4,0.9382984042167664,1
deep_ssl_strict,E4,0.97480708360672,1
deep_ssl_strict,E4,0.9849169850349426,1
deep_ssl_strict,E4,0.9525819420814514,1
deep_ssl_strict,E4,0.9685096740722656,1
deep_ssl_strict,E4,0.9659835696220398,1
deep_ssl_strict,E4,0.6187797784805298,1
deep_ssl_strict,E4,0.9523526430130005,1
deep_ssl_strict,E4,0.984889805316925,1
deep_ssl_strict,E4,0.9930927753448486,1
deep_ssl_strict,E4,0.972724974155426,1
deep_ssl_strict,E4,0.40702274441719055,1
deep_ssl_strict,E4,0.2649593949317932,1
deep_ssl_strict,E4,0.28819891810417175,1
deep_ssl_strict,E4,0.3849699795246124,1
deep_ssl_strict,E4,0.9295987486839294,1
deep_ssl_strict,E4,0.9113826155662537,1
deep_ssl_strict,E4,0.978325605392456,1
deep_ssl_strict,E4,0.990847110748291,1
deep_ssl_strict,E4,0.9887688159942627,1
deep_ssl_strict,E4,0.9892070293426514,1
deep_ssl_strict,E4,0.901344895362854,1
deep_ssl_strict,E4,0.9845550656318665,1
deep_ssl_strict,E4,0.9926819205284119,1
deep_ssl_strict,E4,0.2889115512371063,1
deep_ssl_strict,E4,0.11221872270107269,1
deep_ssl_strict,E4,0.6537902355194092,1
deep_ssl_strict,E4,0.9873960614204407,1
deep_ssl_strict,E4,0.9934110045433044,1
deep_ssl_strict,E4,0.988023042678833,1
deep_ssl_strict,E4,0.9957222938537598,1
deep_ssl_strict,E4,0.9939475059509277,1
deep_ssl_strict,E4,0.9794219732284546,1
deep_ssl_strict,E4,0.15541408956050873,1
deep_ssl_strict,E4,0.9916940331459045,1
deep_ssl_strict,E4,0.992361307144165,1
deep_ssl_strict,E4,0.9872331619262695,1
deep_ssl_strict,E4,0.9912272095680237,1
deep_ssl_strict,E4,0.9864338636398315,1
gb,F5,0.6286308576244322,1
gb,F5,0.7642566238588433,1
gb,F5,0.7888643782388284,1
gb,F5,0.7794487679776196,1
gb,F5,0.8451246032685364,1
gb,F5,0.7811215410400367,1
gb,F5,0.7426514598474432,1
gb,F5,0.7883061515901177,1
gb,F5,0.8278064293845115,1
gb,F5,0.8116192618365381,1
gb,F5,0.7373293666339852,1
gb,F5,0.8946567952460922,1
gb,F5,0.7977769238357849,1
gb,F5,0.7800410263449368,1
gb,F5,0.8201347243856802,1
gb,F5,0.9341654378216888,1
gb,F5,0.9585743890951169,1
gb,F5,0.9323654205320632,1
gb,F5,0.8088892675969658,1
gb,F5,0.8640892373006694,1
gb,F5,0.8641354105382024,1
gb,F5,0.8679777100729866,1
gb,F5,0.8805389649354798,1
gb,F5,0.7862485618581436,1
gb,F5,0.7823224812885657,1
gb,F5,0.7586345132740554,1
gb,F5,0.8265490033874033,1
gb,F5,0.8875028825087238,1
gb,F5,0.8848817030781159,1
gb,F5,0.8334516233890142,1
gb,F5,0.7741645614533182,1
gb,F5,0.8167358261181695,1
gb,F5,0.8931569730326631,1
gb,F5,0.6746293290720933,1
gb,F5,0.8829966075003218,1
gb,F5,0.880610574165377,1
gb,F5,0.9353669299505887,1
gb,F5,0.9336698844091411,1
gb,F5,0.931184802245608,1
gb,F5,0.9484273265227472,1
gb,F5,0.9365177808628693,1
gb,F5,0.917303124109896,1
gb,F5,0.8931791029836952,1
gb,F5,0.9279329481255005,1
gb,F5,0.8851807853449971,1
gb,F5,0.9248557662441113,1
gb,F5,0.934839030639135,1
gb,F5,0.8590832177019522,1
gb,F5,0.8308743637311781,1
gb,F5,0.7949225288245885,1
gb,F5,0.9259006002150072,1
gb,F5,0.9724933188053071,1
gb,F5,0.9496415696393825,1
gb,F5,0.9345619225052455,1
gb,F5,0.9545515116186806,1
gb,F5,0.9578228116650481,1
gb,F5,0.9189126963480305,1
gb,F5,0.9063096698094888,1
gb,F5,0.8983280285355526,1
gb,F5,0.7227754696591451,1
gb,F5,0.907646557051552,1
gb,F5,0.9399038403204234,1
gb,F5,0.9347284505386392,1
gb,F5,0.8855242438244489,1
gb,F5,0.8844644865104885,1
gb,F5,0.9051825276914856,1
gb,F5,0.9051825276914856,1
gb,F5,0.8845681172821216,1
gb,F5,0.8797176849121172,1
gb,F5,0.9074650023563022,1
gb,F5,0.8955745139401095,1
gb,F5,0.8904633619589979,1
gb,F5,0.08119958614451245,1
gb,F5,0.8215901745445177,1
gb,F5,0.7196446709175897,1
gb,F5,0.7324058413877049,1
gb,F5,0.7026399866991263,1
gb,F5,0.9185859028772889,0
gb,F5,0.9272853022502606,0
gb,F5,0.8741530064657959,0
gb,F5,0.8158157518260228,0
gb,F5,0.7479672668948826,0
gb,F5,0.7127410799059688,0
gb,F5,0.7214882110609857,0
gb,F5,0.7238805584401367,0
gb,F5,0.7733403477378089,0
gb,F5,0.7588315786866284,0
gb,F5,0.9150262174726066,0
gb,F5,0.7290180155656322,0
gb,F5,0.7704917208913632,0
gb,F5,0.8946605723341977,0
gb,F5,0.8219907296986356,0
gb,F5,0.8199065958800345,0
gb,F5,0.7734384256737433,1
gb,F5,0.7813369051453313,1
gb,F5,0.8772943661733795,1
gb,F5,0.9045143304448955,1
gb,F5,0.8885847537565273,1
gb,F5,0.8183821342491568,1
gb,F5,0.8522848052762036,1
gb,F5,0.8771319636445682,1
gb,F5,0.9166705444512933,1
gb,F5,0.917869680115363,1
gb,F5,0.7493931366130971,1
gb,F5,0.793557609358806,1
gb,F5,0.8317415970675087,1
gb,F5,0.8298973370444677,1
gb,F5,0.7547185072069083,1
gb,F5,0.8558473159732719,1
gb,F5,0.8632132236316942,1
gb,F5,0.8923447557623586,1
gb,F5,0.8170120599388798,1
gb,F5,0.8049372063993059,1
gb,F5,0.8082289206903728,1
gb,F5,0.8149462932564657,1
gb,F5,0.7948983083401397,1
gb,F5,0.733380534564136,1
gb,F5,0.7568545936695652,1
gb,F5,0.8333484854508764,1
gb,F5,0.8394489143790448,1
gb,F5,0.8298973370444677,1
gb,F5,0.8261355663168258,1
gb,F5,0.79077115432673,1
gb,F5,0.8041934829482069,1
gb,F5,0.8487938150659778,1
gb,F5,0.8167187122351113,1
gb,F5,0.7202836696924552,1
gb,F5,0.8142475127058058,1
gb,F5,0.8079289869370987,1
gb,F5,0.8176449384857459,1
gb,F5,0.8470240210278999,1
gb,F5,0.8166272924640214,1
gb,F5,0.4518115503635905,1
gb,F5,0.42490395832827466,1
gb,F5,0.8211155784288205,1
gb,F5,0.8298886964507091,1
gb,F5,0.8810118713721058,1
gb,F5,0.8824759002144827,1
gb,F5,0.8684217425111701,1
gb,F5,0.9144558743984749,1
gb,F5,0.8952780642742476,1
gb,F5,0.8140640204648522,1
gb,F5,0.8870451506645702,1
gb,F5,0.8754619443373027,1
gb,F5,0.9098177211089177,1
gb,F5,0.9155562108939828,1
gb,F5,0.8440853667097299,1
gb,F5,0.8993192518286317,1
gb,F5,0.9048544546867785,1
gb,F5,0.8749249220376631,1
gb,F5,0.9043425011693719,1
gb,F5,0.8732091962253385,1
gb,F5,0.9244056541490874,1
gb,F5,0.9048274649591238,1
gb,F5,0.8344131241418343,1
gb,F5,0.7587744953596125,1
gb,F5,0.5652071417252301,1
gb,F5,0.9193504492505215,1
gb,F5,0.8735202472707868,1
gb,F5,0.893666539452689,1
gb,F5,0.4337894963841417,1
gb,F5,0.39350268131168387,1
gb,F5,0.5133548135139449,1
gb,F5,0.3889993046985899,1
gb,F5,0.36564517336476077,1
gb,F5,0.3770742865481347,1
gb,F5,0.46190614313233497,1
gb,F5,0.5070582147491084,1
gb,F5,0.47541141194860603,1
gb,F5,0.4332407695511754,1
gb,F5,0.29646464883632473,1
gb,F5,0.26670791370913005,1
gb,F5,0.178821198838593,1
gb,F5,0.12527218316883634,1
gb,F5,0.20993360429896896,1
gb,F5,0.12527218316883634,1
gb,F5,0.24561758119052943,1
gb,F5,0.12527218316883634,1
gb,F5,0.12527218316883634,1
gb,F5,0.12527218316883634,1
gb,F5,0.14343919657402845,1
gb,F5,0.15030376678696264,1
gb,F5,0.15030376678696264,1
gb,F5,0.15644787464627255,1
gb,F5,0.15644787464627255,1
gb,F5,0.164436923638132,1
gb,F5,0.15067026575270537,1
gb,F5,0.15343085202415063,1
gb,F5,0.15067026575270537,1
gb,F5,0.15067026575270537,1
gb,F5,0.1973704597045956,1
gb,F5,0.21432732335461663,1
gb,F5,0.19686213960611945,1
gb,F5,0.2245000985807079,1
gb,F5,0.24367332763598157,1
gb,F5,0.23043577063728346,1
gb,F5,0.2313966712496994,1
gb,F5,0.19209671951936763,1
gb,F5,0.24865444922093058,1
gb,F5,0.22977600830736233,1
gb,F5,0.30666195644055505,1
gb,F5,0.5113698978508567,1
gb,F5,0.3566085144837671,1
gb,F5,0.520778331164726,1
gb,F5,0.41361568111985386,1
gb,F5,0.23947848789307175,1
gb,F5,0.39717686507854433,1
gb,F5,0.8633145736810678,1
gb,F5,0.8173934061323154,1
gb,F5,0.8538492501372744,1
gb,F5,0.8962218932867753,1
gb,F5,0.9143706244668048,1
gb,F5,0.8689347515399523,1
gb,F5,0.8694089568889058,1
gb,F5,0.9048002513938082,1
gb,F5,0.9356079976060513,1
gb,F5,0.899406608996287,1
gb,F5,0.9643598655561626,1
gb,F5,0.9708765951140323,1
gb,F5,0.9592883191123075,1
gb,F5,0.9695578582790637,1
gb,F5,0.9720953494666867,1
gb,F5,0.9720953494666867,1
gb,F5,0.9805456554278528,1
gb,F5,0.9773323065782555,1
gb,F5,0.919616623849261,1
gb,F5,0.9465933863385249,1
gb,F5,0.8327825009810894,1
gb,F5,0.8458360107570132,1
gb,F5,0.9082328917496393,1
gb,F5,0.8392774240444332,1
gb,F5,0.7664039127944926,1
gb,F5,0.9080030849170746,1
gb,F5,0.7887738619537461,1
gb,F5,0.6180520641134076,1
gb,F5,0.28418871368198695,1
gb,F5,0.4864818956383242,1
gb,F5,0.7078655937612421,1
gb,F5,0.32420239461935524,1
gb,F5,0.25669473438051565,1
gb,F5,0.2936252606460501,1
gb,F5,0.77002618189649,1
gb,F5,0.8176560133747831,1
gb,F5,0.8213168760974471,1
gb,F5,0.8991187814275113,1
gb,F5,0.7969138905135476,1
gb,F5,0.8982925535379372,1
gb,F5,0.8772022352176481,1
gb,F5,0.9084816153169566,1
gb,F5,0.8929204508669436,1
gb,F5,0.8386151575355199,1
gb,F5,0.8547977161656366,1
gb,F5,0.8392510458532882,1
gb,F5,0.8825292408125478,1
gb,F5,0.7247956859876863,1
gb,F5,0.7437159521337101,1
gb,F5,0.7396410021425435,1
gb,F5,0.6641498227565368,1
gb,F5,0.6660339222783312,1
gb,F5,0.7964609398156375,1
gb,F5,0.8013470564744906,1
gb,F5,0.8131892909742244,1
gb,F5,0.8394037097907248,1
gb,F5,0.7831188628795942,1
gb,F5,0.8182213193458523,1
gb,F5,0.847773581993802,1
gb,F5,0.8210057007730676,1
gb,F5,0.9008509146250969,1
gb,F5,0.8928900623695674,1
gb,F5,0.8982026597359783,1
gb,F5,0.912906075635516,1
gb,F5,0.9100322195719924,1
gb,F5,0.8466912519923342,1
gb,F5,0.8540423444605323,1
gb,F5,0.9088384989252827,1
gb,F5,0.7450152632626903,1
gb,F5,0.8746598529878263,1
gb,F5,0.866527220389191,1
gb,F5,0.6928954883361443,1
deep_ssl_strict,F5,0.9496936798095703,1
deep_ssl_strict,F5,0.8958035111427307,1
deep_ssl_strict,F5,0.8478084206581116,1
deep_ssl_strict,F5,0.7551451325416565,1
deep_ssl_strict,F5,0.9806169271469116,1
deep_ssl_strict,F5,0.8991788625717163,1
deep_ssl_strict,F5,0.6156437397003174,1
deep_ssl_strict,F5,0.6872747540473938,1
deep_ssl_strict,F5,0.767734944820404,1
deep_ssl_strict,F5,0.8131306767463684,1
deep_ssl_strict,F5,0.7171524167060852,1
deep_ssl_strict,F5,0.07606102526187897,1
deep_ssl_strict,F5,0.8378373980522156,1
deep_ssl_strict,F5,0.7538509964942932,1
deep_ssl_strict,F5,0.5648971199989319,1
deep_ssl_strict,F5,0.9249064326286316,1
deep_ssl_strict,F5,0.9647023677825928,1
deep_ssl_strict,F5,0.8554088473320007,1
deep_ssl_strict,F5,0.9271281361579895,1
deep_ssl_strict,F5,0.9968162178993225,1
deep_ssl_strict,F5,0.996124804019928,1
deep_ssl_strict,F5,0.8347505927085876,1
deep_ssl_strict,F5,0.8678398728370667,1
deep_ssl_strict,F5,0.723492443561554,1
deep_ssl_strict,F5,0.8329217433929443,1
deep_ssl_strict,F5,0.757169783115387,1
deep_ssl_strict,F5,0.9468052387237549,1
deep_ssl_strict,F5,0.9447070956230164,1
deep_ssl_strict,F5,0.9014930129051208,1
deep_ssl_strict,F5,0.9271723031997681,1
deep_ssl_strict,F5,0.8413715958595276,1
deep_ssl_strict,F5,0.8987169861793518,1
deep_ssl_strict,F5,0.9291902780532837,1
deep_ssl_strict,F5,0.9088124632835388,1
deep_ssl_strict,F5,0.892626166343689,1
deep_ssl_strict,F5,0.9015839099884033,1
deep_ssl_strict,F5,0.9976122379302979,1
deep_ssl_strict,F5,0.9896503686904907,1
deep_ssl_strict,F5,0.9982831478118896,1
deep_ssl_strict,F5,0.9990398287773132,1
deep_ssl_strict,F5,0.9820114374160767,1
deep_ssl_strict,F5,0.9410476684570312,1
deep_ssl_strict,F5,0.8702011704444885,1
deep_ssl_strict,F5,0.9686225056648254,1
deep_ssl_strict,F5,0.9660912752151489,1
deep_ssl_strict,F5,0.9639919996261597,1
deep_ssl_strict,F5,0.9252725839614868,1
deep_ssl_strict,F5,0.982546329498291,1
deep_ssl_strict,F5,0.9871086478233337,1
deep_ssl_strict,F5,0.9575220942497253,1
deep_ssl_strict,F5,0.9543705582618713,1
deep_ssl_strict,F5,0.9656850695610046,1
deep_ssl_strict,F5,0.9264565110206604,1
deep_ssl_strict,F5,0.9742127656936646,1
deep_ssl_strict,F5,0.9938469529151917,1
deep_ssl_strict,F5,0.9891597628593445,1
deep_ssl_strict,F5,0.9852132201194763,1
deep_ssl_strict,F5,0.984283447265625,1
deep_ssl_strict,F5,0.9796997904777527,1
deep_ssl_strict,F5,0.9370980858802795,1
deep_ssl_strict,F5,0.98264080286026,1
deep_ssl_strict,F5,0.9922915101051331,1
deep_ssl_strict,F5,0.8476228713989258,1
deep_ssl_strict,F5,0.7339265942573547,1
deep_ssl_strict,F5,0.8172081112861633,1
deep_ssl_strict,F5,0.9322215914726257,1
deep_ssl_strict,F5,0.9206003546714783,1
deep_ssl_strict,F5,0.8451881408691406,1
deep_ssl_strict,F5,0.8747857213020325,1
deep_ssl_strict,F5,0.9271284341812134,1
deep_ssl_strict,F5,0.948047935962677,1
deep_ssl_strict,F5,0.7753186225891113,1
deep_ssl_strict,F5,0.963321328163147,1
deep_ssl_strict,F5,0.9722862839698792,1
deep_ssl_strict,F5,0.8194591999053955,1
deep_ssl_strict,F5,0.7611356377601624,1
deep_ssl_strict,F5,0.9234861135482788,1
deep_ssl_strict,F5,0.8254958391189575,0
deep_ssl_strict,F5,0.9956205487251282,0
deep_ssl_strict,F5,0.9709016680717468,0
deep_ssl_strict,F5,0.995074450969696,0
deep_ssl_strict,F5,0.9826629161834717,0
deep_ssl_strict,F5,0.9972077012062073,0
deep_ssl_strict,F5,0.966280460357666,0
deep_ssl_strict,F5,0.9082762598991394,0
deep_ssl_strict,F5,0.9538431763648987,0
deep_ssl_strict,F5,0.9917150139808655,0
deep_ssl_strict,F5,0.9986401200294495,0
deep_ssl_strict,F5,0.9766079187393188,0
deep_ssl_strict,F5,0.9750476479530334,0
deep_ssl_strict,F5,0.9977479577064514,0
deep_ssl_strict,F5,0.9124290347099304,0
deep_ssl_strict,F5,0.9797651171684265,0
deep_ssl_strict,F5,0.04826904088258743,1
deep_ssl_strict,F5,0.0347081683576107,1
deep_ssl_strict,F5,0.8537630438804626,1
deep_ssl_strict,F5,0.8235825300216675,1
deep_ssl_strict,F5,0.531653106212616,1
deep_ssl_strict,F5,0.05002626031637192,1
deep_ssl_strict,F5,0.27541112899780273,1
deep_ssl_strict,F5,0.47231248021125793,1
deep_ssl_strict,F5,0.40301620960235596,1
deep_ssl_strict,F5,0.811050295829773,1
deep_ssl_strict,F5,0.8888012170791626,1
deep_ssl_strict,F5,0.9562307596206665,1
deep_ssl_strict,F5,0.639284610748291,1
deep_ssl_strict,F5,0.9786067008972168,1
deep_ssl_strict,F5,0.9492500424385071,1
deep_ssl_strict,F5,0.9088265299797058,1
deep_ssl_strict,F5,0.9900051951408386,1
deep_ssl_strict,F5,0.9705209136009216,1
deep_ssl_strict,F5,0.9823175668716431,1
deep_ssl_strict,F5,0.9541935920715332,1
deep_ssl_strict,F5,0.9468994736671448,1
deep_ssl_strict,F5,0.9307487607002258,1
deep_ssl_strict,F5,0.9582594633102417,1
deep_ssl_strict,F5,0.9009839296340942,1
deep_ssl_strict,F5,0.8290972113609314,1
deep_ssl_strict,F5,0.8812001943588257,1
deep_ssl_strict,F5,0.9860672354698181,1
deep_ssl_strict,F5,0.9004340767860413,1
deep_ssl_strict,F5,0.8545321226119995,1
deep_ssl_strict,F5,0.8433778285980225,1
deep_ssl_strict,F5,0.8175455331802368,1
deep_ssl_strict,F5,0.9008523225784302,1
deep_ssl_strict,F5,0.89849853515625,1
deep_ssl_strict,F5,0.9411602020263672,1
deep_ssl_strict,F5,0.7909533381462097,1
deep_ssl_strict,F5,0.7033599019050598,1
deep_ssl_strict,F5,0.7955126762390137,1
deep_ssl_strict,F5,0.9200721383094788,1
deep_ssl_strict,F5,0.9982902407646179,1
deep_ssl_strict,F5,0.9996689558029175,1
deep_ssl_strict,F5,0.9989979863166809,1
deep_ssl_strict,F5,0.9941556453704834,1
deep_ssl_strict,F5,0.967158854007721,1
deep_ssl_strict,F5,0.9990895986557007,1
deep_ssl_strict,F5,0.9965742826461792,1
deep_ssl_strict,F5,0.9319021105766296,1
deep_ssl_strict,F5,0.9434945583343506,1
deep_ssl_strict,F5,0.7119626402854919,1
deep_ssl_strict,F5,0.6294994950294495,1
deep_ssl_strict,F5,0.8655998706817627,1
deep_ssl_strict,F5,0.47194504737854004,1
deep_ssl_strict,F5,0.359883189201355,1
deep_ssl_strict,F5,0.7243947386741638,1
deep_ssl_strict,F5,0.6039576530456543,1
deep_ssl_strict,F5,0.39797693490982056,1
deep_ssl_strict,F5,0.5943617820739746,1
deep_ssl_strict,F5,0.6674150824546814,1
deep_ssl_strict,F5,0.7033528089523315,1
deep_ssl_strict,F5,0.706249475479126,1
deep_ssl_strict,F5,0.6462564468383789,1
deep_ssl_strict,F5,0.9986415505409241,1
deep_ssl_strict,F5,0.9590442776679993,1
deep_ssl_strict,F5,0.989739716053009,1
deep_ssl_strict,F5,0.9250013828277588,1
deep_ssl_strict,F5,0.9565882086753845,1
deep_ssl_strict,F5,0.9892112016677856,1
deep_ssl_strict,F5,0.9557784199714661,1
deep_ssl_strict,F5,0.7877752780914307,1
deep_ssl_strict,F5,0.8912976980209351,1
deep_ssl_strict,F5,0.9491445422172546,1
deep_ssl_strict,F5,0.8225639462471008,1
deep_ssl_strict,F5,0.8454777598381042,1
deep_ssl_strict,F5,0.9849766492843628,1
deep_ssl_strict,F5,0.9975281357765198,1
deep_ssl_strict,F5,0.8992335200309753,1
deep_ssl_strict,F5,0.908619225025177,1
deep_ssl_strict,F5,0.971308171749115,1
deep_ssl_strict,F5,0.973884642124176,1
deep_ssl_strict,F5,0.9448421597480774,1
deep_ssl_strict,F5,0.9776027798652649,1
deep_ssl_strict,F5,0.9801977872848511,1
deep_ssl_strict,F5,0.924045205116272,1
deep_ssl_strict,F5,0.989891529083252,1
deep_ssl_strict,F5,0.9878339767456055,1
deep_ssl_strict,F5,0.9972483515739441,1
deep_ssl_strict,F5,0.9942101240158081,1
deep_ssl_strict,F5,0.9957728981971741,1
deep_ssl_strict,F5,0.999237060546875,1
deep_ssl_strict,F5,0.9996567964553833,1
deep_ssl_strict,F5,0.9997504353523254,1
deep_ssl_strict,F5,0.9994645714759827,1
deep_ssl_strict,F5,0.9995107650756836,1
deep_ssl_strict,F5,0.9994208812713623,1
deep_ssl_strict,F5,0.9988147020339966,1
deep_ssl_strict,F5,0.9983787536621094,1
deep_ssl_strict,F5,0.998580813407898,1
deep_ssl_strict,F5,0.9992992877960205,1
deep_ssl_strict,F5,0.9978018403053284,1
deep_ssl_strict,F5,0.9998530149459839,1
deep_ssl_strict,F5,0.9997072815895081,1
deep_ssl_strict,F5,0.9702633619308472,1
deep_ssl_strict,F5,0.9693655371665955,1
deep_ssl_strict,F5,0.9869728684425354,1
deep_ssl_strict,F5,0.9995706677436829,1
deep_ssl_strict,F5,0.999911904335022,1
deep_ssl_strict,F5,0.9999775886535645,1
deep_ssl_strict,F5,0.9999673366546631,1
deep_ssl_strict,F5,0.9960871934890747,1
deep_ssl_strict,F5,0.9872035384178162,1
deep_ssl_strict,F5,0.98972088098526,1
deep_ssl_strict,F5,0.9934856295585632,1
deep_ssl_strict,F5,0.9809737801551819,1
deep_ssl_strict,F5,0.21563152968883514,1
deep_ssl_strict,F5,0.9678590893745422,1
deep_ssl_strict,F5,0.9289606213569641,1
deep_ssl_strict,F5,0.9344507455825806,1
deep_ssl_strict,F5,0.9852643609046936,1
deep_ssl_strict,F5,0.9941332936286926,1
deep_ssl_strict,F5,0.9953193068504333,1
deep_ssl_strict,F5,0.9896195530891418,1
deep_ssl_strict,F5,0.9915336966514587,1
deep_ssl_strict,F5,0.9666906595230103,1
deep_ssl_strict,F5,0.9865484833717346,1
deep_ssl_strict,F5,0.9085134267807007,1
deep_ssl_strict,F5,0.9695144295692444,1
deep_ssl_strict,F5,0.9517039656639099,1
deep_ssl_strict,F5,0.88733971118927,1
deep_ssl_strict,F5,0.9439651966094971,1
deep_ssl_strict,F5,0.9761744737625122,1
deep_ssl_strict,F5,0.9237430095672607,1
deep_ssl_strict,F5,0.9850837588310242,1
deep_ssl_strict,F5,0.9431175589561462,1
deep_ssl_strict,F5,0.8442065715789795,1
deep_ssl_strict,F5,0.9190288782119751,1
deep_ssl_strict,F5,0.8912931680679321,1
deep_ssl_strict,F5,0.9982250332832336,1
deep_ssl_strict,F5,0.9927276372909546,1
deep_ssl_strict,F5,0.8894462585449219,1
deep_ssl_strict,F5,0.9095696806907654,1
deep_ssl_strict,F5,0.9486256837844849,1
deep_ssl_strict,F5,0.9345690608024597,1
deep_ssl_strict,F5,0.9537238478660583,1
deep_ssl_strict,F5,0.9867947697639465,1
deep_ssl_strict,F5,0.9639562964439392,1
deep_ssl_strict,F5,0.9585936665534973,1
deep_ssl_strict,F5,0.9134291410446167,1
deep_ssl_strict,F5,0.7896755337715149,1
deep_ssl_strict,F5,0.8711761236190796,1
deep_ssl_strict,F5,0.8666085004806519,1
deep_ssl_strict,F5,0.9429416656494141,1
deep_ssl_strict,F5,0.8688405156135559,1
deep_ssl_strict,F5,0.915008544921875,1
deep_ssl_strict,F5,0.9851227402687073,1
deep_ssl_strict,F5,0.9934976100921631,1
deep_ssl_strict,F5,0.9925738573074341,1
deep_ssl_strict,F5,0.9945254325866699,1
deep_ssl_strict,F5,0.5585826635360718,1
deep_ssl_strict,F5,0.9879541397094727,1
deep_ssl_strict,F5,0.9727569222450256,1
deep_ssl_strict,F5,0.8879389762878418,1
deep_ssl_strict,F5,0.8656166791915894,1
deep_ssl_strict,F5,0.8002724051475525,1
deep_ssl_strict,F5,0.9402070045471191,1
deep_ssl_strict,F5,0.9188191890716553,1
deep_ssl_strict,F5,0.9559943675994873,1
deep_ssl_strict,F5,0.9873178601264954,1
deep_ssl_strict,F5,0.9998801946640015,1
deep_ssl_strict,F5,0.9943172335624695,1
deep_ssl_strict,F5,0.9896140694618225,1
deep_ssl_strict,F5,0.9612911343574524,1
deep_ssl_strict,F5,0.9991381168365479,1
deep_ssl_strict,F5,0.9995013475418091,1
deep_ssl_strict,F5,0.9993093013763428,1
deep_ssl_strict,F5,0.9980813264846802,1
deep_ssl_strict,F5,0.9447896480560303,1
deep_ssl_strict,F5,0.9868218898773193,1
deep_ssl_strict,F5,0.9476069211959839,1
deep_ssl_strict,F5,0.7424765825271606,1
deep_ssl_strict,F5,0.907016396522522,1
deep_ssl_strict,F5,0.8805705308914185,1
deep_ssl_strict,F5,0.9128339290618896,1
deep_ssl_strict,F5,0.7820456027984619,1
deep_ssl_strict,F5,0.4314630329608917,1
deep_ssl_strict,F5,0.7927164435386658,1
deep_ssl_strict,F5,0.8547834753990173,1
deep_ssl_strict,F5,0.9185108542442322,1
