fold,y_true,p0,p1,p2
15,2,0.21809626431800835,0.1368107527047509,0.6450929829772408
15,2,0.21828614976731192,0.20395513636560333,0.5777587138670848
15,2,0.34658638799728086,0.3327059199965522,0.3207076920061669
15,2,0.14269393117427864,0.10551509201440198,0.7517909768113192
15,2,0.08969385515003095,0.0887062485682524,0.8215998962817166
15,2,0.13638425788771494,0.07091647505000344,0.7926992670622817
15,2,0.1522247691395381,0.10153986684565613,0.7462353640148057
15,2,0.10046642710634963,0.04143723776865236,0.8580963351249979
15,2,0.09702956815551032,0.0539385044635109,0.8490319273809788
15,2,0.3498936091676953,0.09418269754934608,0.5559236932829587
15,2,0.2911262404915503,0.1396277156599344,0.5692460438485153
15,2,0.1863225387288732,0.5922656880887134,0.22141177318241348
15,2,0.2772682422553511,0.09069997088091691,0.632031786863732
15,2,0.29882169843398676,0.11232135619216901,0.5888569453738443
15,2,0.1772053785778507,0.06234300630140178,0.7604516151207474
15,2,0.20285028702924435,0.0502166027497112,0.7469331102210444
15,2,0.2548029461627223,0.13259138668066706,0.6126056671566105
15,2,0.15522526404304707,0.0735295460757826,0.7712451898811704
15,2,0.11781983306595682,0.06085072932874309,0.8213294376053002
15,2,0.12300472635058257,0.03926974324941959,0.8377255303999979
15,2,0.08622943652326309,0.03889733457119333,0.8748732289055436
15,2,0.10379489609804007,0.05679847670100796,0.8394066272009519
15,2,0.1932909691251446,0.0761931633476021,0.7305158675272534
15,2,0.1975634731800319,0.10574294644109022,0.696693580378878
15,2,0.03949647531280502,0.8140017555017685,0.14650176918542654
15,2,0.13956634469991636,0.0632442501684869,0.7971894051315966
15,2,0.21308754645941816,0.08024357765216308,0.7066688758884188
15,2,0.29809933181059756,0.12595316733344017,0.5759475008559624
15,2,0.2502782741161047,0.09834514117702617,0.6513765847068692
15,2,0.11572169177188545,0.09352257458874161,0.790755733639373
15,2,0.13972477239752235,0.16905327702671694,0.6912219505757607
15,2,0.07938632195411748,0.10129638338541158,0.819317294660471
15,2,0.045489989669845673,0.0737883139712307,0.8807216963589236
15,2,0.052124732464432125,0.0652246733684077,0.8826505941671602
15,2,0.062989662969138,0.1005896627754154,0.8364206742554466
15,2,0.08754807366489022,0.16236503967702476,0.750086886658085
15,2,0.09552434310112849,0.1591257781609189,0.7453498787379526
15,2,0.2538232017492613,0.13526946758960195,0.6109073306611367
15,2,0.049994863679631275,0.0713212914891327,0.878683844831236
15,2,0.05524937029881585,0.12870161715013093,0.8160490125510532
15,2,0.06572684709125476,0.035448720951164935,0.8988244319575803
15,2,0.03567219862855059,0.03688646643677075,0.9274413349346786
15,0,0.09658555222517079,0.10771121340949745,0.7957032343653319
15,0,0.40459090754601607,0.16026450329672456,0.4351445891572593
15,0,0.09692237139309126,0.055464143854857505,0.8476134847520512
15,0,0.08478946727232947,0.03259964116354188,0.8826108915641286
15,0,0.1132001626855787,0.06228265944659687,0.8245171778678244
15,0,0.14900099052161567,0.08903682123055376,0.7619621882478306
15,0,0.20876640917349099,0.05534845673752527,0.7358851340889838
15,2,0.17676398907058175,0.04999470124677169,0.7732413096826465
15,2,0.14595387232811774,0.40436783055099496,0.44967829712088736
15,2,0.3295107825523609,0.0191450402349173,0.6513441772127218
15,2,0.24908674987887539,0.037659398241354114,0.7132538518797705
15,2,0.10391338402115087,0.025559884071209432,0.8705267319076397
15,2,0.29683368436896485,0.028982696085484327,0.674183619545551
15,2,0.22148764771158322,0.029471654377596395,0.7490406979108204
15,2,0.19470776819589838,0.01714950946961375,0.7881427223344879
15,2,0.29461026491472775,0.0255196904396473,0.679870044645625
15,2,0.3177714186324796,0.028700012179924298,0.6535285691875962
15,2,0.21155449312967525,0.02778911584362252,0.7606563910267021
15,2,0.18115415127486487,0.017241879785084332,0.8016039689400508
15,2,0.3277332177869974,0.025165702172947786,0.6471010800400547
15,2,0.2949759774847263,0.02338064194204639,0.6816433805732273
15,2,0.23572810239212796,0.025483702400321058,0.738788195207551
15,2,0.2800306416697666,0.040080776624701456,0.6798885817055319
15,2,0.28769503131537416,0.03214303628717567,0.6801619323974502
15,2,0.17354144926345919,0.04345897795414646,0.7829995727823944
15,2,0.17667178792878552,0.025628906210132706,0.7976993058610818
15,2,0.14786700501848757,0.029768273119647734,0.8223647218618647
15,2,0.14042142677502506,0.03702014094091821,0.8225584322840568
15,2,0.18350495339272185,0.03314028111556965,0.7833547654917085
15,2,0.1834571124488669,0.046190263754439645,0.7703526237966936
15,2,0.10945366560563075,0.03417204875769402,0.8563742856366752
15,2,0.15473956960253632,0.02925350945574461,0.816006920941719
15,2,0.1470288805471964,0.03171885947033764,0.821252259982466
15,2,0.1659765837094119,0.10912198581866159,0.7249014304719265
15,2,0.17096961838459146,0.11330965139212076,0.7157207302232879
15,2,0.1051533190763928,0.05150735486918459,0.8433393260544226
15,2,0.16208033997994709,0.03232187879665099,0.805597781223402
15,2,0.11019940121826512,0.040926404520726926,0.8488741942610081
15,2,0.1541618336037456,0.04805530982660478,0.7977828565696496
15,2,0.11493511845491304,0.047761526677279974,0.837303354867807
15,2,0.0963245477902457,0.04050871609137764,0.8631667361183766
15,2,0.09163894457590968,0.05033253156372413,0.8580285238603661
15,2,0.08516668740361048,0.034096928217872025,0.8807363843785175
15,2,0.14241657405914943,0.06324684613409198,0.7943365798067586
15,2,0.11031656150695789,0.050740834741768916,0.8389426037512732
15,2,0.11450080435391118,0.05585754188218453,0.8296416537639042
15,2,0.11333913500179231,0.0406688362638166,0.845992028734391
15,2,0.1518579147598947,0.05563854606055588,0.7925035391795494
15,2,0.14834600924539637,0.048886747751152246,0.8027672430034514
15,2,0.17088961050636275,0.23409615853180438,0.5950142309618328
15,2,0.08294565505962682,0.07692987611199138,0.8401244688283818
15,2,0.12119715565741929,0.049392394114137185,0.8294104502284435
15,2,0.10532636137033118,0.23100211007238736,0.6636715285572814
15,2,0.032389686136865825,0.0482911050557728,0.9193192088073614
15,2,0.09365733892456737,0.04279947952039548,0.8635431815550371
15,2,0.16618640852529148,0.03459388285886501,0.7992197086158435
15,2,0.16194689609460847,0.023697065433165458,0.814356038472226
15,2,0.1482441784526452,0.024334820193503862,0.827421001353851
15,2,0.15253873702087548,0.02974237209505157,0.8177188908840729
15,2,0.18238610416334444,0.030250055584929696,0.7873638402517259
15,2,0.08031888844062363,0.07451136840985692,0.8451697431495195
15,2,0.07530647498908379,0.043011035446027295,0.8816824895648889
15,2,0.12729449286080086,0.03310702935172986,0.8395984777874692
15,2,0.07162214028154995,0.036994166685395284,0.8913836930330548
15,2,0.08403097641264709,0.0585683805114991,0.8574006430758538
15,2,0.11565440117383101,0.0486685420225637,0.8356770568036053
15,2,0.06433120989289938,0.043802096836892804,0.8918666932702077
15,2,0.11916645929299506,0.04434584490216419,0.8364876958048408
15,2,0.10177736796552087,0.05590230904697919,0.8423203229874999
15,2,0.35072008698453827,0.07080654651357672,0.5784733665018851
15,2,0.1424653569271168,0.10024488936283919,0.757289753710044
15,2,0.08134121727447494,0.0573349259214116,0.8613238568041134
15,2,0.07914170622698416,0.08992254515219886,0.830935748620817
15,2,0.09730140237212044,0.03619292427390849,0.866505673353971
15,2,0.19977035369873158,0.040398073268227856,0.7598315730330406
15,2,0.10660966887453138,0.06428548179467329,0.8291048493307953
15,2,0.12379066329851987,0.0253195791033095,0.8508897575981706
15,2,0.18246288752536793,0.038126516510135926,0.7794105959644962
15,2,0.15978314538603466,0.033175580612583404,0.8070412740013819
15,2,0.10186765385146614,0.06253931994641257,0.8355930262021213
15,2,0.07824950887334561,0.03208291307550723,0.889667578051147
15,2,0.08280966072957896,0.05666984425995846,0.8605204950104625
15,2,0.10201334285068425,0.07684784560236206,0.8211388115469538
15,2,0.038089906945016606,0.018425035202622817,0.9434850578523606
15,2,0.040868774050676446,0.018794319810512095,0.9403369061388115
15,2,0.09208696401776882,0.05500514566699253,0.8529078903152386
15,2,0.07617378262676067,0.03849046442771143,0.8853357529455279
15,2,0.07131271581118438,0.07342760905738646,0.8552596751314292
15,2,0.1237224857756011,0.03441485623809271,0.8418626579863062
15,2,0.23481881662036894,0.06972959511970309,0.695451588259928
15,2,0.11044947312375998,0.06544097003065348,0.8241095568455864
15,2,0.19682344557137432,0.0350895799863955,0.7680869744422302
15,2,0.13681702308102583,0.02888171201141873,0.8343012649075554
15,2,0.16604649850458378,0.056595246169012986,0.7773582553264031
15,2,0.1650362681993712,0.06876896865527472,0.7661947631453542
15,2,0.15483083847881374,0.06732552654351673,0.7778436349776696
15,2,0.14606150058082104,0.05435826569108801,0.7995802337280911
15,2,0.1442552688346406,0.06365436160272632,0.7920903695626331
15,2,0.1373016488339693,0.04861311463712054,0.8140852365289102
15,2,0.27846861515864085,0.02622012981211268,0.6953112550292465
15,2,0.2669751621375505,0.029663916356976357,0.7033609215054731
15,2,0.25830183769570986,0.02691200975860903,0.7147861525456811
15,2,0.3008648424871742,0.03151389924742304,0.6676212582654028
15,2,0.24847861510898772,0.024857987796023526,0.7266633970949887
15,2,0.2719347755329769,0.021640535046683274,0.7064246894203399
15,2,0.06530808446964029,0.04237060352875961,0.8923213120016
15,2,0.12798964899851045,0.08752610079579713,0.7844842502056925
15,2,0.17009309666314215,0.034028810822845854,0.795878092514012
15,2,0.28289740694948096,0.03404353034042252,0.6830590627100965
15,2,0.12696662002377876,0.031118989804844774,0.8419143901713766
15,2,0.136018917314491,0.04129190478398377,0.8226891779015253
15,2,0.16238271597965043,0.04308467231023982,0.7945326117101097
15,2,0.08479978386062846,0.038741932349305855,0.8764582837900657
15,2,0.21091317108816562,0.08658193603834394,0.7025048928734905
15,2,0.21683279921777146,0.04644052487671334,0.7367266759055152
15,2,0.2518112250161091,0.03917039930807057,0.7090183756758204
15,2,0.13290269667542995,0.026640537639926992,0.8404567656846431
15,2,0.1901432911413743,0.034189083751585955,0.7756676251070398
15,2,0.20280632301259324,0.03427505845575163,0.7629186185316551
5C,1,0.0599115703283344,0.019482693106996497,0.9206057365646692
5C,1,0.04369182492269053,0.015000309034727611,0.9413078660425819
5C,1,0.05002652019121445,0.02187444033371784,0.9280990394750677
5C,1,0.030712632627321372,0.02258363968877754,0.9467037276839011
5C,1,0.09412958127577928,0.020510126917552808,0.885360291806668
5C,1,0.08312982112886712,0.017237849552410107,0.8996323293187228
5C,1,0.09673138421007635,0.04815464693920852,0.855113968850715
5C,1,0.0598409982204573,0.022227844494814717,0.917931157284728
5C,1,0.04025852524354835,0.01853835908033712,0.9412031156761145
5C,1,0.028543260501643977,0.021101750687918027,0.950354988810438
5C,1,0.020871927312482354,0.020062260024582324,0.9590658126629353
5C,1,0.02930508693192165,0.015225974276840326,0.9554689387912381
5C,1,0.031257969210800374,0.010159454784208766,0.9585825760049909
5C,1,0.006545529833994201,0.003182211586461457,0.9902722585795444
5C,1,0.05282336872163479,0.019012270190418207,0.9281643610879471
5C,1,0.03556775597289898,0.021378036611935256,0.9430542074151658
5C,1,0.009203599771315086,0.005254617271283071,0.9855417829574018
5C,1,0.027887558999981212,0.008622663885152563,0.9634897771148663
5C,1,0.030924493477771813,0.011265430889890377,0.9578100756323379
5C,1,0.01865853616123159,0.003894442077477092,0.9774470217612914
5C,1,0.02165176713993924,0.0022208553215813014,0.9761273775384793
5C,1,0.06758199435229309,0.003392045577106972,0.9290259600706
5C,1,0.03807857204772338,0.0031234605461367125,0.95879796740614
5C,1,0.08387874539726463,0.01773369204522468,0.8983875625575106
5C,1,0.0187605329566076,0.02352103226688858,0.9577184347765038
5C,1,0.036853219590251125,0.03786206355177518,0.9252847168579736
5C,1,0.0577117713855554,0.014555777985845243,0.9277324506285994
5C,1,0.2615185115779843,0.014825697232233181,0.7236557911897826
5C,1,0.6908690910552842,0.01088603973825707,0.2982448692064587
5C,1,0.6825155294243548,0.010456729847459314,0.3070277407281859
5C,1,0.7217317666735485,0.006529619976900269,0.27173861334955135
5C,1,0.4327449304769053,0.009820357879032638,0.5574347116440621
5C,1,0.42105195862273925,0.011165841658737715,0.5677821997185231
5C,1,0.13927170039984701,0.21587073090232897,0.6448575686978241
5C,1,0.4038374927781987,0.06923102882970461,0.5269314783920968
5C,1,0.7470434706042711,0.06735354956739646,0.18560297982833235
5C,1,0.5827499295762737,0.072068508883344,0.3451815615403822
5C,1,0.633663049711702,0.030080932048538716,0.3362560182397594
5C,1,0.424637890217636,0.11576690236117554,0.4595952074211885
5C,1,0.7360309249357575,0.02891244947423848,0.2350566255900041
5C,1,0.5784876530188956,0.03362262864423092,0.38788971833687347
5C,1,0.6191513372807687,0.030875938854223555,0.3499727238650077
5C,1,0.606355092845259,0.0372484217177097,0.3563964854370313
5C,1,0.2721696155499437,0.04685065578471029,0.6809797286653461
5C,1,0.23137007726202652,0.06615801212233535,0.7024719106156381
5C,1,0.10510043962503064,0.044968737728901725,0.8499308226460676
5C,1,0.07706058595136948,0.02499051228539558,0.8979489017632349
5C,1,0.06882850897306599,0.029294822491658053,0.901876668535276
5C,1,0.9592940852118225,0.006517166140399586,0.03418874864777787
5C,1,0.8472106583884764,0.008967344146266121,0.14382199746525753
5C,1,0.7476060675061262,0.01550342779461096,0.23689050469926276
5C,1,0.7734006340922097,0.01028626948358252,0.2163130964242078
5C,1,0.7357353542965832,0.008682409489674274,0.2555822362137424
5C,1,0.7952531282507111,0.010945611424228742,0.19380126032505995
5C,1,0.8085651933067302,0.011785117919098835,0.17964968877417095
5C,1,0.7065922483791496,0.010867244712532873,0.28254050690831756
5C,1,0.657701468333293,0.00874938669295099,0.333549144973756
5C,1,0.749678995035942,0.0113359668484319,0.23898503811562619
5C,1,0.7473834225939574,0.00990224905338499,0.2427143283526576
5C,1,0.802368012346594,0.01093137435567627,0.18670061329772958
5C,1,0.7981062892595434,0.00952972504387363,0.19236398569658283
5C,1,0.7266505411621188,0.008779843692456313,0.2645696151454249
5C,1,0.7464198680525087,0.014303281036061585,0.23927685091142972
5C,1,0.6906794841973103,0.01004884398307207,0.2992716718196178
5C,1,0.6956879335918384,0.011581234140930877,0.2927308322672308
5C,0,0.518224061967352,0.009383986561605695,0.47239195147104224
5C,0,0.3647993836688656,0.010062339823027188,0.6251382765081072
5C,0,0.216068681577687,0.008859752370385996,0.7750715660519271
5C,0,0.24862532798705902,0.006940779505605082,0.7444338925073358
5C,0,0.6172404246927629,0.012263675931571672,0.3704958993756656
5C,0,0.7732986043882534,0.008939655421873322,0.21776174018987327
5C,0,0.8081016470771923,0.010086363702139774,0.18181198922066788
5C,0,0.8962748481296788,0.010454079441177504,0.09327107242914365
5C,0,0.8835757057007995,0.006633315058426277,0.1097909792407741
5C,0,0.8806439442745971,0.008671547017026073,0.11068450870837672
5C,0,0.7490534634365368,0.010912555219974073,0.24003398134348916
5C,0,0.792482839984773,0.007983961496281547,0.19953319851894546
5C,0,0.8180795228630475,0.010584693541195761,0.17133578359575685
5C,0,0.8609187558690189,0.010507213925387653,0.12857403020559333
5C,0,0.9115347225405079,0.008940436268111234,0.07952484119138091
5C,0,0.8759735503225146,0.008102739699652263,0.11592370997783312
5C,0,0.8908382541951535,0.011226095732660306,0.09793565007218621
5C,0,0.6846737792488105,0.012632794962443572,0.30269342578874575
5C,0,0.711653099861863,0.010981779382598455,0.2773651207555385
5C,0,0.8696358496869043,0.008238612221738559,0.12212553809135716
5C,0,0.8946930939514862,0.007261592182010034,0.09804531386650364
5C,0,0.8902275045339799,0.007138754946226056,0.10263374051979406
5C,0,0.6417419554291359,0.011362519493059754,0.34689552507780425
5C,0,0.7074431856405679,0.03572240381968604,0.256834410539746
5C,0,0.8909160298763577,0.0064430208397713885,0.10264094928387091
5C,0,0.8480390170326818,0.02134398133295369,0.13061700163436446
5C,0,0.96062508307732,0.0038153859775653665,0.03555953094511483
5C,0,0.922337442582702,0.007472691537437619,0.07018986587986031
5C,0,0.9497088808584576,0.004416230345866235,0.04587488879567615
5C,0,0.9316838381079497,0.006322552884118028,0.06199360900793217
5C,0,0.8815880340508926,0.008761070796036793,0.10965089515307062
5C,0,0.7624764246137237,0.011748686629828843,0.2257748887564474
5C,0,0.32016769244769105,0.008081518306171747,0.6717507892461372
5C,0,0.10487139611835904,0.0053588605299810434,0.8897697433516599
5C,0,0.6939551742773452,0.009944492644132009,0.2961003330785228
5C,0,0.8721985958244715,0.006355731298046231,0.12144567287748236
5C,0,0.7593082218515407,0.008748772194701281,0.2319430059537581
5C,0,0.7157707350759094,0.011227996705273132,0.2730012682188174
5C,0,0.7574279157983101,0.010894780834208015,0.23167730336748169
5C,0,0.7992847006256877,0.010730086643468318,0.18998521273084398
5C,0,0.8733304028755206,0.005566349345491775,0.12110324777898773
5C,0,0.720465580533277,0.010194587075985693,0.2693398323907373
5C,0,0.8074187349316935,0.009056152773625915,0.18352511229468063
5C,0,0.7019869398186833,0.012671759664331296,0.2853413005169855
5C,0,0.8026354270624172,0.009479620412436506,0.18788495252514623
5C,0,0.836691427666137,0.008533757334104858,0.15477481499975823
5C,0,0.8315955814559017,0.007944102221160557,0.16046031632293767
5C,0,0.8437319093871798,0.00655247498214259,0.14971561563067767
5C,0,0.7067837843410654,0.009830008655446566,0.2833862070034881
5C,0,0.6989707419739452,0.010415214489903797,0.290614043536151
5C,0,0.7156807743839112,0.010981321357005113,0.2733379042590836
5C,0,0.7723848778845204,0.010581897313118843,0.2170332248023608
5C,0,0.7786961820730436,0.011396786526474105,0.2099070314004823
5C,0,0.7798444530020051,0.009993758259890337,0.21016178873810462
5C,0,0.7406682031963748,0.010525159087404522,0.2488066377162207
5C,0,0.7796838121156358,0.011777935176477237,0.20853825270788692
5C,0,0.7698624282440536,0.008172201510643441,0.2219653702453029
5C,0,0.7330780869912636,0.011593693481297207,0.25532821952743906
5C,0,0.7412137535344449,0.01017447575087234,0.24861177071468285
5C,0,0.8073167895440484,0.0082701800032302,0.18441303045272137
5C,0,0.8273979491639706,0.007882228643669636,0.1647198221923598
5C,0,0.6690023885628883,0.012438852233435589,0.3185587592036762
5C,0,0.7806261908473957,0.009173362407353523,0.21020044674525085
5C,0,0.792136328173996,0.009331097182929756,0.19853257464307428
5C,0,0.6368941841219495,0.019552860758340205,0.34355295511971035
5C,0,0.670715017435364,0.008637998814063288,0.32064698375057266
5C,0,0.7204431419793871,0.014464532843393312,0.2650923251772196
5C,0,0.7509086293167822,0.009786941449427392,0.2393044292337906
5C,0,0.7120417955540514,0.009976649186929573,0.27798155525901896
5C,0,0.798774754439799,0.010249331849090257,0.19097591371111075
5C,0,0.7669901783891926,0.011955828651199063,0.22105399295960837
5C,0,0.7044589110069283,0.010863300199620167,0.2846777887934517
5C,0,0.7122548307551476,0.008428614806497611,0.27931655443835485
5C,0,0.7251225130782807,0.010555344064099059,0.26432214285762023
5C,0,0.6695226217505027,0.01431261982636585,0.3161647584231314
5C,0,0.7277295444042875,0.011440032623106477,0.260830422972606
5C,0,0.7479728166660691,0.009819717625820722,0.24220746570811014
5C,0,0.780635777782357,0.010750472092573635,0.20861375012506952
5C,0,0.87292936895305,0.006040873056659559,0.1210297579902905
5C,0,0.9119347381616061,0.008502728328496348,0.07956253350989763
5C,0,0.3780997820604777,0.05624861965047442,0.5656515982890478
5C,0,0.3169549888597151,0.010324781407152449,0.6727202297331324
5C,0,0.611004216385713,0.011445480876352401,0.37755030273793466
5C,0,0.7296360918400862,0.011699040255637309,0.2586648679042765
5C,0,0.6834648596667485,0.009167673461770935,0.3073674668714805
5C,0,0.7705135763779224,0.010038873191026474,0.2194475504310513
5C,0,0.35827745715184567,0.0060226111053579105,0.6356999317427965
5C,0,0.7458301459941683,0.009502318369925796,0.24466753563590599
5C,0,0.6369500419581289,0.011175961283647555,0.35187399675822356
5C,0,0.6767311039696365,0.014518894259407767,0.30875000177095574
5C,0,0.7882740362348447,0.00803800711502533,0.20368795665012995
5C,0,0.7643436378864517,0.010604751027776955,0.2250516110857715
5C,0,0.5686200895580361,0.01621866891866813,0.41516124152329575
5C,0,0.6312454353046063,0.012374376405030146,0.3563801882903636
5C,0,0.8480148590767336,0.006668789528099389,0.14531635139516685
5C,0,0.8614531166473388,0.008172863927981265,0.1303740194246801
5C,0,0.6623338670432443,0.012970316660306876,0.32469581629644884
5C,0,0.7558677485054862,0.011714740721255357,0.23241751077325828
5C,0,0.7990877901752014,0.021686717164707447,0.1792254926600911
5C,0,0.7105499988535547,0.00901665493148025,0.280433346214965
5C,0,0.8276433588097344,0.007666633203217661,0.16469000798704797
5C,0,0.7094420643363502,0.012572865250613786,0.27798507041303605
5C,0,0.6910683369195315,0.013367923208454542,0.29556373987201395
5C,0,0.7550385208247349,0.011738386860284729,0.23322309231498053
5C,0,0.6765954250321945,0.014835656116049117,0.3085689188517563
5C,0,0.6603087096720978,0.015150714654295511,0.3245405756736068
5C,0,0.8449532651168422,0.009175525517672844,0.14587120936548476
5C,0,0.92072682946693,0.010620564424294524,0.06865260610877558
5C,0,0.8625845093201426,0.012510799231001395,0.12490469144885596
5C,0,0.9612996836205463,0.004893029847689682,0.033807286531763944
5C,0,0.8659650018465206,0.007414942767272435,0.12662005538620685
5C,0,0.9027466976115671,0.006397431915118661,0.0908558704733142
5C,0,0.9400201448169944,0.006672190686871856,0.05330766449613378
5C,0,0.9169766021163422,0.006843897691114167,0.07617950019254358
5C,0,0.9510901978324692,0.00540143212280457,0.043508370044726255
5C,0,0.9316538793001417,0.00504940258201336,0.06329671811784494
5C,0,0.9462926796180133,0.0037229796828052216,0.049984340699181215
5C,0,0.9332589698924582,0.004775402844379569,0.061965627263162223
5C,0,0.8953059978630908,0.008104722965730258,0.09658927917117888
5C,0,0.8714837669008652,0.012916739006277225,0.11559949409285766
5C,0,0.8375530461483924,0.005406723196641684,0.15704023065496592
5C,0,0.8406768970261658,0.00790793933392938,0.1514151636399049
5C,0,0.9345599066151936,0.006576950518832736,0.05886314286597377
5C,0,0.8251315622385128,0.011455764458427472,0.1634126733030596
5C,0,0.8977418348112588,0.006992651532274299,0.09526551365646696
5C,0,0.8852646012664915,0.009239513341245165,0.10549588539226339
5C,0,0.9057038584503937,0.007057699428514962,0.08723844212109125
5C,0,0.8843117661443031,0.00848742943080202,0.10720080442489492
5C,0,0.9197258913810834,0.006634811240238169,0.0736392973786786
5C,0,0.8263309835459348,0.007293703146479902,0.16637531330758523
5C,0,0.9295840847732529,0.005153763316377768,0.06526215191036928
5C,0,0.8619974385507069,0.007958137377751893,0.13004442407154132
5C,0,0.8518862685769658,0.008263723107050154,0.1398500083159842
5C,0,0.8854936714700158,0.007527511684383818,0.1069788168456004
5C,0,0.9179144212649627,0.005412556620733995,0.07667302211430334
5C,0,0.9391068435078644,0.005725047358154114,0.0551681091339816
5C,0,0.9171007583248911,0.005628577993768635,0.0772706636813403
5C,0,0.9023559239166828,0.007256674423867997,0.09038740165944908
5C,0,0.7797840810403729,0.008764668014410532,0.21145125094521672
5C,0,0.8945933115501516,0.0070495947434682255,0.09835709370638016
5C,0,0.8573506364651858,0.008061666587289013,0.13458769694752523
5C,0,0.9111411273284435,0.00644265059907663,0.08241622207247978
5C,0,0.9205215682243174,0.005005810261389623,0.07447262151429296
5C,0,0.9224413335876566,0.006574022353594732,0.07098464405874867
5C,0,0.9018453374864485,0.007510984129465494,0.09064367838408599
5C,0,0.854177003374288,0.011219869844493508,0.13460312678121839
5C,0,0.8162620360835658,0.012806738172732712,0.17093122574370143
5C,0,0.9457967949341752,0.004776528538710385,0.04942667652711458
5C,0,0.8661892848877076,0.008312108497885938,0.12549860661440637
5C,0,0.8316853658140015,0.01232550906998308,0.1559891251160154
5C,0,0.7915394454697348,0.012425983762652538,0.19603457076761266
5C,0,0.8924727773893096,0.009053397694045746,0.09847382491664455
5C,0,0.9001460737282175,0.007897645127089618,0.09195628114469284
5C,0,0.9346612723342353,0.006669725151647543,0.05866900251411702
5C,0,0.9193888674579465,0.005594299726072206,0.07501683281598123
5C,0,0.9291490429301623,0.006650050270285925,0.06420090679955169
5C,0,0.8901962434188929,0.006406602593147928,0.10339715398795922
5C,0,0.7426442495101153,0.015338206107467882,0.24201754438241663
5C,0,0.8902652878889739,0.006473993619883347,0.10326071849114275
5C,0,0.9172416507478847,0.0077073743687819385,0.07505097488333339
5C,0,0.8935128071380282,0.00742916541711353,0.09905802744485838
5C,2,0.1886587380466049,0.04771959599295706,0.763621665960438
5C,2,0.19284991198130005,0.045734630014166035,0.7614154580045339
5C,2,0.1924814976343082,0.16228081169475453,0.6452376906709373
5C,2,0.3048857337314707,0.08545587913442049,0.6096583871341087
5C,2,0.39126520617065974,0.07091786658813883,0.5378169272412016
5C,2,0.22230892508390548,0.05863162788428383,0.7190594470318107
5C,2,0.6121230277671551,0.035056317269824944,0.3528206549630199
5C,2,0.473509879286102,0.0739347989310845,0.45255532178281366
5C,2,0.32241137181111024,0.05038351162673655,0.6272051165621533
5C,2,0.7498369071871614,0.044999764886577996,0.20516332792626055
5C,2,0.5466256701486498,0.013736527452794092,0.4396378023985561
5C,2,0.2176069969292978,0.016336016800647193,0.766056986270055
5C,2,0.40276905187813034,0.014074096186528702,0.5831568519353411
5C,2,0.5247735364062803,0.010563974581325694,0.464662489012394
5C,2,0.5443973771511267,0.009787940101892934,0.4458146827469805
5C,2,0.5586166513191576,0.011141865202723585,0.4302414834781188
5C,2,0.142980466865344,0.013206877043654003,0.843812656091002
5C,2,0.1545230118476382,0.018638787751308287,0.8268382004010535
5C,2,0.2774703455519086,0.010491364151210969,0.7120382902968804
5C,2,0.2283701774929095,0.014100781232364301,0.7575290412747262
5C,2,0.3879018286408249,0.013873984069129689,0.5982241872900453
5C,2,0.1090474854204746,0.01045026626182645,0.880502248317699
5C,2,0.45758122582155547,0.01608085386150156,0.5263379203169429
5C,2,0.22593440094056727,0.010528484179658548,0.7635371148797742
5C,2,0.30822179119719045,0.010657763493166274,0.6811204453096432
5C,2,0.26759060552897224,0.0072517785480719415,0.7251576159229558
5C,2,0.20652449507158377,0.008205726878606844,0.7852697780498094
5C,2,0.3479401188748756,0.005567278749460752,0.6464926023756636
5C,2,0.2988188356415077,0.006892013343900298,0.694289151014592
5C,2,0.30617918728020893,0.007005115733691769,0.6868156969860992
5C,2,0.17413378330954685,0.006508067734568985,0.8193581489558841
5C,2,0.4010478083472993,0.006483310258121165,0.5924688813945794
5C,2,0.39214956189009814,0.006155827579599928,0.6016946105303019
5C,2,0.211216279691759,0.0076383522471375675,0.7811453680611035
5C,2,0.1684668747592607,0.004293508714735021,0.8272396165260042
5C,2,0.3230330880111577,0.0056800139211774705,0.6712868980676647
5C,2,0.1774083226530446,0.00404035017772276,0.8185513271692325
5C,2,0.16400880453490854,0.008854917950810804,0.8271362775142806
5C,2,0.8139177903670494,0.007187985710083241,0.1788942239228673
5C,2,0.7822977983645683,0.00822752222594117,0.2094746794094907
5C,2,0.7784204224990897,0.007709589503285985,0.21386998799762438
5C,2,0.49171121515594557,0.010103922865390929,0.49818486197866363
5C,2,0.4507713976643189,0.009501795540258292,0.5397268067954228
5C,2,0.3786674309888509,0.009662953390509156,0.6116696156206398
5C,2,0.7884563756413397,0.0077734413270642445,0.20377018303159602
5C,2,0.5154396240155638,0.008769778886881376,0.47579059709755483
5C,2,0.2534176836114018,0.005703003980546281,0.7408793124080518
5C,2,0.2812302390122572,0.0051254253796125075,0.7136443356081302
5C,2,0.3578717913254362,0.008795790812404431,0.6333324178621594
5C,2,0.5170215621310481,0.007296331206730901,0.4756821066622209
5C,2,0.590989789546291,0.018815936332334558,0.39019427412137453
5C,2,0.10435226856629017,0.006665090355616379,0.8889826410780935
5C,2,0.11298699493219692,0.005105727872813693,0.8819072771949894
5C,2,0.1695264680945786,0.007684477519374607,0.8227890543860469
5C,2,0.25438828435160876,0.00972356657207871,0.7358881490763125
5C,2,0.1550762213721339,0.005643246677927727,0.8392805319499383
5C,2,0.15975843049353075,0.005323641929880414,0.8349179275765888
5C,2,0.18484996281826724,0.005966456837633588,0.8091835803440992
5C,2,0.017615423114121443,0.0022054243243549783,0.9801791525615235
5C,2,0.009921289978461574,0.0014877222500956572,0.9885909877714428
5C,2,0.0527241103646691,0.0025514056589813375,0.9447244839763497
5C,2,0.031896279823862256,0.0020425413141157266,0.966061178862022
5C,2,0.03242831514111622,0.0018632195550097228,0.9657084653038741
5C,2,0.0795155571698623,0.006771864666529279,0.9137125781636084
5C,2,0.08521602155339938,0.006682540522630289,0.9081014379239704
5C,2,0.16168823774637983,0.006048493924439913,0.8322632683291803
5C,2,0.29318003035741586,0.00947351681803617,0.697346452824548
5C,2,0.20049910414542796,0.012533954432396362,0.7869669414221757
5C,2,0.11681601542413865,0.005171834752937766,0.8780121498229236
5C,2,0.1026236599897755,0.00525494372948554,0.892121396280739
5C,2,0.14752472111498802,0.0055967059409104195,0.8468785729441015
5C,2,0.11430999915285492,0.015821059726949107,0.869868941120196
5C,2,0.13289101093362493,0.00713785654157387,0.8599711325248013
5C,2,0.07884257747422597,0.006461542279127294,0.9146958802466467
5C,2,0.09036467012420074,0.006025405146461526,0.9036099247293378
5C,2,0.08269759341928158,0.005986982758989419,0.9113154238217289
5C,2,0.05202741760569192,0.003582582778403852,0.9443899996159043
5C,2,0.5039135809507195,0.026769714213849757,0.4693167048354307
5C,2,0.6865134852279073,0.007121431055852121,0.3063650837162404
5C,2,0.3989871162060057,0.01498918705173667,0.5860236967422577
5C,2,0.2853206813717262,0.013497723879387356,0.7011815947488863
5C,2,0.29009108568721703,0.013407628085980155,0.6965012862268029
5C,2,0.2420728126655116,0.011773211101078016,0.7461539762334104
5C,2,0.40405845005634994,0.011478022213749413,0.5844635277299006
5C,2,0.27261420533348546,0.013111017306752784,0.7142747773597617
5C,2,0.43593361909488837,0.014435262258536299,0.5496311186465754
5C,2,0.31153956811799166,0.01901121374510108,0.6694492181369073
5C,2,0.21796827582243053,0.012396603151570549,0.769635121025999
5C,2,0.5235369352603079,0.022606569565975787,0.4538564951737164
5C,2,0.49737165978110276,0.03307207206343029,0.4695562681554668
5C,2,0.2973089543663556,0.011747564377508901,0.6909434812561355
5C,2,0.4168010401575415,0.012501793751360759,0.5706971660910978
5C,2,0.3790564295218919,0.012957219572615098,0.607986350905493
5C,2,0.3239700590514213,0.014860407709583932,0.6611695332389947
5C,2,0.5447806774001921,0.032357224125680296,0.42286209847412765
5C,2,0.4001257902335886,0.010619264500970673,0.5892549452654409
5C,2,0.6237312324752908,0.011072885409768612,0.36519588211494064
5C,2,0.755410605201294,0.012282147380156783,0.23230724741854922
5C,2,0.39717928844228606,0.012395820479661012,0.5904248910780528
5C,2,0.9165512370177491,0.005231637166981031,0.0782171258152699
5C,2,0.8936308683729597,0.007481664279866018,0.09888746734717423
5C,2,0.5695571568983345,0.012638010235710321,0.4178048328659552
5C,2,0.8504547484117074,0.011396356674670859,0.13814889491362162
5C,2,0.7963799917517466,0.015171472157413076,0.18844853609084025
5C,2,0.9379392110326269,0.007234092556789585,0.054826696410583485
5C,2,0.9075426553615262,0.00716838951156426,0.0852889551269095
5C,2,0.8982330935773151,0.008543314951568484,0.09322359147111639
5C,2,0.626787002407579,0.010225926578424397,0.3629870710139966
5C,2,0.808246432194841,0.010176151013509839,0.18157741679164918
5C,2,0.7999833520819996,0.01353195943197041,0.18648468848603006
5C,2,0.8317688626371268,0.009570140038314608,0.15866099732455868
5C,2,0.8719546401709003,0.005830788797607263,0.1222145710314925
5C,2,0.7227198584537523,0.0160531140053889,0.261227027540859
5C,2,0.7903048327816903,0.01658523197193057,0.19310993524637907
5C,2,0.8302362138715744,0.015108102400857209,0.1546556837275684
5C,2,0.8049953194113016,0.01314716445081029,0.18185751613788823
5C,2,0.7415821735227186,0.02317441820311832,0.23524340827416304
5C,2,0.7935503464549838,0.008675466016246443,0.19777418752876985
5C,2,0.9412946402714071,0.005342731323616128,0.05336262840497697
5C,2,0.858353692616386,0.009323624340374152,0.13232268304323988
5C,2,0.7545205244781252,0.014041328621592648,0.23143814690028203
5C,2,0.6438726147108986,0.018282396040616447,0.33784498924848505
5C,2,0.6643798701270844,0.007521684911341458,0.3280984449615741
5C,2,0.5205911980540704,0.027782711189807623,0.451626090756122
5C,2,0.8703577967875032,0.006967861736056733,0.12267434147643995
5C,2,0.8731291006220882,0.006143769267645166,0.12072713011026667
5C,2,0.8835326231270471,0.006055460496497677,0.11041191637645544
5C,2,0.8645153250428973,0.006596966500741879,0.12888770845636077
5C,2,0.729051488225493,0.008378617539780177,0.2625698942347268
5C,2,0.835027418990093,0.008281704992716618,0.15669087601719034
5C,2,0.7586804930952554,0.009479819092722046,0.23183968781202258
5C,2,0.8202704317111918,0.00791984350821846,0.17180972478058956
5C,2,0.8517337692613176,0.006607365059226683,0.14165886567945582
5C,2,0.8453082940156952,0.007540513900851754,0.14715119208345304
5C,2,0.789970391510056,0.010816183085412826,0.19921342540453119
5C,2,0.7133618948713997,0.011310529552422037,0.27532757557617843
5C,1,0.07922500057173552,0.04256649550890413,0.8782085039193603
5C,1,0.07369968707665028,0.03596168400307622,0.8903386289202734
5C,1,0.0925323796189281,0.03473658291049303,0.8727310374705789
5C,1,0.10597145931907524,0.1069695082415338,0.787059032439391
5C,1,0.08533486813198486,0.06881391470202786,0.8458512171659873
5C,1,0.054109860060467606,0.025026020022139817,0.9208641199173926
5C,1,0.0515875358927787,0.03562478078056786,0.9127876833266535
5C,1,0.10354946491910672,0.033848267656121186,0.8626022674247722
5C,1,0.12941193042738552,0.02355571009647938,0.8470323594761351
5C,1,0.17251881203150657,0.14396659720015753,0.6835145907683359
5C,1,0.06742816417485338,0.032549204565662834,0.9000226312594838
5C,1,0.5389741130384408,0.167385347709486,0.2936405392520733
5C,1,0.1059870949473427,0.03286315317934406,0.8611497518733133
5C,1,0.1589283224934383,0.3591576181612871,0.48191405934527454
5C,1,0.07441178559468434,0.15614946575869382,0.7694387486466219
5C,1,0.07670122848529339,0.13381963838073072,0.7894791331339758
5C,1,0.5988544175724279,0.24915890447766167,0.15198667794991044
5C,1,0.3204257019722057,0.12788627187668006,0.5516880261511142
5C,1,0.29827941479472064,0.019546362781405188,0.682174222423874
5C,1,0.2402905338924421,0.012231731924060907,0.747477734183497
5C,1,0.1124395835582103,0.00826299242034933,0.8792974240214403
5C,1,0.16686881227290518,0.011931746725618872,0.821199441001476
5C,1,0.0870111139172821,0.007489042142765149,0.9054998439399528
5C,1,0.19126327427262638,0.017180453084787294,0.7915562726425863
5C,1,0.4608799495977262,0.047874240762030194,0.49124580964024367
5C,1,0.23843208482763964,0.03127337837907797,0.7302945367932823
5C,1,0.04601254539964659,0.004983214568739585,0.9490042400316138
5C,1,0.26421322935585506,0.020324011253459912,0.7154627593906852
5C,1,0.3174247598085051,0.02043258503384908,0.6621426551576459
5C,1,0.0700706082572176,0.004469293350644168,0.9254600983921382
5C,1,0.23343971417657206,0.018838392979980786,0.7477218928434473
5C,1,0.16174983312280863,0.011280565110406817,0.8269696017667845
5C,1,0.0867339508008946,0.007387494382777452,0.9058785548163278
5C,1,0.2039338353699847,0.019560209725541112,0.7765059549044742
5C,1,0.25351735889850596,0.013107400808661953,0.733375240292832
5C,1,0.2580241948063111,0.028155076685600546,0.7138207285080883
5C,1,0.12381426563073103,0.00716737180781686,0.8690183625614522
5C,1,0.4922078735342066,0.04202088003407308,0.4657712464317204
5C,1,0.470943935600933,0.013615554990643727,0.5154405094084233
5C,1,0.08337487608894206,0.007384260038255516,0.9092408638728025
5C,1,0.18403984079703742,0.007603232550782257,0.8083569266521804
5C,1,0.09574109964680247,0.00818747317225919,0.8960714271809382
5C,1,0.1049124071183285,0.007410240620782782,0.8876773522608887
5C,1,0.1442432665541399,0.010909810689558362,0.8448469227563017
5C,1,0.16526761579996097,0.02180417583636155,0.8129282083636774
5C,1,0.15285126557521117,0.012831699468323151,0.8343170349564657
5C,1,0.07307137303856392,0.004639496283901864,0.9222891306775343
5C,1,0.048968643842099174,0.002750312804053281,0.9482810433538476
5C,1,0.08040976499741737,0.008326288384459745,0.9112639466181228
5C,1,0.05506269698230028,0.004737583517369287,0.9401997195003304
5C,1,0.18800626923986874,0.007285992252980366,0.8047077385071509
5C,1,0.10598510452023933,0.008574782590286337,0.8854401128894743
5C,1,0.16367487703815944,0.005670295909126255,0.8306548270527142
5C,1,0.0722700742505654,0.004809325183794809,0.9229206005656398
5C,1,0.1530866865814652,0.007063314096382779,0.839849999322152
5C,1,0.1696040854613265,0.007622729571582609,0.8227731849670908
5C,1,0.10537105391779773,0.009067005747830063,0.8855619403343722
5C,1,0.0778574034746859,0.004557600215038585,0.9175849963102755
5C,1,0.09887811812416139,0.006414488929438155,0.8947073929464003
5C,1,0.07091982491707391,0.0059033908193313386,0.9231767842635947
5C,1,0.30793422573346,0.04022789307161635,0.6518378811949237
5C,1,0.12243225874542589,0.015026141965525337,0.8625415992890488
5C,1,0.025538202802666537,0.00294039262902711,0.9715214045683063
5C,1,0.21786069732509955,0.017006529599868595,0.7651327730750319
5C,1,0.24366290983053968,0.02296480244220334,0.733372287727257
5C,1,0.37346851693263455,0.02178529504891203,0.6047461880184534
5C,1,0.598017926733563,0.020951300679275954,0.381030772587161
5C,1,0.7256033742898159,0.017004752386470222,0.2573918733237139
5C,1,0.6546841854688121,0.011295998291396653,0.3340198162397914
5C,1,0.5064582605110546,0.015022423837676348,0.4785193156512691
5C,1,0.43678052713953575,0.011933013963145247,0.5512864588973191
5C,1,0.26378963923889387,0.01701767405539941,0.7191926867057068
5C,1,0.09264968256787161,0.004720272731532852,0.9026300447005955
5C,1,0.4231455099148794,0.015935799200569915,0.5609186908845506
5C,1,0.45236678952217624,0.018925588947037036,0.5287076215307868
5C,1,0.19054685504858868,0.007818084651039652,0.8016350603003717
5C,1,0.2574809968758015,0.01625536802845153,0.7262636350957469
5C,1,0.08291247565106175,0.0036680700165025947,0.9134194543324355
5C,1,0.26428080177607766,0.023572545440962014,0.7121466527829604
5C,1,0.3888880886915295,0.01267893771121125,0.5984329735972592
5C,1,0.2887438069762235,0.014693837310279302,0.6965623557134972
5C,1,0.21077603875273118,0.008543280407729068,0.7806806808395397
5C,1,0.346036674160674,0.016856738044968175,0.6371065877943578
5C,1,0.39421849277570575,0.011320888199967235,0.594460619024327
5C,1,0.384502444450876,0.01218844442911332,0.6033091111200106
5C,1,0.3004742330105985,0.019806199617878096,0.6797195673715234
5C,1,0.3746644649420411,0.01867705716499447,0.6066584778929645
5C,1,0.08902523705021376,0.0059542723557654284,0.9050204905940209
5C,1,0.3332366295740684,0.028549302282623444,0.6382140681433082
6B,0,0.6381369400826753,0.06357360813949778,0.2982894517778269
6B,0,0.6007012852219469,0.060533132791008464,0.3387655819870447
6B,0,0.5555045039027345,0.0774497814398618,0.3670457146574037
6B,0,0.5789454140725286,0.07384372176984383,0.34721086415762764
6B,0,0.6526673519036766,0.04842119160484394,0.29891145649147954
6B,0,0.6109109478229451,0.06680787136139285,0.32228118081566215
6B,0,0.6135605343265923,0.06575320767540928,0.3206862579979984
6B,0,0.19903675337304713,0.21741295181428144,0.5835502948126715
6B,0,0.39864228760286374,0.13512927729180332,0.46622843510533296
6B,0,0.37720268535058926,0.08817149327429183,0.5346258213751189
6B,0,0.6668883271562689,0.06434336569617141,0.26876830714755967
6B,0,0.7122841162254521,0.04904526831330563,0.23867061546124246
6B,0,0.6848858689248708,0.06214622298981231,0.25296790808531694
6B,0,0.7226018356595166,0.037460927022390934,0.23993723731809247
6B,0,0.7956279019491355,0.04410256063393754,0.16026953741692707
6B,0,0.6624633817355006,0.031116279157864416,0.30642033910663496
6B,0,0.4581794321907989,0.050410921398578806,0.49140964641062224
6B,0,0.623361922693319,0.055068586171273234,0.32156949113540767
6B,0,0.5299425879290744,0.06179302220728741,0.4082643898636382
6B,0,0.4759295844982054,0.07653726918432249,0.44753314631747226
6B,0,0.25094998221209075,0.14497540893416033,0.6040746088537489
6B,0,0.541049891426159,0.07713168389265662,0.3818184246811844
6B,0,0.547498820509732,0.14927221163936438,0.3032289678509037
6B,0,0.429384856577511,0.13708985049228298,0.4335252929302059
6B,0,0.5710386746438925,0.14664873595417682,0.28231258940193066
6B,0,0.7112188054537575,0.0841659255310285,0.20461526901521407
6B,2,0.723399220853729,0.1093516301795075,0.1672491489667634
6B,2,0.5867373844246944,0.05723021614856502,0.35603239942674075
6B,2,0.645279275488645,0.14560184770678916,0.20911887680456578
6B,2,0.5945905144486459,0.14929986646231425,0.25610961908903984
6B,2,0.33741158125743476,0.2114139901814157,0.4511744285611496
6B,2,0.6022206348486882,0.06643654343379012,0.3313428217175217
6B,2,0.6592686380500689,0.10439776244460044,0.23633359950533075
6B,2,0.5394419657646111,0.17126020229121194,0.28929783194417696
6B,2,0.6254683831628943,0.08297368361873272,0.2915579332183729
6B,2,0.6635536270378006,0.10194166016881988,0.23450471279337953
6B,2,0.4118942506354353,0.1197485827355328,0.468357166629032
6B,2,0.14795172626217598,0.1288199867303691,0.7232282870074548
6B,2,0.40951458678020336,0.1808113715818556,0.4096740416379411
6B,2,0.6887112686802991,0.0940567944200484,0.21723193689965248
6B,2,0.7505893793561278,0.06517806780885209,0.18423255283501996
6B,2,0.45019989490206913,0.03616875911335559,0.5136313459845752
6B,2,0.6390092209707142,0.07389826970484518,0.2870925093244406
6B,2,0.6280107658372915,0.029723590322728997,0.3422656438399793
6B,2,0.5734252859532329,0.0455930704020239,0.38098164364474324
6B,2,0.741972437849938,0.06391692662001752,0.19411063553004437
6B,2,0.6696282394912816,0.14192333903134258,0.18844842147737592
6B,2,0.6819703226041611,0.13242981664007056,0.1855998607557682
6B,2,0.5590130458444619,0.07713334749463943,0.36385360666089867
6B,2,0.6332044979366508,0.06638885928323195,0.30040664278011714
6B,2,0.08850701459096974,0.0845340216295888,0.8269589637794414
6B,2,0.17284614707969437,0.14276240626557876,0.684391446654727
6B,2,0.18045513933762852,0.06945580735161526,0.7500890533107563
6B,2,0.07930180478430242,0.07070673951720921,0.8499914556984883
6B,2,0.07531139829517347,0.049209313609210104,0.8754792880956164
6B,2,0.3170902552023488,0.09677705707146067,0.5861326877261905
6B,2,0.08839395240578707,0.029398181854171368,0.8822078657400415
6B,2,0.07206163859849325,0.03758988733992213,0.8903484740615845
6B,2,0.1155861816190143,0.0373251789017853,0.8470886394792003
6B,2,0.07062276555188114,0.024063510476473756,0.9053137239716452
6B,2,0.13787691757706652,0.08325928284102002,0.7788637995819134
6B,2,0.08156766979131745,0.0325059195103965,0.8859264106982861
6B,2,0.20164102673039727,0.16160848361756125,0.6367504896520415
6B,2,0.2255516488985428,0.1645194361437714,0.6099289149576858
6B,2,0.16004791289716688,0.2609300998746378,0.5790219872281953
6B,2,0.0903622631268745,0.14457356973976498,0.7650641671333606
6B,2,0.09003021376510666,0.09045294964517017,0.8195168365897232
6B,2,0.2784878270024951,0.22099714974116677,0.5005150232563381
6B,2,0.11128235771619378,0.2224369474403956,0.6662806948434106
6B,2,0.07892153428086189,0.11203436932211296,0.8090440963970251
6B,2,0.11140665005901743,0.13073172450743653,0.757861625433546
6B,2,0.1566055632676784,0.10934248923288503,0.7340519474994366
6B,2,0.16590049460177828,0.049616939084789646,0.7844825663134319
6B,2,0.25250997185643437,0.0774845320192713,0.6700054961242944
6B,2,0.30697940136799423,0.10389161408853194,0.5891289845434738
6B,2,0.1952220604221447,0.07531894536784775,0.7294589942100075
6B,2,0.15607486313935587,0.0646496434648026,0.7792754933958416
6B,2,0.26441722002426366,0.06066197703803609,0.6749208029377003
6B,2,0.287387319813562,0.0350854663196757,0.6775272138667623
6B,2,0.3993277827444347,0.052072028636413775,0.5486001886191515
6B,2,0.3052675420704078,0.06255856743676862,0.6321738904928237
6B,2,0.2675126281964617,0.03274926303947605,0.6997381087640622
6B,2,0.30723046301469314,0.062040062614629625,0.6307294743706772
6B,2,0.19369660319972842,0.044685026042166544,0.761618370758105
6B,2,0.21110768448489753,0.04240677746174747,0.746485538053355
6B,2,0.2097876135687556,0.05002288998803581,0.7401894964432086
6B,2,0.18302474677659777,0.03791784846665636,0.7790574047567459
6B,2,0.17815777433004756,0.030034688932013276,0.7918075367379392
6B,2,0.17079761603445373,0.03146565046554662,0.7977367334999997
6B,2,0.22927473503370593,0.04828551165477484,0.7224397533115192
6B,2,0.06273399509736488,0.024654712362733366,0.9126112925399018
6B,2,0.1257229150528361,0.08620042405902795,0.7880766608881359
6B,2,0.29245854209602407,0.06739669938979316,0.6401447585141828
6B,2,0.22843138517534836,0.057694948664269725,0.713873666160382
6B,2,0.16073181338134737,0.03815066641606709,0.8011175202025855
6B,2,0.1682913156268459,0.03719178335620256,0.7945169010169515
6B,2,0.1854355921201869,0.03914942993301825,0.7754149779467948
6B,2,0.18941787027589735,0.03786063396413976,0.772721495759963
6B,2,0.09762091528084418,0.35179868298384775,0.5505804017353081
6B,2,0.2563000696021123,0.052928240268809705,0.690771690129078
6B,2,0.4266312051311895,0.06917697098618729,0.5041918238826232
6B,2,0.24765458468032195,0.05699589311594834,0.6953495222037297
6B,2,0.22102029928951605,0.05086294702906117,0.7281167536814229
6B,2,0.25991180402122555,0.04045803230991675,0.6996301636688577
6B,2,0.2505485409962809,0.03515057386315244,0.7143008851405668
6B,2,0.30225016543665184,0.046870949811172,0.6508788847521761
6B,2,0.21699019211528425,0.08827262104690216,0.6947371868378136
6B,2,0.15196919033754083,0.03672021607296895,0.8113105935894903
6B,2,0.20739343414304243,0.03251477115097117,0.7600917947059864
6B,2,0.18336465889552975,0.038653213314142634,0.7779821277903277
6B,2,0.22960026540974338,0.045925469616739586,0.724474264973517
6B,2,0.21047309903454384,0.08171261522460764,0.7078142857408485
6B,2,0.12522366669275534,0.03629393525936073,0.838482398047884
6B,2,0.15507058770204107,0.05568289425967965,0.7892465180382793
6B,2,0.15920251088507176,0.08796500663769166,0.7528324824772366
6B,2,0.14116167047685804,0.04897347309733164,0.8098648564258103
6B,2,0.16170430712018216,0.06912716424538724,0.7691685286344306
6B,2,0.13861793175376189,0.063001173055813,0.7983808951904251
6B,2,0.1806383514812275,0.078917267233817,0.7404443812849554
6B,2,0.14559652359931716,0.06883788361259009,0.7855655927880928
6B,2,0.17521162984319666,0.07278596297991036,0.7520024071768929
6B,2,0.11750002564096367,0.13782676066691177,0.7446732136921246
6B,2,0.450054578413553,0.17864820064262585,0.37129722094382106
6B,2,0.22742168147400807,0.19317537832316017,0.5794029402028317
6B,2,0.23053808833978975,0.10099214968403908,0.6684697619761711
6B,2,0.24214671197084378,0.13048914339364823,0.627364144635508
6B,2,0.20443914516165354,0.1411057217661586,0.6544551330721878
6B,2,0.27392276015096984,0.20392147558150756,0.5221557642675226
6B,2,0.2821908358075618,0.11296731776235765,0.6048418464300804
6B,2,0.2349442029330221,0.07701671593793027,0.6880390811290478
6B,2,0.12980376134347074,0.04357610973432489,0.8266201289222044
6B,2,0.29532743311370324,0.12711074678705012,0.5775618200992466
6B,2,0.12080762851541872,0.16803822444499739,0.7111541470395839
6B,2,0.11609739913303009,0.2731826696287781,0.6107199312381919
6B,2,0.14045867224083888,0.23324034440966893,0.6263009833494922
6B,2,0.3208235467093615,0.15106867430875215,0.5281077789818863
6B,2,0.14214447008159353,0.08090583969950296,0.7769496902189035
6B,2,0.1591254002376301,0.4592799951306251,0.3815946046317448
6B,2,0.16912262303345,0.057535241348743195,0.7733421356178068
6B,2,0.24465961282048945,0.07024803578278806,0.6850923513967225
6B,2,0.16020376313356247,0.04155099252321284,0.7982452443432246
6B,2,0.09780986447550176,0.033070056537382715,0.8691200789871155
6B,2,0.07767266475858324,0.04568132056988684,0.8766460146715299
6B,2,0.15514033067763763,0.041514664720545685,0.8033450046018167
6B,2,0.11324307192964575,0.0329005052859044,0.8538564227844498
6B,2,0.08584202582378797,0.029339148166355213,0.8848188260098567
6B,2,0.14591667467934424,0.05098196613769842,0.8031013591829574
6B,2,0.15296863552674841,0.036333854066596796,0.8106975104066548
6B,2,0.12015584416847096,0.05937164581829299,0.820472510013236
6B,2,0.572330540946552,0.01842978042154456,0.40923967863190347
6B,2,0.15019308778969548,0.03596308779808779,0.8138438244122168
6B,2,0.023224459477865597,0.40296617979104177,0.5738093607310926
6B,2,0.048982038219550834,0.06788381518437629,0.8831341465960729
6B,2,0.1507481912158933,0.07161579335893656,0.7776360154251701
6B,2,0.0900690109772855,0.02723894108357117,0.8826920479391432
6B,2,0.12898190659156797,0.057894258020979986,0.813123835387452
6B,2,0.0412642199559019,0.18962269615775132,0.7691130838863467
6B,2,0.0856961395718132,0.05712567686733631,0.8571781835608505
6B,2,0.044513078578110925,0.028784024374822206,0.9267028970470669
6B,2,0.0363237900932594,0.0618824530389263,0.9017937568678143
6B,2,0.17405322778281437,0.14225620445956924,0.6836905677576164
6B,2,0.19090840233990833,0.09442012839231276,0.7146714692677789
6B,2,0.07678106239828088,0.09880071797501289,0.8244182196267063
6B,2,0.19074520821517285,0.03824788653586641,0.7710069052489609
6B,2,0.11623864816186984,0.10314755901255879,0.7806137928255714
6B,2,0.0935386314509389,0.11266282628523504,0.7937985422638261
6B,2,0.0909941902523312,0.08412925969951415,0.8248765500481547
6B,2,0.0810508103719788,0.04150508284675187,0.8774441067812694
6B,2,0.049100750034899394,0.030604863973148023,0.9202943859919526
6B,2,0.06527040879370324,0.06592423258367036,0.8688053586226264
6B,2,0.07928463218813132,0.019798766093949094,0.9009166017179195
6B,2,0.07004730667381379,0.052224732480772154,0.8777279608454139
6B,2,0.10094713336258974,0.12675426580473748,0.7722986008326729
6B,2,0.055846436798274356,0.03233324030568139,0.9118203228960443
6B,2,0.05158793668066372,0.05788448962084574,0.8905275736984906
6B,2,0.06823535553223192,0.03261366791982658,0.8991509765479416
6B,2,0.07534958120814945,0.03975760928060002,0.8848928095112505
6B,2,0.06668049564995954,0.11752200819458791,0.8157974961554526
6B,2,0.08596275606068197,0.0761881694545693,0.8378490744847488
6B,2,0.041822491450129444,0.02846939053201731,0.9297081180178534
6B,2,0.05464890974170283,0.2879065151977707,0.6574445750605264
6B,2,0.16688701106704568,0.20465773379913466,0.6284552551338197
6B,2,0.22056729336040323,0.3146092021627154,0.4648235044768813
6B,2,0.06150530290020637,0.8101947307942594,0.1282999663055343
6B,2,0.06252061095307868,0.19091926375035467,0.7465601252965667
6B,2,0.1291700177729134,0.04210302380183606,0.8287269584252506
6B,2,0.07755754607233986,0.043617848172318646,0.8788246057553414
6B,2,0.057865138573838695,0.681632866235554,0.2605019951906074
6B,2,0.0218568502927436,0.6918781436184801,0.28626500608877636
6B,2,0.05323281444236724,0.7179695924540741,0.22879759310355868
6B,2,0.0358789794907006,0.5976423517890536,0.3664786687202458
6B,2,0.016324171711544003,0.7304879458189399,0.25318788246951607
6B,2,0.04289899418609152,0.40992382757513723,0.5471771782387712
6B,2,0.03227740217117356,0.4932891334845508,0.4744334643442757
6B,2,0.18434640867457544,0.39954466291166546,0.4161089284137592
6B,2,0.04699812248885717,0.8307252353289455,0.12227664218219733
6B,2,0.05569195667472474,0.8152107681203382,0.12909727520493705
6B,2,0.02237692417939334,0.7316975460986616,0.24592552972194515
6B,2,0.039826611596095254,0.7492448037375232,0.21092858466638154
6B,2,0.038567519012130846,0.5934467124554715,0.3679857685323975
6B,2,0.05926421018823407,0.43435091620721095,0.5063848736045551
6B,2,0.03029938932694232,0.7550684988225912,0.21463211185046643
6B,2,0.0683162388171048,0.5137413492210312,0.41794241196186416
6B,2,0.032671489197702595,0.9049234480288878,0.06240506277340963
6B,2,0.040418941056946975,0.7808979267696012,0.17868313217345178
6B,2,0.056756722250923465,0.6192344715966794,0.324008806152397
6B,2,0.10742757030973524,0.44081192371360334,0.4517605059766615
6B,2,0.058510132461775645,0.8255601751628441,0.11592969237538014
6B,2,0.16731963519991344,0.40894275024950794,0.42373761455057873
6B,2,0.10370133949772266,0.645040731384938,0.25125792911733935
6B,2,0.051733441662273616,0.6974099108617725,0.25085664747595393
6B,2,0.12785902005823085,0.7655347624732943,0.10660621746847482
6B,2,0.08288960031645232,0.7491059157888498,0.16800448389469777
6B,2,0.03105441846982337,0.8450196228275462,0.12392595870263035
6B,2,0.07027071950252226,0.7356507065618192,0.19407857393565855
6B,2,0.02120402390824487,0.619921087232737,0.35887488885901814
6B,2,0.0468605999031162,0.5889750296178933,0.3641643704789905
6B,2,0.07370281821525508,0.3795289745603852,0.5467682072243597
6B,2,0.14171173697992034,0.6683235707426334,0.18996469227744625
6B,2,0.08076125167879199,0.6137327282313515,0.30550602008985656
6B,2,0.11848093717721542,0.559670375908524,0.3218486869142606
6B,2,0.04205665406031682,0.6029622863560484,0.3549810595836348
6B,2,0.06646014216092098,0.5311223363049378,0.4024175215341413
6B,2,0.10410331352854428,0.6971487800220066,0.1987479064494491
6B,2,0.1391946601718947,0.051715946449206934,0.8090893933788984
6B,2,0.06724591477195835,0.05208198089227821,0.8806721043357634
6B,2,0.03897288575125476,0.02793050844538172,0.9330966058033635
6B,2,0.09355913827448467,0.06742105829618812,0.8390198034293272
6B,2,0.09546496631929337,0.06645337447004583,0.8380816592106608
6B,2,0.18221572468104238,0.0904996514738273,0.7272846238451303
6B,0,0.2648739046180475,0.08704711874524207,0.6480789766367105
6B,0,0.20197173119448916,0.024587720114238723,0.7734405486912722
6B,0,0.19238233411118894,0.05685303600659596,0.7507646298822152
6B,0,0.20262432340901146,0.0928296689717055,0.7045460076192831
6B,0,0.23466392703393424,0.10890174821807781,0.656434324747988
6B,0,0.25495537432635484,0.06873375215645411,0.6763108735171911
6B,0,0.17047233613590956,0.04493393314191869,0.7845937307221718
6B,0,0.3262422911847197,0.05262687158526937,0.621130837230011
6B,0,0.15625544272000189,0.023564057035210754,0.8201805002447875
6B,0,0.30067537104092773,0.05147769515218366,0.6478469338068885
6B,0,0.17140200918437146,0.04592703848753548,0.782670952328093
6B,0,0.2690477473348225,0.07169951687211369,0.6592527357930638
6B,0,0.18015412087078525,0.02552438941355162,0.7943214897156632
6B,0,0.20316232986663038,0.03778383475786339,0.7590538353755063
6B,0,0.3062013395076349,0.04990664303671033,0.6438920174556548
6B,0,0.2338674390700617,0.07172248625709898,0.6944100746728393
6B,0,0.17562028494881712,0.03883424742547368,0.7855454676257091
6B,0,0.09867139526057554,0.04630059208599655,0.8550280126534278
6B,0,0.1246566972105888,0.056870433192767404,0.8184728695966439
6B,0,0.14798705671152732,0.07005079693768947,0.7819621463507832
6B,0,0.17119092509635656,0.033618583757711394,0.795190491145932
6B,0,0.07787822960377169,0.015291285960026007,0.9068304844362023
6B,0,0.1026659415376388,0.019757279168565647,0.8775767792937955
6B,0,0.12220596951432326,0.01995477689371087,0.8578392535919659
6B,0,0.23584503851802474,0.0569296174253425,0.7072253440566327
6B,0,0.2913230749127948,0.05744088478439153,0.6512360403028138
6B,0,0.34857734185350325,0.15678039972048521,0.49464225842601156
6B,0,0.1684116039707178,0.0912021288643431,0.7403862671649392
6B,0,0.2767319150239385,0.07693977827885322,0.6463283066972083
6B,0,0.1897908900694266,0.08643850425385938,0.723770605676714
6B,2,0.11854518163267404,0.03203557369491785,0.849419244672408
6B,2,0.1353339656414279,0.055661736605739934,0.8090042977528321
6B,2,0.11335100765348749,0.042759811212246875,0.8438891811342657
6B,2,0.2007844900771915,0.09996572958714722,0.6992497803356613
6B,2,0.3126215347688896,0.11841200237258502,0.5689664628585255
6B,2,0.2134789145619905,0.08504807888929963,0.7014730065487099
6B,2,0.30544245484580856,0.06860318146557015,0.6259543636886213
6B,2,0.22227656711568092,0.05857382169594842,0.7191496111883706
6B,2,0.16720183499904928,0.0425064346867388,0.7902917303142118
6B,2,0.19960382838982368,0.04455110401003923,0.7558450676001371
6B,2,0.21946345917397286,0.1381790514356642,0.642357489390363
6B,2,0.21701866658245636,0.06783900540205633,0.7151423280154873
6B,2,0.2743522600492646,0.10451294340427363,0.6211347965464618
6B,2,0.16849521570679016,0.054060431607720824,0.7774443526854891
6B,2,0.30584133252337736,0.06549718306666368,0.628661484409959
6B,2,0.203359900956483,0.08610791163745156,0.7105321874060655
6B,2,0.10405884519840973,0.041761932354709416,0.8541792224468808
6B,2,0.054446939314063345,0.013500809044929573,0.9320522516410071
6B,2,0.06721972386639229,0.04605425143835653,0.8867260246952511
6B,2,0.21737415702868418,0.05822773784692672,0.7243981051243892
6B,2,0.17271149393554736,0.03311579773007406,0.7941727083343786
6B,2,0.12667989634935198,0.05608313734647799,0.81723696630417
6B,2,0.14414891133512245,0.06143204284157974,0.7944190458232979
6B,2,0.13322027184831828,0.09700626652858013,0.7697734616231016
6B,2,0.2148015962989944,0.21059961096502125,0.5745987927359844
6B,2,0.12319568648440227,0.09389959923110405,0.7829047142844937
6B,2,0.23422580233361562,0.10094682564408194,0.6648273720223024
6B,2,0.20008968311624387,0.049399926598418326,0.7505103902853377
6B,2,0.2355469201492704,0.05048670603347139,0.7139663738172581
6B,2,0.2753295164898986,0.12488048407987815,0.5997899994302233
6B,2,0.3020560986538478,0.06256879449183836,0.6353751068543139
6B,2,0.28635809310909177,0.04304645380371064,0.6705954530871975
6B,2,0.22044999168821183,0.04140116748883062,0.7381488408229576
6B,2,0.11071620629294492,0.04156392057700512,0.84771987313005
6B,2,0.11100050554624821,0.025112773829891768,0.8638867206238601
6B,2,0.08454126835648965,0.06180522478799997,0.8536535068555103
6B,2,0.12790567218729157,0.18563177141104956,0.6864625564016589
6B,2,0.15331442121801128,0.05830547883916855,0.7883800999428203
6B,2,0.11061333697127876,0.04820497351601863,0.8411816895127026
6B,2,0.1669331967906974,0.052870565346195206,0.7801962378631074
6B,2,0.11642567978740824,0.031711932784470924,0.8518623874281209
6B,2,0.2046853466791003,0.03222801159890906,0.7630866417219906
6B,2,0.2044895095344872,0.05476313177017008,0.7407473586953427
6B,2,0.20651102770352525,0.1433178123945677,0.6501711599019071
6B,2,0.07121018453932798,0.017155019919034196,0.9116347955416378
6B,2,0.1624289708207323,0.04095446805567437,0.7966165611235934
6B,2,0.26450911565002416,0.047879606615151366,0.6876112777348244
6B,2,0.23838132819721952,0.09188120141781371,0.6697374703849667
6B,2,0.12338893710150059,0.19659808793371064,0.6800129749647889
6B,2,0.18829094962186257,0.29670144499100387,0.5150076053871335
6B,2,0.2494060824881609,0.5347258306546737,0.21586808685716538
6B,2,0.13144456095236864,0.08463991233300174,0.7839155267146296
6B,2,0.1466491752684957,0.06816078092863596,0.7851900438028684
6B,2,0.2079629593555957,0.05214934011854994,0.7398877005258544
6B,2,0.0872095265313699,0.10355412580837871,0.8092363476602514
6B,2,0.2820631126270911,0.22597236147845784,0.491964525894451
6B,2,0.4752674257334504,0.10901470632484818,0.41571786794170135
6B,2,0.21726324261106789,0.15580444775565544,0.6269323096332767
6B,2,0.4047060460464946,0.12015158664755694,0.47514236730594844
6B,2,0.27001589424931904,0.31043474831815715,0.419549357432524
6B,2,0.18632719963509436,0.17345767776817136,0.6402151225967342
6B,2,0.2562002648885736,0.24425561951339708,0.4995441155980293
6B,2,0.07501284771664725,0.10983607128916185,0.815151080994191
6B,2,0.1414504777630474,0.17802119632006272,0.6805283259168899
6B,2,0.09839779125280297,0.09722823149749067,0.8043739772497063
6B,2,0.06706564146754884,0.04131331184714763,0.8916210466853036
6B,2,0.080852068692379,0.07486868638014968,0.8442792449274713
6B,2,0.08425779054568955,0.0807886003713492,0.8349536090829613
6B,2,0.08702290003292168,0.0993921544467391,0.8135849455203392
6B,2,0.060700528095662044,0.13923699816083432,0.8000624737435036
6B,2,0.1286239081409064,0.0952107299306413,0.7761653619284523
6B,2,0.08901420401099923,0.049489092160261546,0.8614967038287392
6B,2,0.08933181753618867,0.0523941142065741,0.8582740682572372
6B,2,0.07162940351143494,0.08178890174432807,0.846581694744237
6B,2,0.09113704400581406,0.12944019291620065,0.7794227630779852
6B,2,0.1437575022353244,0.14797954411262543,0.7082629536520503
6B,2,0.10970826676805477,0.18043390002799747,0.7098578332039478
6B,2,0.09575504636672864,0.10709865140201355,0.7971463022312577
6B,2,0.13137336345230669,0.1552276052854408,0.7133990312622525
6B,2,0.08250546812842231,0.0949037798130898,0.8225907520584879
6B,2,0.10804017735906397,0.24917595297052303,0.6427838696704129
6B,2,0.14999347671041308,0.2645580645598059,0.585448458729781
6B,2,0.22636868592582868,0.2850622864558831,0.48856902761828824
6B,2,0.1718101164023977,0.2553247701152756,0.5728651134823267
6B,2,0.04770653701169024,0.07512772458664291,0.8771657384016669
6B,2,0.1313457883236423,0.174854547961692,0.6937996637146656
6B,2,0.1914028127947501,0.2599338685955947,0.5486633186096552
6B,2,0.09868149817599181,0.22408335244448271,0.6772351493795254
6B,2,0.051590083712664755,0.3628858995331355,0.5855240167541998
6B,2,0.07593816164453393,0.28081427703983924,0.6432475613156268
6B,2,0.24500506025874902,0.3433996178877173,0.41159532185353365
6B,2,0.1820979670760953,0.200083745942078,0.6178182869818267
6B,2,0.09285648584085839,0.12163784161522209,0.7855056725439196
6B,2,0.08349121183278112,0.09047740357743819,0.8260313845897808
6B,2,0.1583753724579208,0.13711210552803266,0.7045125220140466
6B,2,0.16419990050318434,0.04478778791590935,0.7910123115809063
6B,2,0.1298971148091243,0.024542288564305702,0.84556059662657
6B,2,0.17538376032784725,0.0922997546413981,0.7323164850307546
6B,2,0.15336478747863655,0.17247655802249334,0.67415865449887
6B,2,0.25178060510871303,0.1248001260878721,0.6234192688034148
6B,2,0.22639486804016332,0.10797540445679381,0.665629727503043
6B,2,0.0979951258717652,0.022634898709664068,0.8793699754185706
6B,2,0.2159840976163519,0.024250674242354487,0.7597652281412935
6B,2,0.3788847319613523,0.019791171192010112,0.6013240968466376
6B,2,0.1189638855528905,0.027569333800460387,0.853466780646649
6B,2,0.29433268980228566,0.025315077957091744,0.6803522322406226
6B,2,0.3408513679837089,0.026444830868980144,0.632703801147311
6B,2,0.25571632885912593,0.023498875399034117,0.7207847957418398
6B,2,0.46687843415775054,0.03780458734439177,0.4953169784978577
6B,2,0.39663020630026635,0.04033021459911278,0.563039579100621
6B,2,0.06746847195630994,0.02567974863062203,0.906851779413068
6B,2,0.05016436839209299,0.025943192781534046,0.923892438826373
6B,2,0.09015757773616852,0.0544310155872103,0.8554114066766213
6B,2,0.13138722075943735,0.04951243147442754,0.819100347766135
6B,2,0.08418982667443868,0.04043282789161988,0.8753773454339414
6B,2,0.3028112723542698,0.05970838781594851,0.6374803398297817
6B,2,0.07324518474003207,0.023013667199760977,0.903741148060207
6B,2,0.2659552726461535,0.02127431419308563,0.712770413160761
6B,2,0.3945143655243408,0.029502316503570082,0.5759833179720891
6B,2,0.6064753532637729,0.013058932095678679,0.38046571464054846
6B,2,0.8512204697815599,0.006973870715811792,0.14180565950262838
6B,2,0.4562525754743168,0.04094504393682306,0.5028023805888602
6B,2,0.21682125594377907,0.034552883806173953,0.7486258602500468
6B,2,0.4710622123859787,0.027550703144749788,0.5013870844692716
6B,2,0.40900498573140315,0.02047066617962352,0.5705243480889735
6B,2,0.2239798953025374,0.045461847935325386,0.7305582567621373
6B,2,0.1924573106500492,0.021750002806826856,0.785792686543124
6B,2,0.5188761753958233,0.01858100386848963,0.46254282073568703
6B,2,0.3496372028704642,0.031479069338407245,0.6188837277911285
6B,2,0.22766948217484897,0.039398252977611,0.7329322648475401
6B,2,0.26479876403396085,0.03288519109656039,0.7023160448694787
6B,2,0.38064024571007826,0.03527383209429623,0.5840859221956255
6B,2,0.12760195634771443,0.1116064415516412,0.7607916021006443
6B,2,0.09676477017160261,0.08047181711744038,0.8227634127109571
6B,2,0.09350548693244179,0.03402406000692069,0.8724704530606376
6B,2,0.08719954193477969,0.06549493990927951,0.8473055181559408
6B,2,0.09698579350075978,0.09330621138537927,0.8097079951138609
6B,2,0.12241542158121783,0.051015359712585716,0.8265692187061965
6B,2,0.08043361261935815,0.16233528290728655,0.7572311044733553
6B,2,0.08087229352322152,0.11248720910115675,0.8066404973756217
6B,2,0.1485036526764309,0.135138175209812,0.7163581721137571
6B,2,0.08340774716321296,0.08409941705585401,0.832492835780933
6B,2,0.1283068726523535,0.10500702138942461,0.7666861059582218
6B,2,0.10131751684637338,0.1112172104015293,0.7874652727520973
6B,2,0.031442960858971816,0.02455098403529971,0.9440060551057285
6B,2,0.049058260066753755,0.03527393795221852,0.9156678019810277
6B,2,0.09961926150372837,0.056140413014590725,0.8442403254816808
6B,2,0.06998272061512768,0.03665686540714012,0.8933604139777321
6B,2,0.08377130903630556,0.05345671268213021,0.8627719782815642
6B,2,0.15206867998994208,0.1070876753615871,0.7408436446484707
6B,2,0.07751730154852302,0.049385456457499866,0.8730972419939771
6B,2,0.09314426012687409,0.05139122058848424,0.8554645192846416
6B,2,0.08203665399769783,0.02757384169100444,0.8903895043112977
6B,2,0.0910448023453135,0.03298974461810229,0.8759654530365841
6B,2,0.051733260010225185,0.1127015012370829,0.835565238752692
6B,2,0.12517830698608132,0.04560965096979283,0.8292120420441259
6B,2,0.17215980860843183,0.04979101141374428,0.7780491799778239
6B,2,0.11086347927909972,0.11776683881468311,0.771369681906217
6B,2,0.11286857568909095,0.06165930128766023,0.8254721230232489
6B,2,0.08438103495106192,0.02953126074973193,0.8860877042992061
6B,2,0.10234225236191018,0.08413331255630524,0.8135244350817846
6B,2,0.09115622868830611,0.08392839447582871,0.8249153768358651
6B,2,0.06411855684354896,0.05376426841415572,0.8821171747422953
6B,2,0.05608126443202254,0.06555691095826154,0.8783618246097159
6B,2,0.1016934927321346,0.09692673571375587,0.8013797715541096
6B,2,0.09755554578405988,0.06206432000495405,0.8403801342109861
6B,2,0.10541970644679151,0.08665770996897916,0.8079225835842294
6B,2,0.11441909874167366,0.2543493983247968,0.6312315029335295
6B,2,0.1199537029483957,0.18789888350306075,0.6921474135485436
6D,2,0.28361197912094727,0.03326818597897597,0.6831198349000768
6D,2,0.210041489194557,0.03241985509212502,0.7575386557133179
6D,2,0.19817689177994427,0.036387741406497524,0.7654353668135582
6D,2,0.16253172411378186,0.06384386775433551,0.7736244081318827
6D,2,0.13743415284423752,0.04928539094400898,0.8132804562117536
6D,2,0.1621492414030346,0.03075600636899683,0.8070947522279686
6D,2,0.09289220596856163,0.03277736931240982,0.8743304247190286
6D,2,0.22122729874302025,0.04091841828479026,0.7378542829721896
6D,2,0.17092337349939743,0.028897174399491667,0.800179452101111
6D,2,0.21612973242335265,0.03030299341965384,0.7535672741569935
6D,2,0.08302658817954436,0.03204620683916764,0.884927204981288
6D,2,0.06204233866956787,0.023512149106272237,0.9144455122241599
6D,2,0.10800792283939237,0.03529798257330535,0.8566940945873023
6D,2,0.08590140605013732,0.02470641450818242,0.8893921794416803
6D,2,0.12281210330432499,0.04368036700775959,0.8335075296879154
6D,2,0.10198456067672651,0.025705885755357837,0.8723095535679156
6D,2,0.11743434842421463,0.10638694434993577,0.7761787072258497
6D,2,0.10656885345686071,0.15793604856072976,0.7354950979824094
6D,2,0.09313002783758975,0.10952066475094369,0.7973493074114667
6D,2,0.07176864909079514,0.1521134876294426,0.7761178632797623
6D,2,0.0625062619116638,0.0494899780041254,0.8880037600842108
6D,2,0.08887751535099693,0.06963572077608327,0.8414867638729198
6D,2,0.048640297380598475,0.09161339396149606,0.8597463086579054
6D,2,0.09650882728058678,0.05197249023942506,0.8515186824799882
6D,2,0.09405196801160988,0.06115051630222628,0.8447975156861639
6D,2,0.12306074400015846,0.11091153718617315,0.7660277188136684
6D,2,0.10638216221525013,0.055766922732773255,0.8378509150519767
6D,2,0.13541438890907012,0.09584984237177899,0.7687357687191508
6D,2,0.09540005343838416,0.06435894054022556,0.8402410060213903
6D,2,0.0752836738485305,0.06668124027993874,0.8580350858715308
6D,2,0.07106628734432306,0.07735057227640517,0.8515831403792716
6D,2,0.08212252684107105,0.05580974912633017,0.8620677240325987
6D,2,0.09276148749466649,0.0911782628717127,0.8160602496336208
6D,2,0.10821347068433501,0.07705106564579657,0.8147354636698685
6D,2,0.08460900018607401,0.17305952984684161,0.7423314699670843
6D,2,0.2868556137734271,0.13793485576504247,0.5752095304615304
6D,2,0.21480226854636178,0.04310299814570035,0.7420947333079378
6D,2,0.1462076109537747,0.04171157489368795,0.8120808141525374
6D,2,0.21104646730508828,0.04467072886585413,0.7442828038290576
6D,2,0.20652416263180207,0.042673363921655855,0.7508024734465422
6D,2,0.17372288111968412,0.03261032313650183,0.793666795743814
6D,2,0.20753980969625516,0.03472264402644455,0.7577375462773004
6D,2,0.177532624214185,0.022961310076236804,0.7995060657095783
6D,2,0.3126888992416499,0.05829378936178925,0.6290173113965608
6D,2,0.32905043083137575,0.1547557469516301,0.5161938222169941
6D,2,0.2676406667588802,0.09749883925159084,0.6348604939895289
6D,0,0.18316407050714026,0.19721741296480294,0.6196185165280568
6D,0,0.28417951559743065,0.13016404936641973,0.5856564350361496
6D,0,0.10769815130942059,0.08519531658479097,0.8071065321057884
6D,0,0.27958971419825335,0.1533714835769784,0.5670388022247682
6D,0,0.27532988792474716,0.11956470658251503,0.6051054054927378
6D,0,0.2940981129498177,0.13640579935000804,0.5694960877001742
6D,0,0.28214908816933854,0.13868969346747087,0.5791612183631907
6D,0,0.30394899668444736,0.14827945579488255,0.54777154752067
6D,0,0.12448480405450968,0.14474552732142626,0.7307696686240641
6D,0,0.10818820466534951,0.13332407020016493,0.7584877251344856
6D,0,0.09910261869014103,0.08833162354017494,0.812565757769684
6D,0,0.2577054667270416,0.07805556584569408,0.6642389674272643
6D,0,0.0918354505673411,0.10062400290488402,0.8075405465277748
6D,0,0.12045694672631604,0.1315562315954471,0.7479868216782369
6D,0,0.26611603652922117,0.11734635544518088,0.616537608025598
6D,0,0.27235828010149793,0.14315305876128773,0.5844886611372143
6D,0,0.3353272751830325,0.10070302656728723,0.5639696982496802
6D,0,0.36488599032335206,0.08681930026365559,0.5482947094129923
6D,0,0.3042879721152472,0.17642222829233023,0.5192897995924226
6D,0,0.2919995119419162,0.12812815698859079,0.579872331069493
6D,0,0.3143185183603624,0.16528032783263633,0.5204011538070012
6D,0,0.3529712351795095,0.30547519352601177,0.3415535712944787
6D,0,0.27729718164053846,0.2176366538145722,0.5050661645448893
6D,0,0.11334391387587475,0.2229855126713676,0.6636705734527577
6D,0,0.18240262292246107,0.29400172602463304,0.5235956510529058
6D,0,0.20426280446159512,0.3692108556484788,0.42652633988992605
6D,0,0.27251199689343075,0.23134561635171155,0.49614238675485767
6D,0,0.26625223050675345,0.28687063266356727,0.4468771368296793
6D,0,0.32480784507180704,0.21857308889396634,0.4566190660342267
6D,0,0.26228922569016444,0.1988345955193186,0.538876178790517
6D,0,0.1074726874487641,0.17489606877223068,0.7176312437790052
6D,0,0.3227092382674731,0.271837934598746,0.4054528271337808
6D,0,0.30982362126503465,0.2288370166040041,0.4613393621309612
6D,0,0.3296827712509125,0.07845189578593109,0.5918653329631565
6D,0,0.3887157527377413,0.10005226403264718,0.5112319832296115
6D,0,0.31638542986498897,0.10358029063833447,0.5800342794966765
6D,0,0.28928660575815773,0.1442344817480318,0.5664789124938104
6D,0,0.41342026238629787,0.051717167088244344,0.5348625705254578
6D,0,0.44139302976526545,0.12017787656295219,0.43842909367178234
6D,0,0.38977705462691037,0.15752050722536187,0.45270243814772776
6D,0,0.35784195356278015,0.1049315455041122,0.5372265009331075
6D,0,0.3799531673551909,0.11748017242685123,0.5025666602179578
6D,0,0.40827142474610106,0.09483220917774814,0.4968963660761507
6D,0,0.3690192017654103,0.10145407268736209,0.5295267255472276
6D,0,0.36729240076200736,0.08946769678271743,0.5432399024552752
6D,0,0.3977499003980108,0.07610475403801677,0.5261453455639724
6D,0,0.3688430103036733,0.07975764137184607,0.5513993483244807
6D,0,0.3903517947470669,0.0863595640423087,0.5232886412106245
6D,0,0.2960866908719242,0.1846944180638488,0.519218891064227
6D,0,0.21214951849398894,0.08143005596328375,0.7064204255427272
6D,0,0.18412982682984452,0.07121994259058545,0.7446502305795699
6D,0,0.14500488780234008,0.021843957851083184,0.8331511543465768
6D,0,0.25862219703545664,0.024221864351441802,0.7171559386131016
6D,0,0.5478634385186197,0.025696860081186025,0.4264397014001942
6D,0,0.30579898695748264,0.01584123121818648,0.6783597818243309
6D,0,0.4038243106531822,0.021288773279064848,0.5748869160677529
6D,0,0.3135502986203233,0.02184259313234841,0.6646071082473282
6D,0,0.4286075589419741,0.03516117751478288,0.5362312635432431
6D,0,0.43046989677717706,0.027378570327032187,0.5421515328957908
6D,0,0.537821072228387,0.03004150168179548,0.4321374260898175
6D,0,0.31020847190758555,0.026423796998447827,0.6633677310939666
6D,0,0.30975782042397243,0.023571868993176013,0.6666703105828515
6D,0,0.1599441722501063,0.04644046521429351,0.7936153625356002
6D,0,0.07834067611002048,0.04507936012135921,0.8765799637686204
6D,0,0.7056792192203489,0.03313371132024138,0.26118706945940967
6D,0,0.6524791260078727,0.03528451331354232,0.31223636067858507
6D,0,0.5560570284563877,0.032366992853025765,0.41157597869058654
6D,0,0.5180295691836208,0.030844835456211066,0.45112559536016816
6D,0,0.6665338657929251,0.04163965744958303,0.291826476757492
6D,0,0.4390215561728782,0.02941668801634066,0.5315617558107811
6D,0,0.3145784215845375,0.10422656922294866,0.5811950091925138
6D,0,0.2961960688326906,0.09627539305156707,0.6075285381157424
6D,0,0.3071952272698293,0.11089421788876169,0.5819105548414091
6D,0,0.3106590708055493,0.1014025734742892,0.5879383557201615
6D,0,0.2954884542012606,0.10463945527622076,0.5998720905225187
6D,0,0.2690695264614514,0.1038003506479207,0.6271301228906279
6D,0,0.32796297182302975,0.13678922633334772,0.5352478018436226
6D,0,0.369737834020325,0.10851436742008738,0.5217477985595875
6D,0,0.3014519482114771,0.11444628815761716,0.5841017636309057
6D,0,0.3449719718191129,0.15352621684084092,0.5015018113400461
6D,0,0.3577131796883004,0.1073435456123017,0.534943274699398
6D,0,0.3396076410216029,0.10819506835531333,0.5521972906230838
6D,0,0.3358080791335764,0.17938928085415604,0.48480264001226747
6D,0,0.3252531344522676,0.12547459331228855,0.5492722722354438
6D,0,0.2532827587445172,0.09318246093466674,0.6535347803208159
6D,0,0.49005168941984345,0.02425838780990846,0.48568992277024814
6D,0,0.13866586550663929,0.028835162913583134,0.8324989715797776
6D,0,0.6084471438771124,0.027430241737211383,0.3641226143856761
6D,0,0.6120548528696673,0.045076477860881266,0.34286866926945136
6D,0,0.4348673676369789,0.12648529325690402,0.4386473391061171
6D,0,0.20558563779587855,0.05426767198431,0.7401466902198115
6D,0,0.914131167845372,0.03292246264171963,0.05294636951290844
6D,0,0.29191442626347663,0.13392101873380857,0.5741645550027148
6D,0,0.4007830415724269,0.059018589667156326,0.5401983687604167
6D,0,0.42376269855254267,0.0688657557975635,0.5073715456498938
6D,0,0.9194861462676908,0.025040751775928932,0.05547310195638017
6D,0,0.6006658606434772,0.019792959420989922,0.379541179935533
6D,0,0.72230211400769,0.01751198790921901,0.2601858980830911
6D,0,0.7581666424115654,0.05445110980860003,0.18738224777983464
6D,0,0.7941289207604038,0.058727696148165476,0.1471433830914308
6D,0,0.9112839481232553,0.02312878997167359,0.06558726190507115
6D,0,0.30943901220891534,0.0796095523835468,0.6109514354075377
6D,0,0.14958279876085015,0.05602543882670465,0.7943917624124451
6D,0,0.2203226163417527,0.059719741430525226,0.7199576422277221
6D,0,0.877292568904524,0.025362361218222943,0.09734506987725297
6D,0,0.2796047184425661,0.07689216230950356,0.6435031192479302
6D,0,0.4867562896782734,0.09087517212548742,0.4223685381962391
6D,0,0.45572943755740136,0.3044503990653728,0.23982016337722567
6D,0,0.9314124543614195,0.028230296953015994,0.04035724868556452
6D,0,0.9010010425694068,0.05696014784577015,0.04203880958482301
6D,0,0.9205988742270638,0.041788173089728604,0.037612952683207815
6D,0,0.8179402874116039,0.007924431656945096,0.174135280931451
6D,0,0.20047643610212415,0.0523399351564558,0.7471836287414201
6D,0,0.2877446546239743,0.06499596992038954,0.6472593754556362
6D,0,0.193908037275362,0.037261924926751434,0.7688300377978866
6D,0,0.1878335995802201,0.07465364452784344,0.7375127558919364
6D,0,0.14274397323831037,0.040344412405742665,0.8169116143559471
6D,0,0.1551070721752543,0.04098796396681313,0.8039049638579325
6D,0,0.5888388026415562,0.14712170781422906,0.2640394895442148
6D,0,0.501432136896222,0.15058495139613884,0.3479829117076392
6D,0,0.3774204354734328,0.06503502167814396,0.5575445428484233
6D,0,0.34217842464644105,0.08400113120033859,0.5738204441532204
6D,0,0.27866678844698806,0.04552069549108401,0.6758125160619279
6D,0,0.3963744539848482,0.06852528674671186,0.5351002592684398
6D,0,0.4032122995028029,0.0728975058223461,0.523890194674851
6D,0,0.33840066572078076,0.09854963718917356,0.5630496970900457
6D,0,0.5016827320625247,0.21528875463820132,0.283028513299274
6D,0,0.4182085455973088,0.06808264487011091,0.5137088095325804
6D,0,0.31735137538935543,0.041988693085781556,0.640659931524863
6D,0,0.405986231474381,0.06826180707832669,0.5257519614472922
6D,0,0.356408585343235,0.08829718935885696,0.555294225297908
6D,0,0.489037646487277,0.1527811438217551,0.35818120969096795
6D,0,0.86976708847395,0.019768793736924493,0.1104641177891255
6D,0,0.7300933242140909,0.09125534905314375,0.17865132673276532
6D,0,0.6843540070572767,0.05767588342494611,0.2579701095177771
6D,0,0.9293644261193393,0.03132511238711856,0.03931046149354213
6D,0,0.8647334654177294,0.02091093291657912,0.11435560166569149
6D,0,0.9032406177628415,0.04932451541925944,0.0474348668178991
6D,0,0.17374166598901117,0.12814610123422604,0.6981122327767628
6D,0,0.8486497223305697,0.023230367408201145,0.1281199102612292
6D,0,0.7129883140270207,0.03448905373067563,0.2525226322423037
6D,0,0.650015856283338,0.036834125067048966,0.31315001864961295
6D,0,0.518589754416138,0.05365018984018516,0.4277600557436768
6D,0,0.5382516711990887,0.06617262563204301,0.3955757031688683
6D,0,0.4337313404943443,0.0355222449511997,0.530746414554456
6D,0,0.4470310988970635,0.03448366210682958,0.5184852389961069
6D,0,0.47420690287574785,0.042286442971562824,0.4835066541526893
6D,0,0.49689848215794835,0.03346985169044264,0.46963166615160906
6D,0,0.6795217041220447,0.04517948258750949,0.2752988132904458
6D,0,0.645975880432628,0.041311163093903806,0.31271295647346825
6D,0,0.6620747503913985,0.03139633210760106,0.3065289175010004
6D,0,0.46460282740784603,0.03992198639563152,0.4954751861965224
6D,0,0.555677989483346,0.05660055500580018,0.3877214555108538
6D,0,0.6063405157623022,0.054111491495703046,0.33954799274199476
6D,0,0.5798572243959386,0.047097798216507857,0.37304497738755366
6D,0,0.582965083013027,0.04199053181633411,0.37504438517063887
6D,0,0.4122382013837687,0.12705345801024193,0.4607083406059895
6D,0,0.3226887041218801,0.0704213697518372,0.6068899261262827
6D,0,0.38402316310901885,0.07753371892542119,0.53844311796556
6D,0,0.3826101876289391,0.10279872029649,0.5145910920745709
6D,0,0.3092699285563126,0.09401093619746699,0.5967191352462204
6D,0,0.30676664553334576,0.07694183586133546,0.6162915186053188
6D,0,0.2742738714925925,0.06644101495688104,0.6592851135505264
6D,0,0.31071611942682376,0.09000658369388197,0.5992772968792942
6D,0,0.15850320895899886,0.04400395848828503,0.7974928325527161
6D,0,0.19007657945883305,0.05275645405273804,0.7571669664884288
6D,0,0.1568856806034647,0.0629253602273319,0.7801889591692035
6D,0,0.15562263481258404,0.03377762948427644,0.8105997357031396
6D,0,0.14325467759424657,0.03996672887332355,0.81677859353243
6D,0,0.15463803539509846,0.038122741025270176,0.8072392235796314
6D,0,0.2848905671817781,0.07409950281320268,0.6410099300050192
6D,0,0.2593271761676353,0.08474120895842266,0.655931614873942
6D,0,0.2770827600776672,0.08850136705028101,0.6344158728720518
6D,0,0.25117670453018115,0.06647346328279953,0.6823498321870193
6D,0,0.30083946043765397,0.056686545809594036,0.6424739937527519
6D,0,0.29169345709141453,0.0616185267631635,0.646688016145422
6D,0,0.25074828134770666,0.05724180642510731,0.692009912227186
6D,0,0.23565571553335402,0.06931285218770729,0.6950314322789387
6D,0,0.3314068059264798,0.09534903329575524,0.573244160777765
6D,0,0.2878978814729538,0.08882801927254041,0.6232740992545057
6D,0,0.29596374630773126,0.07415305790944321,0.6298831957828256
6D,0,0.3410505615739124,0.061762900248163013,0.5971865381779247
6D,0,0.4496744527709535,0.07241419878821946,0.47791134844082717
6D,0,0.49671851324159544,0.049360358404044014,0.45392112835436055
6D,0,0.45792127442388214,0.06548432776020714,0.4765943978159106
6D,0,0.48497170696155384,0.06298896763314996,0.4520393254052963
6D,0,0.4614791964403522,0.057499939592372866,0.48102086396727484
6D,0,0.45921303655109114,0.07510409325598748,0.4656828701929214
6D,0,0.40709272019173054,0.05159579073142615,0.5413114890768432
6D,0,0.37329208838277916,0.040327554844633795,0.5863803567725869
6D,0,0.43205039212516066,0.05456275307041422,0.5133868548044251
6D,0,0.335256138758766,0.04606573064967176,0.6186781305915623
6D,0,0.31895796116913844,0.1008167876212756,0.5802252512095859
6D,0,0.26695840702357043,0.07305689344586355,0.6599846995305659
6D,0,0.28924246523262687,0.07097514186530364,0.6397823929020695
6D,0,0.29553633441786864,0.12180349786703401,0.5826601677150973
6D,0,0.29727715640406577,0.09267128984889858,0.6100515537470357
6D,0,0.29323641575670745,0.09196988735972281,0.6147936968835697
6D,0,0.24555715207482204,0.14161502482183772,0.6128278231033404
6D,0,0.29090804425930267,0.10646475884994094,0.6026271968907564
6D,0,0.3026813568429217,0.10034403657805283,0.5969746065790256
6D,0,0.22221284818054157,0.1091926493718538,0.6685945024476047
6D,0,0.2847609926917185,0.12351618221098372,0.5917228250972978
6D,0,0.23727319751089895,0.13822229595809085,0.6245045065310102
6D,0,0.12365243483004161,0.0980859321783518,0.7782616329916066
6D,0,0.10174770207141953,0.10894288583183259,0.7893094120967479
6D,0,0.10178886091114397,0.11287942374738452,0.7853317153414715
6D,0,0.10156254949102957,0.10874464001383138,0.7896928104951391
6D,0,0.09266934734489432,0.11884894183766419,0.7884817108174415
6D,0,0.2519868804073873,0.09959176760092141,0.6484213519916914
6D,0,0.28225372682234184,0.12092786451639603,0.5968184086612621
6D,0,0.27086789717177157,0.08708638699842379,0.6420457158298046
6D,0,0.07668691812485616,0.08978471139420172,0.8335283704809421
6D,0,0.2403012920551287,0.21222749485337397,0.5474712130914974
6D,0,0.27497077851651935,0.13249927407700196,0.5925299474064787
6D,0,0.25674146543269893,0.1389421475507134,0.6043163870165876
6D,0,0.2798895762878754,0.10273553256190131,0.6173748911502233
6D,0,0.13748284537692282,0.08320971184237126,0.7793074427807059
6D,0,0.12061107909662482,0.16022894508023733,0.719159975823138
6D,0,0.13847722435475007,0.18810742663190616,0.6734153490133438
6D,0,0.27554364220419975,0.1832474670026267,0.5412088907931736
6D,0,0.25808923351659213,0.2082892499906698,0.5336215164927381
6D,0,0.31193049997342703,0.26039188630112164,0.4276776137254513
6D,0,0.2661513658891552,0.10501946003624527,0.6288291740745995
6D,0,0.14221022964516195,0.16282949111446243,0.6949602792403755
6D,0,0.1281260511240058,0.13241279753803864,0.7394611513379556
6D,0,0.1390681827404155,0.17509789796102931,0.6858339192985552
6D,0,0.33586732222202387,0.12993296191772158,0.5341997158602545
6D,0,0.36740350602328425,0.15161713418933945,0.4809793597873763
6D,0,0.3194099562638936,0.10404255748507334,0.576547486251033
6D,0,0.27321812496290654,0.09081322774435482,0.6359686472927387
6D,0,0.3355469102112078,0.1352043045560596,0.5292487852327326
6D,0,0.2705666333135184,0.2604750042000175,0.46895836248646405
6D,0,0.37426791898023115,0.10139819867133383,0.524333882348435
6D,0,0.3249631586563206,0.09003558884311214,0.5850012525005672
6D,0,0.3446103581758044,0.07882380705349148,0.5765658347707041
6D,0,0.2982174248238017,0.11237604625685814,0.5894065289193402
6D,0,0.28502405684108,0.07898930576748281,0.6359866373914371
6D,0,0.3477477386793886,0.15790412859843214,0.4943481327221792
6D,0,0.31661865656354526,0.0846660328972726,0.5987153105391823
6D,0,0.3685568707226078,0.0776233727336633,0.5538197565437288
6D,0,0.4178099292451094,0.08332584325056425,0.49886422750432646
6D,0,0.3695900450643052,0.096274549044112,0.5341354058915827
6D,0,0.42599059648412235,0.09594976520583669,0.4780596383100409
6D,0,0.5146031031238907,0.0916178115828557,0.3937790852932536
6D,0,0.4997822965367765,0.09162032438369437,0.4085973790795291
6D,0,0.42867373543541637,0.10997212422660561,0.461354140337978
6D,0,0.2929173378810644,0.10207798964423999,0.6050046724746956
6D,0,0.29125292942014375,0.0952799662023082,0.613467104377548
6D,0,0.4169913704887369,0.09542423773296883,0.48758439177829427
6D,0,0.3897907903883178,0.11841376537107999,0.4917954442406022
6D,0,0.27671818365160733,0.137037445724563,0.5862443706238296
6D,0,0.28119665868954735,0.046715154187156493,0.6720881871232961
6D,0,0.29234907207023914,0.04652793901195255,0.6611229889178084
6D,0,0.30274630528531266,0.07740011932851039,0.6198535753861769
6D,0,0.15895466345737178,0.060018478005964285,0.781026858536664
6D,0,0.2435488447070799,0.09863142199183984,0.6578197333010802
6D,0,0.2814233820994836,0.07516331496711164,0.6434133029334047
6D,0,0.2214142436716183,0.06673050876312081,0.7118552475652609
6D,0,0.21342626869132184,0.04377146550658992,0.7428022658020883
6D,0,0.26083212853497295,0.11189470805020886,0.6272731634148183
6D,0,0.33606841353540384,0.07388912924067749,0.5900424572239187
7A,2,0.1648875528675221,0.005527757771906392,0.8295846893605716
7A,2,0.16030424523331271,0.0053584994135966275,0.8343372553530907
7A,2,0.10103529289990493,0.006923506131027399,0.8920412009690677
7A,2,0.07780070294028245,0.005781991339234503,0.9164173057204831
7A,2,0.09931361760264687,0.006473663502031977,0.8942127188953212
7A,2,0.10080407809778827,0.007090394771791926,0.8921055271304199
7A,2,0.11874213955538525,0.0069568968682766985,0.8743009635763381
7A,2,0.06599544012854647,0.008359186509554393,0.9256453733618992
7A,2,0.09680420668896283,0.008673973494357971,0.8945218198166792
7A,2,0.06948450115496665,0.009795783902366722,0.9207197149426666
7A,2,0.07801807623587448,0.008217541590998401,0.913764382173127
7A,2,0.13608011944657145,0.00908803291301872,0.8548318476404098
7A,2,0.08093926451827316,0.007329951151862207,0.9117307843298647
7A,2,0.1422333027086283,0.005856447957166255,0.8519102493342054
7A,2,0.06278859070459207,0.006129218527909754,0.9310821907674982
7A,2,0.06727617400921707,0.009136826386789271,0.9235869996039937
7A,2,0.09691661936147607,0.005759584886985157,0.8973237957515388
7A,2,0.10446509246150079,0.006469602040159823,0.8890653054983394
7A,2,0.15466790356475993,0.007947797328336786,0.8373842991069034
7A,2,0.09934451140046666,0.005944604230180359,0.894710884369353
7A,2,0.17601387551354725,0.007389390751227156,0.8165967337352256
7A,2,0.140235836409485,0.005887385639123206,0.8538767779513917
7A,2,0.11781690976182155,0.006908831071657239,0.8752742591665212
7A,2,0.07139881822571914,0.006557501257487848,0.922043680516793
7A,2,0.12063901465032278,0.006677475327524065,0.8726835100221532
7A,2,0.10125207170429255,0.005869384087653739,0.8928785442080537
7A,2,0.11207882681410089,0.007062874402186618,0.8808582987837125
7A,2,0.08017658863353735,0.00822481581092701,0.9115985955555356
7A,2,0.04391623448701444,0.009321145872689106,0.9467626196402964
7A,2,0.028865879680740572,0.03560813929506288,0.9355259810241966
7A,2,0.029835151565156162,0.05574138017511283,0.9144234682597311
7A,2,0.05080468860913622,0.04184729297253785,0.9073480184183258
7A,2,0.33114729388034503,0.03420376133695747,0.6346489447826975
7A,2,0.028344285983382823,0.053109658668567525,0.9185460553480498
7A,2,0.10391917200060978,0.042988839458756645,0.8530919885406335
7A,2,0.04561393850629553,0.06831699164268563,0.8860690698510189
7A,2,0.05640507970838683,0.06354930836294573,0.8800456119286674
7A,2,0.05322687056239531,0.0319876919354164,0.9147854375021883
7A,2,0.053481764866654506,0.039520878559888485,0.906997356573457
7A,2,0.02667826650139783,0.06337308909053124,0.9099486444080709
7A,2,0.056655631622683326,0.05838906637444624,0.8849553020028704
7A,2,0.0369547554291485,0.03697878850687878,0.9260664560639728
7A,2,0.036944630513095024,0.016431329901833786,0.9466240395850712
7A,2,0.03073303112395862,0.07780280227193542,0.891464166604106
7A,2,0.06219078949652445,0.04335033440775785,0.8944588760957178
7A,2,0.0442822955689645,0.03583212356464245,0.919885580866393
7A,2,0.03612105136267086,0.03189754344931226,0.931981405188017
7A,2,0.0620326338688835,0.03037270020772506,0.9075946659233913
7A,2,0.04977276809973879,0.0528653919626757,0.8973618399375856
7A,2,0.052256152637661465,0.08884703731933621,0.8588968100430023
7A,2,0.0163884879472492,0.05545126350570008,0.9281602485470507
7A,2,0.020325400980445725,0.03824752475512914,0.9414270742644251
7A,2,0.025983690998391908,0.053492863071489566,0.9205234459301186
7A,2,0.02510175320484233,0.046980885209292514,0.9279173615858651
7A,2,0.03801111656510239,0.05080488611026942,0.9111839973246283
7A,2,0.03663164987066538,0.0871289096475872,0.8762394404817474
7A,2,0.04941314262809418,0.1061898157094694,0.8443970416624363
7A,2,0.029677874977286783,0.07997884053535247,0.8903432844873608
7A,2,0.028333945561898853,0.05524393565350579,0.9164221187845953
7A,2,0.05887935580977602,0.022690887302090124,0.918429756888134
7A,2,0.03206083532995741,0.04301730339503814,0.9249218612750045
7A,2,0.03946200582628527,0.05739963231132443,0.9031383618623903
7A,2,0.054622715111303004,0.04916119646504852,0.8962160884236485
7A,2,0.15129837662384774,0.02158634793720193,0.8271152754389502
7A,2,0.0552398762967343,0.11105035001707345,0.8337097736861924
7A,2,0.03849729654782806,0.051798231464431146,0.9097044719877407
7A,2,0.04116601510974517,0.06321617454028332,0.8956178103499715
7A,2,0.028982085400832688,0.10666129926306665,0.8643566153361006
7A,2,0.01964247392933005,0.02594449417059254,0.9544130319000773
7A,2,0.024802640641907632,0.09121267514581215,0.8839846842122803
7A,2,0.040932531114525314,0.059394182662451195,0.8996732862230236
7A,2,0.17491908717062266,0.007637786111164832,0.8174431267182125
7A,2,0.16018491535551013,0.010275911466797294,0.8295391731776925
7A,2,0.10467033012742956,0.014706734980004426,0.880622934892566
7A,2,0.11239856545039707,0.007739590133981378,0.8798618444156217
7A,2,0.08424490855770149,0.00536886945969866,0.9103862219825998
7A,2,0.10227027690877763,0.006934756301251706,0.8907949667899707
7A,2,0.0697767730822097,0.005344775600813322,0.924878451316977
7A,2,0.06757504550708308,0.005127816732788092,0.9272971377601289
7A,2,0.058337160057817,0.004686617915668755,0.9369762220265142
7A,2,0.07671113704061727,0.005913044314810031,0.9173758186445726
7A,2,0.07846662341078715,0.006652019935838403,0.9148813566533743
7A,2,0.08940214684323353,0.009024660012561702,0.9015731931442048
7A,2,0.2648198037866337,0.010947750599570196,0.7242324456137961
7A,2,0.21262776745688636,0.010390842395042418,0.7769813901480712
7A,2,0.10536429110427664,0.010450814274479574,0.8841848946212438
7A,2,0.24423211739811707,0.006353893916154158,0.7494139886857288
7A,2,0.17881008745703492,0.005370925387730244,0.8158189871552348
7A,2,0.29342792236363646,0.005922868240518608,0.7006492093958449
7A,2,0.22009244432159342,0.005885950476117537,0.774021605202289
7A,2,0.15515458080764036,0.007234668560990001,0.8376107506313696
7A,2,0.16842890496162566,0.007009801310619325,0.824561293727755
7A,2,0.24520045171725594,0.00792874850354899,0.746870799779195
7A,2,0.255044154343874,0.005138926776950998,0.739816918879175
7A,2,0.10645088593315655,0.007218099398686276,0.8863310146681572
7A,2,0.17759075676731434,0.006432745286907972,0.8159764979457778
7A,2,0.11166300861615905,0.007777630543768914,0.8805593608400719
7A,2,0.09138282124676533,0.00783188158037501,0.9007852971728596
7A,2,0.06264237102560881,0.005793189268845259,0.9315644397055458
7A,2,0.08583427607914151,0.004218923388624162,0.9099468005322343
7A,2,0.07966860153400356,0.005228167738062377,0.9151032307279341
7A,2,0.07159995431771372,0.007920870498851214,0.9204791751834351
7A,2,0.07328094591927727,0.006390478204204692,0.9203285758765181
7A,2,0.05687013389156577,0.004730647347796379,0.9383992187606379
7A,2,0.27592975326324726,0.01085589473766093,0.7132143519990918
7A,2,0.19295320934911356,0.009272725218687458,0.797774065432199
7A,2,0.15261854667541402,0.008224204315572095,0.8391572490090138
7A,2,0.2022151131389574,0.014810388352985518,0.782974498508057
7A,2,0.28479314239231673,0.011884354318701188,0.703322503288982
7A,2,0.1354022837227024,0.009165355409614055,0.8554323608676835
7A,2,0.15063202630621456,0.008372126495487941,0.8409958471982976
7A,2,0.2539260671041628,0.011350642570013815,0.7347232903258233
7A,2,0.31892169797267966,0.011761886700356985,0.6693164153269633
7A,2,0.16979946258888537,0.010766970164463388,0.8194335672466512
7A,2,0.16712158979494765,0.01034084866904309,0.8225375615360092
7A,2,0.18569663527593544,0.017946036916701876,0.7963573278073626
7A,2,0.10889679919091862,0.04813708433971121,0.8429661164693701
7A,2,0.04077537898946813,0.032868326135428345,0.9263562948751036
7A,2,0.14002767714495157,0.012262720693214086,0.8477096021618343
7A,2,0.10882576180797326,0.009095546656816887,0.8820786915352099
7A,2,0.20097683476692557,0.018574614687730598,0.7804485505453438
7A,2,0.0755668745039138,0.010952878934441156,0.913480246561645
7A,2,0.14900533144216938,0.012074539462244543,0.8389201290955861
7A,2,0.13237366125155905,0.010942848631076908,0.8566834901173641
7A,2,0.10697178397679447,0.012014054410155283,0.8810141616130504
7A,2,0.10248540926924765,0.010696626450025426,0.8868179642807269
7A,2,0.11410814493354837,0.011109921919743374,0.8747819331467082
7A,2,0.21163893638422748,0.014647419477069771,0.7737136441387027
7A,2,0.1801833124181659,0.00904410375774123,0.8107725838240929
7A,2,0.21369609951568658,0.01447914462630451,0.7718247558580088
7A,2,0.19956148369209095,0.011265474938990439,0.7891730413689186
7A,2,0.12443224527944147,0.011557217192645852,0.8640105375279128
7A,2,0.27232914581644563,0.02147996022898334,0.706190893954571
7A,2,0.1399266730897633,0.010511708188667477,0.8495616187215692
7A,2,0.20584552325270486,0.017070200219798753,0.7770842765274963
7A,2,0.1307470642913795,0.010058646163692179,0.8591942895449283
7A,2,0.15198240824779746,0.009435401716187976,0.8385821900360145
7A,2,0.12972027322237303,0.010063123203585404,0.8602166035740416
7A,2,0.11321967318748985,0.011266023545739336,0.8755143032667707
7A,2,0.13799951340208086,0.01168447543140925,0.8503160111665098
7A,2,0.26944389593689155,0.012229222141288696,0.7183268819218198
7A,2,0.2186053144922504,0.00836558691787546,0.7730290985898741
7A,2,0.2803074059706396,0.010823487224085281,0.7088691068052753
7A,2,0.14164668364807978,0.00968771566936464,0.8486656006825556
7A,2,0.16422582637179348,0.009013249457457862,0.8267609241707488
7A,2,0.2372067910571863,0.010653188065921863,0.7521400208768918
7A,2,0.23393223485166087,0.011254546251676203,0.7548132188966629
7A,2,0.20322238522786623,0.015909088904153875,0.78086852586798
7A,2,0.2822288682355594,0.0266423136378418,0.6911288181265988
7A,2,0.19806585865583556,0.014883869595373207,0.7870502717487912
7A,2,0.06395866288095502,0.17103090283237876,0.7650104342866663
7A,2,0.07295009196559295,0.08905340585238464,0.8379965021820224
7A,2,0.07055546770349796,0.14174263808086449,0.7877018942156375
7A,2,0.06589371387946305,0.24373710911967705,0.6903691770008599
7A,2,0.10349673553539454,0.19142175156542574,0.7050815128991798
7A,2,0.06597691284334228,0.10187949196638388,0.8321435951902738
7A,2,0.04417771937416542,0.104137846346078,0.8516844342797565
7A,2,0.0936597525893612,0.04885729694334792,0.8574829504672908
7A,2,0.04922162509491767,0.10268448171882127,0.848093893186261
7A,2,0.03560207153729746,0.07811780094819616,0.8862801275145064
7A,2,0.052170925076049,0.0586646549362618,0.8891644199876891
7A,2,0.023384782687499245,0.10648781001628325,0.8701274072962175
7A,2,0.039078233481977157,0.040973979084584486,0.9199477874334383
7A,2,0.02808823714617655,0.08685169057205287,0.8850600722817705
7A,2,0.07175041159584755,0.07620010500924793,0.8520494833949046
7A,2,0.05711182586211013,0.07447752006149172,0.8684106540763981
7A,2,0.04584641459243611,0.06624356231030137,0.8879100230972625
7A,2,0.042849736926973865,0.11993214440910531,0.8372181186639209
7A,2,0.051423537566776624,0.12803701696289813,0.8205394454703253
7A,2,0.02981523620790594,0.11029117544877741,0.8598935883433168
7A,2,0.037410551821113074,0.09450288098404344,0.8680865671948436
7A,2,0.11002211034322591,0.07772194546427069,0.8122559441925035
7A,2,0.03227585899682004,0.035842279747735836,0.931881861255444
7A,2,0.06478166826928672,0.06797748814003275,0.8672408435906805
7A,2,0.02745677148957759,0.08786365035697186,0.8846795781534506
7A,2,0.03836882780298121,0.152774460013823,0.8088567121831958
7A,2,0.037715849311885985,0.15415472470597058,0.8081294259821434
7A,1,0.22967156112440199,0.00825130206768411,0.7620771368079139
7A,1,0.18194187131312423,0.009872237256818798,0.808185891430057
7A,1,0.2284672912025341,0.006700980794201767,0.7648317280032642
7A,1,0.11424523318203922,0.007646859968012204,0.8781079068499485
7A,1,0.17004428166253704,0.008787760796817184,0.8211679575406458
7A,1,0.24334281237778976,0.00805036851433434,0.7486068191078759
7A,1,0.19573995989265308,0.00804115292197239,0.7962188871853746
7A,1,0.17723737954022944,0.008661208786710613,0.8141014116730599
7A,1,0.1588959830750089,0.0070857501244573065,0.8340182668005338
7A,1,0.13930357688140127,0.005390167573212778,0.855306255545386
7A,1,0.19357254987234504,0.00707759182686249,0.7993498583007924
7A,2,0.13022659736466932,0.005178866437967739,0.864594536197363
7A,2,0.22819339622388407,0.009344917853829083,0.7624616859222869
7A,2,0.31388513123737916,0.005955451617142416,0.6801594171454783
7A,2,0.30629065746329104,0.006598041263316594,0.6871113012733923
7A,2,0.22234262966550425,0.006720918195341037,0.7709364521391548
7A,2,0.18530025783816698,0.006984296034675132,0.8077154461271578
7A,2,0.1851074130579396,0.006690995098709118,0.8082015918433513
7A,2,0.3003058826571259,0.009108277430766358,0.6905858399121078
7A,2,0.257059590186818,0.006653530482840067,0.7362868793303419
7A,2,0.1870114346115465,0.008550725649708121,0.8044378397387453
7A,2,0.17716891144721292,0.006072884863748547,0.8167582036890385
7A,2,0.09614447902410853,0.005630226041426234,0.8982252949344653
7A,2,0.16941856385156123,0.005940091362901278,0.8246413447855374
7A,2,0.24076650151652174,0.004991931841413207,0.7542415666420651
7A,2,0.20402581393345542,0.007506272737962735,0.7884679133285818
7A,2,0.1253650273493763,0.008305764639986512,0.8663292080106372
7A,2,0.1020438357395286,0.005993421248868062,0.8919627430116033
7A,2,0.3199003466339977,0.010442102524182765,0.6696575508418195
7A,2,0.22407454504758512,0.010053659154217657,0.7658717957981973
7A,2,0.25600951917022347,0.008009200073938582,0.735981280755838
7A,2,0.1253992382337192,0.007899838438977532,0.8667009233273033
7A,2,0.1876989830332967,0.008533268120265221,0.8037677488464382
7A,2,0.1269282363665743,0.007594462978666772,0.8654773006547589
7A,2,0.12830821472263118,0.009463197726391698,0.8622285875509771
7A,2,0.14495651121094133,0.013608324244501554,0.8414351645445571
7A,2,0.12853805655682796,0.008851581477902631,0.8626103619652695
7A,2,0.18742110971838044,0.012477664297443226,0.8001012259841764
7A,2,0.10041431705892848,0.007021492766474134,0.8925641901745974
7A,2,0.15434560691832383,0.009689375394292475,0.8359650176873836
7A,2,0.16323015693149137,0.012895282757481523,0.823874560311027
7A,2,0.12218698470716989,0.007422132969429846,0.8703908823234003
7A,2,0.23452913192698657,0.009276944758718993,0.7561939233142945
7A,2,0.14914720721767846,0.00565613730986707,0.8451966554724546
7A,2,0.1305058453277828,0.007954475386614444,0.8615396792856027
7A,2,0.09295170474428625,0.007676086838799064,0.8993722084169147
7A,2,0.10852526217281314,0.006202826861614285,0.8852719109655726
7A,2,0.11645437208664285,0.005089117400475804,0.8784565105128814
7A,2,0.11478343213196415,0.0073710694884547455,0.8778454983795811
7A,2,0.09688118309379763,0.0061331146940562025,0.8969857022121462
7A,2,0.1630868925628895,0.008825392692953675,0.8280877147441568
7A,2,0.20432465719515838,0.00844946185771919,0.7872258809471224
7A,2,0.043325613594957,0.0026176982535429856,0.9540566881515
7A,2,0.23944782529976938,0.008306425323529425,0.7522457493767012
7A,2,0.1676536175926366,0.004962544334284176,0.8273838380730791
7A,2,0.13486392684390064,0.007086763036338273,0.858049310119761
7A,2,0.1336683272610728,0.004620092687864561,0.8617115800510627
7A,2,0.13604675590247028,0.0059273075154148746,0.8580259365821148
7A,2,0.10755230799135508,0.006879656071636588,0.8855680359370083
7A,2,0.13671257054160102,0.006071187667807939,0.8572162417905911
7A,2,0.08961230579849437,0.013018846743522333,0.8973688474579833
7A,2,0.2094440454791474,0.008084143839959526,0.782471810680893
7A,2,0.08699951262259727,0.006506245749968541,0.9064942416274342
7A,2,0.1235635266110544,0.007344323613219327,0.8690921497757262
7A,2,0.08503041492389639,0.006664400182699151,0.9083051848934044
7A,2,0.09272668516977683,0.01545985360119568,0.8918134612290274
7A,2,0.08497732689344963,0.0072499856895851455,0.9077726874169652
7A,2,0.1285539497777926,0.008976977180191924,0.8624690730420155
7A,2,0.08582293792358515,0.007369780827461445,0.9068072812489534
7A,2,0.16371266695804923,0.010042221796539729,0.826245111245411
7A,2,0.11924430525161676,0.010605854085174312,0.8701498406632089
7A,2,0.08970295500617637,0.006600084517140738,0.903696960476683
7A,2,0.07696130382231052,0.007433470542327147,0.9156052256353623
7A,2,0.06367107087220615,0.006171423560051701,0.9301575055677421
7A,2,0.07958390180279339,0.01005116569022534,0.9103649325069813
7A,2,0.06796932239119616,0.012436338903841772,0.9195943387049621
7A,2,0.13061455588415002,0.014407186922142396,0.8549782571937076
7A,2,0.13372803097834332,0.010050210148997452,0.8562217588726593
7A,2,0.10735803364176418,0.008102246932290013,0.8845397194259458
7A,2,0.11344975177180364,0.009610990720069225,0.8769392575081272
7A,2,0.09984395023165778,0.007757455882465285,0.892398593885877
7A,2,0.11482695625671661,0.005409272819783253,0.8797637709235001
7A,2,0.10835398772689654,0.006918484320556727,0.8847275279525468
7A,2,0.11977347360321682,0.010727553934745898,0.8694989724620372
7A,2,0.123222606413941,0.006845254107854865,0.8699321394782041
7A,2,0.08904608803774315,0.006816578147891353,0.9041373338143655
7A,2,0.07593734783933573,0.006134046705370303,0.917928605455294
7A,2,0.10755586500484308,0.010035016455626218,0.8824091185395306
7A,2,0.09412336678404565,0.007916042988144736,0.8979605902278097
7A,2,0.14892037571346042,0.008888448204819212,0.8421911760817203
7A,2,0.2585689923932316,0.00767082332988135,0.733760184276887
7A,2,0.174041727545868,0.007821402564053968,0.818136869890078
7A,2,0.1648876525929824,0.01156685547896196,0.8235454919280556
7A,2,0.18014172369930737,0.009950169344313009,0.8099081069563796
7A,2,0.163149638096189,0.014090786817998554,0.8227595750858124
7A,2,0.23568662877255447,0.014046609656047327,0.7502667615713982
7A,2,0.18843040214278498,0.006471946501128293,0.8050976513560867
7A,2,0.16847047595639325,0.007573792155867279,0.8239557318877394
7A,2,0.19412277891555027,0.006673978421476001,0.7992032426629737
7A,2,0.2036156588961426,0.008011194077378754,0.7883731470264786
7A,2,0.18592461121741452,0.008023511484515114,0.8060518772980704
7A,2,0.17353231835139502,0.007946542307892364,0.8185211393407126
7A,2,0.14709869190775,0.010806811019370567,0.8420944970728795
7A,2,0.24242734471655714,0.006802539387236681,0.7507701158962062
7A,2,0.1967045842865209,0.006202363132217052,0.7970930525812621
7A,2,0.1665731985443065,0.007086433482715382,0.8263403679729782
7A,2,0.14949957104023012,0.007490046205632678,0.8430103827541373
7A,2,0.19501502141586843,0.009251707602572606,0.795733270981559
7A,2,0.21901272595670515,0.00781127340770258,0.7731760006355923
7A,2,0.19712383551671794,0.005922207935900339,0.7969539565473818
7A,2,0.17478924073318924,0.00927214090575657,0.8159386183610542
7A,2,0.06905029148677931,0.004651518582172255,0.9262981899310485
7A,2,0.12072644692089451,0.00865546397147786,0.8706180891076276
7A,2,0.19119166037798918,0.01121650750176505,0.7975918321202458
7A,2,0.21658968647028623,0.00676942367624453,0.7766408898534692
7A,2,0.1808879548893822,0.005754101154060781,0.813357943956557
7A,2,0.14045334033152287,0.0057260759989338945,0.8538205836695432
7A,2,0.19762650814528168,0.01541937843295334,0.7869541134217649
7A,2,0.187998446652565,0.008320462155557345,0.8036810911918778
7A,2,0.13686108955626444,0.005555131841891347,0.8575837786018441
7A,2,0.3166642384671217,0.009533842182079637,0.6738019193507987
7A,2,0.22631233661031655,0.004714556882015377,0.768973106507668
7A,2,0.21521712797026887,0.006392663644412835,0.7783902083853184
7A,2,0.24032298622708229,0.00573922229246638,0.7539377914804514
7A,2,0.19181528335181744,0.007888714966936385,0.8002960016812463
7A,2,0.29742026054054294,0.011954426499339645,0.6906253129601175
7A,2,0.21762935442866313,0.00877600402320692,0.77359464154813
7A,2,0.24523195140564813,0.014994815447721929,0.7397732331466298
7A,2,0.21630605247916931,0.0073733918475420435,0.7763205556732887
7A,2,0.3042323199212079,0.015514599885440463,0.6802530801933516
7A,2,0.2435188954409347,0.013971140107711973,0.7425099644513533
7A,2,0.21548417819751517,0.03817370084568779,0.7463421209567971
7A,2,0.17120388887370752,0.0603755903757705,0.7684205207505219
7A,2,0.14223249071217867,0.13205341306443594,0.7257140962233855
7A,2,0.10743320323680404,0.1639285480048726,0.7286382487583235
7A,2,0.10484785726300981,0.07996240195890807,0.8151897407780822
7A,2,0.04547658821041468,0.10652221322709308,0.8480011985624922
7A,2,0.049923611263978485,0.24753045359443832,0.7025459351415833
7A,2,0.03218690469339487,0.33909770189881827,0.6287153934077868
7A,2,0.058582558020573626,0.13717708485679392,0.8042403571226323
7A,2,0.09790126381940435,0.08715535420229698,0.8149433819782986
7A,2,0.08512800268771,0.12829789787957036,0.7865740994327197
7A,2,0.11813267060219937,0.11042582855828076,0.7714415008395199
7A,2,0.1299559193856078,0.08601181002131436,0.7840322705930778
7A,2,0.04503079678992172,0.07491857351044139,0.8800506296996369
7A,2,0.03239905726638075,0.14171456783139397,0.8258863749022253
7A,2,0.02662989407218185,0.057878065391350694,0.9154920405364675
7A,2,0.0380163340262413,0.12633919816188727,0.8356444678118715
7A,2,0.07323575043745703,0.15072918515889488,0.7760350644036481
7A,2,0.08437811626033398,0.13521958813917634,0.7804022956004897
7A,2,0.033332076371001114,0.520416286209385,0.4462516374196139
7A,2,0.05865121495761856,0.10548417596384424,0.8358646090785373
7A,2,0.06961254737886534,0.11650743463618937,0.8138800179849452
7A,2,0.08405537826024097,0.07019533548083244,0.8457492862589266
7A,2,0.06770901262769846,0.05385973015496966,0.8784312572173318
7A,2,0.06602302144578091,0.21698730048035703,0.716989678073862
7A,2,0.06417752073277946,0.11495409704427724,0.8208683822229432
7A,2,0.05039914096450637,0.04711699740773763,0.9024838616277561
7A,2,0.07433021534845474,0.04538523193355181,0.8802845527179934
7A,2,0.0776618581252037,0.1253275622723506,0.7970105796024456
7A,1,0.143106569901961,0.038671471608871785,0.8182219584891672
7A,1,0.11275277644551175,0.03048920056643204,0.8567580229880563
7A,1,0.04896266046227318,0.01670244589654666,0.9343348936411802
7A,1,0.09746386927801655,0.013564903425082136,0.8889712272969013
7A,1,0.23831826384815874,0.026136289119473247,0.735545447032368
7A,1,0.41557585994560114,0.08197006209702566,0.5024540779573732
7A,1,0.5936980358438081,0.03988402201383625,0.3664179421423558
7A,1,0.7698466426284007,0.0399487253688015,0.19020463200279789
7A,1,0.7573674523918544,0.01915509728994398,0.22347745031820138
7A,1,0.7359140962918879,0.02996630397053179,0.23411959973758042
7A,1,0.5681543519543899,0.014100173380048722,0.41774547466556144
7A,1,0.6679122865135604,0.027498498610105695,0.30458921487633395
7A,1,0.41939935531392286,0.027406254974948578,0.5531943897111287
7A,1,0.7289298085348366,0.022177275750617,0.24889291571454628
7A,1,0.6281908322140968,0.035448996527518296,0.3363601712583849
7A,1,0.5883779172010241,0.031297000102842344,0.3803250826961337
7A,1,0.49390163535133547,0.05964195760130148,0.44645640704736317
7A,1,0.2552917667410006,0.025495676933188334,0.7192125563258109
7A,1,0.35783085102502477,0.01491167709811716,0.6272574718768581
7A,1,0.6818219487800573,0.022502642973937385,0.2956754082460054
7A,1,0.6390187880002844,0.03297976698525005,0.3280014450144656
7A,1,0.1429403754251001,0.011682740604630423,0.8453768839702694
7A,1,0.30627719436945205,0.009278880378010322,0.6844439252525377
7A,1,0.2385986248293142,0.009965281686452306,0.7514360934842336
7A,1,0.2875355890791067,0.13040528972851406,0.5820591211923792
7A,1,0.26508986605679086,0.016760377013490674,0.7181497569297185
7A,1,0.22276103310842854,0.005605227947846369,0.7716337389437251
7A,1,0.24188602607887605,0.004964193061991031,0.753149780859133
7A,1,0.10314856715049579,0.013669531367850868,0.8831819014816533
7A,1,0.20480087293656124,0.009770367899075217,0.7854287591643636
7A,1,0.457130698304665,0.018670479481824688,0.5241988222135102
7A,1,0.2989373841944966,0.013664371850558013,0.6873982439549454
7A,1,0.2140372823842606,0.011931519165615294,0.7740311984501241
7A,1,0.3658538022278237,0.00884443917827617,0.6253017585939
7A,1,0.4057226660713736,0.009491590182092766,0.5847857437465336
7A,1,0.4141298307578259,0.005956061001314362,0.5799141082408596
7A,1,0.1846626637491872,0.005755270131130381,0.8095820661196824
7A,1,0.22046499952809767,0.007148842943340523,0.7723861575285619
7A,1,0.3402043015836178,0.019148701313598356,0.6406469971027838
7A,1,0.1533528124362657,0.008824278997385691,0.8378229085663486
7A,1,0.22714847436499785,0.028864825317609307,0.7439867003173929
7A,1,0.26926245518569975,0.029424965113323976,0.7013125797009763
7A,1,0.3026908332276519,0.012227877051756824,0.6850812897205912
7A,1,0.16130368087428576,0.012871317496395524,0.8258250016293186
7A,1,0.5991818855148915,0.005755241033299375,0.39506287345180907
7A,1,0.5691197136059407,0.005727848611381518,0.42515243778267775
7A,1,0.512529576209478,0.005424407638687991,0.48204601615183396
7A,1,0.2993074211710895,0.008589707117191675,0.6921028717117188
7A,1,0.25972021788777205,0.011842668882763635,0.7284371132294643
7A,1,0.21801364894456082,0.012291562760888181,0.769694788294551
7A,1,0.26788440669627644,0.0035984234686345733,0.728517169835089
7A,1,0.225455289422218,0.007659457813989166,0.7668852527637928
7A,1,0.22341627875940423,0.008064228935932923,0.7685194923046629
7A,1,0.2222105458685241,0.0132145567675521,0.7645748973639238
7A,1,0.4633409189767324,0.006128574313610152,0.5305305067096575
7A,1,0.8732199570525737,0.0029931898645401585,0.12378685308288608
7A,1,0.3012380277063771,0.012671994321484609,0.6860899779721383
7A,1,0.4665664297243173,0.010404613183963993,0.5230289570917188
7A,1,0.4924667098408513,0.014660829752778402,0.4928724604063703
7A,1,0.25946260595680143,0.011805900901465704,0.7287314931417329
7A,1,0.2759730333483763,0.008230113716345262,0.7157968529352785
7A,1,0.3436515991265044,0.006847477073237509,0.6495009238002583
7A,1,0.3454828658641966,0.006917083871633828,0.6476000502641697
7A,1,0.19210566538012022,0.0050540787438847394,0.8028402558759951
7A,1,0.33098542382058405,0.004792546461013655,0.6642220297184023
7A,1,0.34395021357644606,0.009600083163305403,0.6464497032602485
7A,1,0.40058863565505765,0.009939280998426973,0.5894720833465154
7A,1,0.5556406441299079,0.006853927639974121,0.43750542823011795
7A,1,0.5743445839902132,0.010828576534377039,0.41482683947540977
7A,1,0.39337384507761647,0.006756513359482814,0.5998696415629008
7A,1,0.535513428531464,0.008287779906770603,0.45619879156176546
7A,1,0.08433055004297692,0.008257193200903868,0.9074122567561191
7A,1,0.05493447076330101,0.006993262012247632,0.9380722672244515
7A,1,0.08158778245732934,0.004386961511735242,0.9140252560309353
7A,1,0.0977560511713169,0.00871612696931861,0.8935278218593645
7A,1,0.08460563513019136,0.007669107849513098,0.9077252570202955
7A,1,0.2525914202259193,0.018178677933266583,0.7292299018408142
7A,1,0.03113176485862168,0.00376175021653132,0.9651064849248471
7A,1,0.059581247064581004,0.007218412460506953,0.933200340474912
7A,1,0.06326139354390982,0.00472471301219787,0.9320138934438923
7A,1,0.03708511325231482,0.007021154464376649,0.9558937322833087
7A,1,0.04061446077822304,0.004639796926634602,0.9547457422951423
7A,1,0.2624036303196864,0.005915502454050045,0.7316808672262636
7A,1,0.09296740974105594,0.0062466328895376625,0.9007859573694064
7A,1,0.11512645882903999,0.0046691849019297425,0.8802043562690304
7A,1,0.3284123363761263,0.008819649920126219,0.6627680137037476
7A,1,0.33893328100110376,0.006596345300610594,0.6544703736982856
7A,1,0.321307571912561,0.004748122333976708,0.6739443057534622
7A,1,0.07369419579541549,0.009252726169698333,0.9170530780348861
7A,1,0.02963548654737038,0.00433735011606105,0.9660271633365686
7A,1,0.08348390493643808,0.0031981005738111194,0.9133179944897508
7A,1,0.23808398324020746,0.0015001279482525166,0.76041588881154
7A,1,0.6277312195015955,0.003634317817616635,0.368634462680788
7A,1,0.11476961429859867,0.006617693450688709,0.8786126922507127
7A,1,0.19700098097156676,0.006170612576924163,0.7968284064515092
7A,1,0.2669176772186783,0.004194127472712565,0.7288881953086092
7A,1,0.2650971184637527,0.011860448004234398,0.7230424335320128
7A,1,0.10955657423191946,0.008048513651427731,0.8823949121166529
7A,1,0.5231882031832605,0.0036010840702921424,0.4732107127464472
7A,1,0.03209118538781531,0.003338653071135382,0.9645701615410495
7A,1,0.08524805483436487,0.006462608656526573,0.9082893365091085
7A,1,0.09956584701464453,0.016445009496674413,0.883989143488681
7A,1,0.06621451701978069,0.0030982831345149017,0.9306871998457045
7A,1,0.08567311626046913,0.004855135440409686,0.9094717482991211
7A,1,0.10431703165278072,0.00737529251725042,0.8883076758299688
7A,1,0.1252839984081856,0.0035962955794765347,0.8711197060123379
7A,1,0.22456248899046294,0.004452927867693373,0.7709845831418437
7A,1,0.1510975587649066,0.007868875897196792,0.8410335653378967
7A,0,0.13064111125245434,0.0103604473239113,0.8589984414236344
7A,0,0.15075847791099603,0.013105655996824467,0.8361358660921795
7A,0,0.08439042873316266,0.005883178898303464,0.9097263923685339
7A,0,0.1302574443573832,0.006359787924395435,0.8633827677182214
7A,0,0.22592284697421847,0.006028797030955946,0.7680483559948256
7A,0,0.15858130619912053,0.005269880670261712,0.8361488131306177
7A,0,0.14960657962747112,0.004244726882875278,0.8461486934896537
7A,0,0.0672190533696209,0.00458342649141175,0.9281975201389674
7A,0,0.10266260266987298,0.004976822132391468,0.8923605751977355
7A,0,0.10351489112318556,0.0059957620091111085,0.8904893468677033
7A,0,0.06573467781127357,0.003831215443156264,0.9304341067455703
7A,0,0.1565605345402226,0.005325282115420556,0.8381141833443569
7A,0,0.10162015766320427,0.006545454582193643,0.891834387754602
7A,0,0.0926036769541038,0.006842255927958115,0.9005540671179381
7A,1,0.36994436229296934,0.015306370929198778,0.6147492667778319
7A,1,0.2282981716671857,0.01715692617880271,0.7545449021540117
7A,1,0.19997554175943716,0.027768545261692694,0.7722559129788701
7A,1,0.0804791810845616,0.014791460342994946,0.9047293585724434
7A,1,0.05686942691689678,0.007813369439480593,0.9353172036436227
7A,1,0.04714067341076673,0.00842056424441992,0.9444387623448134
7A,1,0.04987275215816234,0.007452213595722237,0.9426750342461154
7A,1,0.03467617750932864,0.00585301419114757,0.9594708082995238
7A,1,0.0531973317819653,0.006989838984440087,0.9398128292335947
7A,1,0.054298208485827455,0.006359771350865461,0.939342020163307
7A,1,0.052780940778352346,0.006786474752845294,0.9404325844688023
7A,1,0.04590665880384735,0.0037964070128703037,0.9502969341832823
7A,1,0.042334501434409526,0.0032826962468358004,0.9543828023187547
7A,1,0.06066995732393354,0.008576168318893804,0.9307538743571726
7A,1,0.056161162059636574,0.006392990529051155,0.9374458474113122
7A,1,0.04255205132381254,0.0031822803099928543,0.9542656683661945
7A,1,0.02657255322021338,0.0052197436162619865,0.9682077031635247
7A,1,0.029390826177276553,0.006367943191144148,0.9642412306315794
7A,1,0.02321673835323914,0.003153526588615551,0.9736297350581452
7A,1,0.014927417401405836,0.002216908322312851,0.9828556742762814
7A,1,0.019679642611777216,0.002720599901439135,0.9775997574867837
7A,1,0.016617850328579223,0.0024212823374459565,0.9809608673339748
7A,1,0.04952166172000969,0.003735916207452194,0.9467424220725382
7A,1,0.042304650068871144,0.003282015677905027,0.9544133342532238
7A,1,0.03024694828965006,0.002641996477082193,0.9671110552332677
7A,1,0.07058712172170814,0.003940096447894673,0.9254727818303972
7A,1,0.07297780641256793,0.010712535857557649,0.9163096577298744
7A,1,0.09549996024201549,0.004322518587502967,0.9001775211704817
7A,1,0.059079554725425476,0.0018253710872648946,0.9390950741873096
7A,1,0.16273800613619654,0.009032365823459686,0.8282296280403437
7A,1,0.07286933905524631,0.004988367338125392,0.9221422936066282
7A,1,0.1306644929339701,0.0029844601578049254,0.8663510469082251
7A,1,0.10707641123604554,0.005048546972608016,0.8878750417913465
7A,1,0.09550975784878502,0.005241296184016889,0.8992489459671982
7A,2,0.26431634741662363,0.0184515842483803,0.7172320683349961
7A,2,0.20729528426704996,0.01164238360253185,0.7810623321304181
7A,2,0.14494016530587567,0.01216936358485454,0.8428904711092697
7A,2,0.28359602361964287,0.009636635539561138,0.706767340840796
7A,2,0.23187082500196843,0.007072820830967658,0.761056354167064
7A,2,0.1322701299363027,0.008510609767810614,0.8592192602958867
7A,2,0.2600818460694679,0.007145938281143833,0.7327722156493883
7A,1,0.23723890181428034,0.006551715737266696,0.756209382448453
7A,1,0.1631148781730206,0.0056321794928451225,0.8312529423341344
7A,1,0.1785088322833924,0.003361672742639413,0.8181294949739683
7A,1,0.26942671815509467,0.001954972992491629,0.7286183088524137
7A,1,0.19961236508838293,0.0035989062543484063,0.7967887286572687
7A,1,0.09380970419877452,0.0028591649235337724,0.9033311308776917
7A,1,0.1962582608561487,0.0036391826421840546,0.8001025565016672
7A,1,0.09202765881329081,0.003549548434802516,0.9044227927519066
7A,1,0.23482464185528035,0.00562716293973542,0.7595481952049842
7A,1,0.2663979971053446,0.008517409938769765,0.7250845929558856
7A,1,0.2688652889463163,0.007500650755421978,0.7236340602982617
7A,1,0.4496504148665386,0.00518871653882204,0.5451608685946393
7A,1,0.2498041108981081,0.013580433151025187,0.7366154559508666
7A,1,0.2104964850728591,0.013228710254602347,0.7762748046725386
7A,1,0.21688321030387897,0.016849352290296223,0.7662674374058248
7A,1,0.12614441917454994,0.007190541903253666,0.8666650389221964
7A,1,0.2024143902030992,0.007436177889566497,0.7901494319073343
7A,1,0.18308590476695952,0.013313843585557674,0.8036002516474828
7A,1,0.2939789334971679,0.004210294244650516,0.7018107722581816
7A,1,0.45528613064526935,0.0040042075161444,0.5407096618385863
7A,1,0.5516465152173108,0.0024199797135681118,0.44593350506912127
7A,1,0.5564323895780698,0.003913652762309547,0.4396539576596206
7A,1,0.2151568030470369,0.005082169649122059,0.779761027303841
7A,1,0.1531792613226859,0.007699542054680236,0.8391211966226338
7A,1,0.09230563363562426,0.005861683462027132,0.9018326829023486
7A,1,0.5053846724768957,0.004394043785297354,0.4902212837378069
7A,1,0.40682835674405904,0.004037395277802471,0.5891342479781386
7A,1,0.23717464476848493,0.009361509286609037,0.7534638459449061
7A,1,0.7141973928388841,0.0025070551699024625,0.2832955519912135
7A,1,0.2670219778839541,0.011790817094693274,0.7211872050213526
7A,1,0.13315879374114467,0.005676147015685001,0.8611650592431702
7A,1,0.35475642764508475,0.003201185458961556,0.6420423868959536
7A,1,0.22818293318917146,0.004274297665215244,0.7675427691456134
7A,1,0.12410838779991094,0.0044347942169917194,0.8714568179830975
7A,1,0.05642342637953136,0.005802891293071226,0.9377736823273973
7A,1,0.14551380762545338,0.008036685261766442,0.8464495071127801
7A,1,0.2809042680953349,0.007585522124494915,0.7115102097801701
7A,1,0.2949580674224009,0.005994184858493387,0.6990477477191057
7A,1,0.17218046690151348,0.009467356016466187,0.8183521770820205
7A,1,0.08130304977864712,0.01188800761624219,0.9068089426051107
7A,1,0.5940423347589371,0.0052624716893291765,0.40069519355173366
7A,1,0.31243233769197626,0.010740101411267309,0.6768275608967564
7A,1,0.10858667084352093,0.012385187711489875,0.8790281414449892
7A,1,0.1171804796879836,0.007823549074263034,0.8749959712377533
7A,1,0.10895049461389252,0.014047129544392793,0.8770023758417147
7A,1,0.09791144008460302,0.007131141466519161,0.8949574184488779
7A,1,0.16851463543634645,0.005817243561948722,0.8256681210017047
7A,1,0.1423627783847199,0.011664000463819341,0.8459732211514608
7A,1,0.19349311471284408,0.009432591846445041,0.7970742934407108
7A,2,0.05054622092652537,0.007529932101546138,0.9419238469719285
7A,2,0.13895609601956846,0.008102367928957676,0.8529415360514737
7A,2,0.08116881538778664,0.006240039896037192,0.9125911447161762
7A,2,0.05436615377591868,0.0029017192942568464,0.9427321269298244
7A,2,0.06909257325073785,0.0115396395874315,0.9193677871618307
7A,2,0.10180993806731055,0.007566866444094031,0.8906231954885955
7A,2,0.24975516979703916,0.012062934881545804,0.738181895321415
7A,2,0.055031261894950514,0.007357194393689331,0.93761154371136
7A,2,0.1801533870848451,0.009420911429980467,0.8104257014851746
7A,2,0.20784965480026038,0.00680198484966903,0.7853483603500706
7A,2,0.14269181908929868,0.006973460850008081,0.8503347200606932
7A,2,0.1579229446398797,0.03870522308035612,0.8033718322797642
7A,2,0.03453164798337441,0.024490335100065912,0.9409780169165596
7A,2,0.04540219540988164,0.025711787264685343,0.9288860173254331
7A,2,0.1353652006320751,0.01904059797383686,0.845594201394088
7A,2,0.06359607901880966,0.009070857191951576,0.9273330637892389
7A,2,0.12202134596389891,0.013467206632576409,0.8645114474035248
7A,2,0.12182961524394978,0.009873068862420719,0.8682973158936296
7A,2,0.17239292671528333,0.011534227957214632,0.816072845327502
7A,2,0.3622146636251601,0.006708374507237282,0.6310769618676026
7A,2,0.13614007329850572,0.008814411007817786,0.8550455156936764
7A,2,0.19733020848424349,0.009680644326442306,0.7929891471893141
7A,2,0.08539201513256284,0.012511102335486544,0.9020968825319505
7A,2,0.06478552771205472,0.007699856720665788,0.9275146155672794
7A,2,0.21572925051132807,0.01686959500814209,0.7674011544805298
7A,2,0.04638131403373998,0.00769802403554766,0.9459206619307123
7A,2,0.1257308868614762,0.011139851868835668,0.863129261269688
7A,2,0.13883176057533828,0.006815785619354214,0.8543524538053074
7A,2,0.09394679853848487,0.01609373475730055,0.8899594667042146
7A,2,0.07565174030211344,0.016089045111599858,0.9082592145862868
7A,2,0.1865754831843229,0.018278958706687068,0.79514555810899
7A,2,0.1565637169706356,0.015916706167672743,0.8275195768616918
7A,2,0.10882557633431256,0.01747851718844171,0.8736959064772457
7A,2,0.0836654654605409,0.012322049229619245,0.9040124853098399
7A,2,0.16016403511206737,0.010290588534579172,0.8295453763533536
7A,2,0.25039300002711723,0.00905713792935374,0.740549862043529
7A,2,0.145599372541846,0.02044239594663075,0.8339582315115234
7A,2,0.2912809868956262,0.012112023222488064,0.6966069898818857
7A,2,0.15646801710842884,0.017737065721497934,0.8257949171700733
7A,2,0.18357887872248238,0.005124991102708571,0.811296130174809
7A,2,0.21395362288268716,0.007732007314765911,0.7783143698025469
7A,2,0.14671129277283806,0.0048609313274232645,0.8484277758997386
7A,2,0.1218912192841954,0.004043043748276798,0.8740657369675278
7A,2,0.1875658908824292,0.0032739502058809636,0.8091601589116898
7A,2,0.18483322764437018,0.007165929944313032,0.8080008424113169
7A,2,0.08703326002040643,0.007866836499297451,0.9050999034802961
7A,2,0.11615050646376562,0.005190439051664837,0.8786590544845695
7A,2,0.10773107389455702,0.015288876396334548,0.8769800497091085
7A,2,0.1535550451949013,0.009979217857405956,0.8364657369476928
7A,2,0.18113146694125173,0.00672426522104887,0.8121442678376993
7A,2,0.14816566820674967,0.007156550042559095,0.8446777817506913
7A,2,0.20011909770742023,0.005283492639380206,0.7945974096531997
7A,0,0.166981559433069,0.004715591127526774,0.8283028494394042
7A,0,0.411116051420823,0.0038673803126765406,0.5850165682665005
7A,0,0.11220823338109946,0.010908266554250435,0.8768835000646501
7A,0,0.12132872847888884,0.005847894637948361,0.8728233768831628
7A,0,0.1563364364405318,0.0063003103829315146,0.8373632531765366
7A,0,0.14689044103662552,0.005546126298142217,0.8475634326652323
7A,0,0.07016405434053215,0.0061272059071672555,0.9237087397523007
7A,0,0.0848762758833634,0.006235303817707562,0.908888420298929
7A,0,0.10900820547381065,0.00791240452499362,0.8830793900011957
7A,0,0.13935174712343026,0.004777611264684471,0.8558706416118853
7A,2,0.1877294236996399,0.009011772684343682,0.8032588036160164
7A,2,0.20173328320520575,0.02420129664214956,0.7740654201526446
7A,2,0.12156952681419153,0.007113856877043289,0.8713166163087651
7A,2,0.15366174604333224,0.014296213579295001,0.8320420403773728
7A,2,0.0657097736267537,0.006392236689576473,0.9278979896836698
7A,2,0.14582187901261803,0.01668100194640892,0.837497119040973
7A,2,0.13895218894758735,0.010516234254754833,0.8505315767976578
7A,2,0.11440961674800589,0.008602187426215666,0.8769881958257785
7A,2,0.16805031343507515,0.018970760617184845,0.8129789259477401
7A,2,0.3385059477288102,0.016036790268271817,0.645457262002918
7A,2,0.3925912632039809,0.013289073747334377,0.5941196630486847
7A,2,0.21751172960252801,0.007911809568480798,0.7745764608289912
7A,2,0.2570968598536055,0.016480923367779197,0.7264222167786153
7A,2,0.29673276128991805,0.010850848314333496,0.6924163903957484
7A,2,0.30829008439110106,0.00675800492585895,0.68495191068304
7A,2,0.24718698166804443,0.00964316458390382,0.7431698537480518
7A,2,0.393895126077664,0.011911884209486514,0.5941929897128495
7A,2,0.21237842868986725,0.01863661104291422,0.7689849602672185
7A,2,0.2746126176126657,0.025630777571251633,0.6997566048160827
7A,2,0.34905315544684484,0.026795159258745326,0.6241516852944098
7A,2,0.09660500940616035,0.05624775644063672,0.847147234153203
7A,2,0.3490173262502785,0.009187194955093101,0.6417954787946284
7A,2,0.28461883090663787,0.009705343283540696,0.7056758258098215
7A,2,0.2008652896294433,0.008514492272282185,0.7906202180982745
7A,2,0.3916801683864596,0.007477103793133528,0.6008427278204069
7A,2,0.17893227060487915,0.002883842420716111,0.8181838869744047
7A,2,0.15644275124040105,0.013287504542636738,0.8302697442169622
7A,2,0.30356088279385984,0.009880805849509334,0.6865583113566308
7A,2,0.19707969694051253,0.005049003958410817,0.7978712991010767
7A,2,0.15397309110609803,0.00631605974368737,0.8397108491502147
7A,2,0.14113558330463843,0.0068923493056846485,0.851972067389677
7A,2,0.20822843640492195,0.027687461758079075,0.7640841018369988
7A,2,0.16267583673959665,0.04303475062534106,0.7942894126350623
7A,2,0.10336408689554556,0.032888246080940826,0.8637476670235136
7A,2,0.28689488783213496,0.019964581033870117,0.693140531133995
7A,2,0.23198233117845157,0.011233852837724403,0.756783815983824
7A,2,0.19853705875564912,0.005267377513436784,0.796195563730914
7A,2,0.20180918226825947,0.005950493114179671,0.7922403246175608
7A,2,0.20268708109906056,0.008473527890621465,0.788839391010318
7A,2,0.2764059843443442,0.009988424507828013,0.7136055911478277
7A,2,0.29740753718263957,0.006315893543910377,0.6962765692734502
7A,2,0.4411546882511199,0.0049956576741941715,0.553849654074686
7A,2,0.13973472475431717,0.005157490947787809,0.855107784297895
7A,2,0.2338911695686693,0.00485919453607623,0.7612496358952544
7A,2,0.208769262563168,0.006083565743518768,0.7851471716933134
7A,2,0.26276410352639995,0.006062643811991302,0.7311732526616087
7A,2,0.29861602162002204,0.0122753120298693,0.6891086663501087
7A,2,0.2524182982889853,0.018654198260510225,0.7289275034505045
7A,2,0.11146876207442317,0.009096970361621312,0.8794342675639556
7A,2,0.24045357768841752,0.009202938684077682,0.7503434836275048
7A,2,0.2530008983951488,0.01511633167924004,0.7318827699256112
7A,2,0.2190969286354085,0.009921953031872611,0.7709811183327189
7A,2,0.18549863070777384,0.009660612120829514,0.8048407571713967
7A,2,0.1802082526758211,0.013969924231586557,0.8058218230925923
7A,2,0.17468381302454752,0.018118467320916314,0.8071977196545361
7A,2,0.180394492682998,0.020064634156874872,0.7995408731601271
7A,2,0.07517274744097398,0.034648867823380045,0.890178384735646
7A,2,0.10298090405639562,0.023030908301166074,0.8739881876424382
7A,2,0.05790858090556056,0.006390343157784021,0.9357010759366554
7A,2,0.2144431126105922,0.007307297112654309,0.7782495902767534
7A,2,0.28996549620761736,0.008463024636316244,0.7015714791560664
7A,2,0.1679758085225044,0.011382386090757205,0.8206418053867384
7A,2,0.20368945076265701,0.009934423887260487,0.7863761253500824
7A,2,0.11194762450422881,0.00515799573071002,0.8828943797650611
7A,2,0.22965228973506824,0.006064941435931642,0.7642827688290001
7A,2,0.22208043601102267,0.0039933120990307104,0.7739262518899466
7A,2,0.27333595371052416,0.009419880884287359,0.7172441654051885
7A,2,0.1625352043575992,0.005137473766132761,0.832327321876268
7A,2,0.18581317179817414,0.0052446706069045005,0.8089421575949214
7A,2,0.06815765400772526,0.0014879212094872935,0.9303544247827874
7A,2,0.2777892620739163,0.006081576038532707,0.716129161887551
7A,2,0.24141506568885654,0.010788248035195345,0.7477966862759482
7A,2,0.3710281576000239,0.012215980942452976,0.6167558614575231
7A,2,0.09206931790936798,0.009193393374097483,0.8987372887165345
7A,2,0.3434863570000161,0.011934256967668762,0.6445793860323151
7A,2,0.10821880446829003,0.005685156618513562,0.8860960389131964
7A,2,0.11659778159723963,0.004332251649923147,0.8790699667528373
7A,2,0.312719293757406,0.006065501745237751,0.6812152044973564
7A,2,0.21219771748178815,0.005221754733576858,0.782580527784635
7A,2,0.23891774530206772,0.009053598773162053,0.7520286559247702
7A,2,0.15538256973916134,0.005746790101429041,0.8388706401594097
7A,2,0.11930625426445238,0.005723994909714595,0.874969750825833
7A,2,0.2131595224195634,0.005831765443894674,0.7810087121365419
7A,2,0.36374702319495594,0.012398711510197282,0.6238542652948468
7A,2,0.12884678031182004,0.008995105549336073,0.8621581141388439
7A,2,0.11649827976072526,0.013138768405777055,0.8703629518334978
7A,2,0.13142993567313477,0.010397078708611784,0.8581729856182534
7A,2,0.093323163496724,0.007128918120931969,0.899547918382344
7A,2,0.15562840531219546,0.007053498422114632,0.83731809626569
7A,2,0.14681598886034677,0.008144158393818959,0.8450398527458343
7A,2,0.3656098475360134,0.008227648669543557,0.6261625037944432
7A,2,0.12156546527637006,0.008361231701819793,0.8700733030218101
7A,2,0.31603566783500214,0.011795659851245588,0.6721686723137522
7A,2,0.33086445141194243,0.018940388217947992,0.6501951603701096
7A,2,0.2070889962793532,0.018994155599980234,0.7739168481206665
7A,2,0.2370179089904541,0.014048869151397584,0.7489332218581483
7A,2,0.15551039210719841,0.028046909255443335,0.8164426986373583
7A,2,0.19907260118884193,0.018159947813223037,0.782767450997935
7A,2,0.08236806828884355,0.01899071207334345,0.898641219637813
7A,2,0.05103203752837112,0.005333293960662374,0.9436346685109666
7A,2,0.04450590563116796,0.004890348163074914,0.9506037462057572
7A,2,0.041829790101412606,0.005101059991330477,0.953069149907257
7A,2,0.12068258391455236,0.01143035784103537,0.8678870582444124
7A,2,0.36051760168019015,0.036468227235542605,0.6030141710842672
7A,2,0.42980028570858053,0.022944978840479663,0.5472547354509397
7A,2,0.17344853264637594,0.007827470329408032,0.8187239970242159
7E,0,0.12440078694438639,0.07083001611866645,0.8047691969369473
7E,0,0.13318016288610943,0.03643340439656399,0.8303864327173266
7E,0,0.13338469015154564,0.03495363716551637,0.831661672682938
7E,0,0.23885964182001912,0.061277513529649906,0.699862844650331
7E,0,0.2468056111970813,0.057345277925814786,0.6958491108771038
7E,0,0.16700128093871935,0.043323997138237244,0.7896747219230433
7E,0,0.11549598553851788,0.02555412822453595,0.8589498862369461
7E,0,0.1814561744514126,0.03336185182125563,0.7851819737273318
7E,0,0.45655181257543104,0.05649238199040814,0.4869558054341608
7E,0,0.0961470680996071,0.03015344746984667,0.8736994844305462
7E,0,0.14946566870968564,0.04231142351252706,0.8082229077777873
7E,0,0.1218601252910824,0.031841799889755426,0.8462980748191621
7E,0,0.1513725959731841,0.03077292082331888,0.817854483203497
7E,0,0.11785226740386302,0.03104737743781208,0.8511003551583248
7E,0,0.09886741193197689,0.030521641305091222,0.870610946762932
7E,0,0.1216494022988255,0.03481749406664864,0.8435331036345258
7E,0,0.0929408464531927,0.016112789334891055,0.8909463642119163
7E,0,0.26448599916863347,0.09643198370486677,0.6390820171264998
7E,0,0.12273066536933207,0.025211060641179523,0.8520582739894884
7E,0,0.1558936021377995,0.04121178520740626,0.8028946126547943
7E,0,0.2953735096163093,0.08141218768137062,0.62321430270232
7E,0,0.14675937168290068,0.05401047186865047,0.7992301564484489
7E,0,0.10095728741906056,0.025398221317603057,0.8736444912633364
7E,0,0.08820040562137169,0.02886897435025725,0.882930620028371
7E,0,0.0946082040727912,0.02123163213169298,0.8841601637955159
7E,0,0.13609875053723794,0.04099135931703849,0.8229098901457236
7E,0,0.18427364624228532,0.05993312433342615,0.7557932294242885
7E,0,0.18508192432252354,0.06477903600823028,0.7501390396692461
7E,0,0.4499155380057188,0.08294683328553719,0.46713762870874387
7E,0,0.2623015369965257,0.07391262864794822,0.6637858343555261
7E,2,0.25485032491851195,0.04562018727315538,0.6995294878083327
7E,2,0.2188372394113419,0.0466193208170642,0.734543439771594
7E,2,0.11107245222335425,0.06795619066207849,0.8209713571145671
7E,2,0.16927782134540156,0.09721240742898801,0.7335097712256103
7E,2,0.1836510518872087,0.0356449387045601,0.7807040094082313
7E,2,0.0867846816801171,0.035048791507519085,0.878166526812364
7E,2,0.09660572113180067,0.05397241471311498,0.8494218641550844
7E,2,0.0993424321168729,0.07591478185058283,0.8247427860325444
7E,2,0.10164181226845907,0.022761523948182295,0.8755966637833588
7E,2,0.13358899132890348,0.039828459950413196,0.8265825487206834
7E,2,0.2087982614367237,0.054337953973993526,0.7368637845892828
7E,2,0.17434627500917582,0.035845517716407704,0.7898082072744165
7E,2,0.16270233580628712,0.041008411642602806,0.79628925255111
7E,2,0.13568447618863583,0.027901162615517026,0.8364143611958471
7E,2,0.09292043846671473,0.06724072990809392,0.8398388316251912
7E,2,0.10866187379377366,0.06458081435005146,0.8267573118561748
7E,2,0.1267594817859124,0.036180120823262135,0.8370603973908255
7E,2,0.20358556587657134,0.05674759796602195,0.7396668361574067
7E,2,0.10570871682281956,0.04632027655732846,0.8479710066198519
7E,2,0.1735261809571024,0.06585398896205484,0.7606198300808428
7E,2,0.10088244645153543,0.029562597465371775,0.8695549560830927
7E,2,0.21675116042265402,0.07304474871216556,0.7102040908651803
7E,2,0.21556412110426626,0.13389013560210342,0.6505457432936304
7E,2,0.08857407987682449,0.06929203799969526,0.8421338821234803
7E,2,0.18577251791591418,0.07347667188953656,0.7407508101945494
7E,2,0.1378862947242027,0.05135809886692756,0.8107556064088698
7E,2,0.09219832858234796,0.031075200263996516,0.8767264711536555
7E,2,0.19251118631009215,0.06368996578224446,0.7437988479076634
7E,2,0.16221968754778804,0.058504906556761986,0.77927540589545
7E,2,0.13186648993328826,0.11751689507774139,0.7506166149889704
7E,2,0.09332110985972716,0.044863314175662375,0.8618155759646106
7E,2,0.3897136249974196,0.0726842974862336,0.5376020775163468
7E,2,0.5944149693193768,0.10144524128244063,0.3041397893981826
7E,2,0.41299723527355386,0.09468699297074361,0.4923157717557024
7E,2,0.30243276410849984,0.06740427450364903,0.6301629613878511
7E,2,0.09100133613703784,0.10673441485470048,0.8022642490082617
7E,2,0.05377742374356755,0.044531976912336735,0.9016905993440957
7E,2,0.03959689652959686,0.043470097195983215,0.91693300627442
7E,2,0.04912124966029563,0.36438005943991025,0.5864986908997941
7E,2,0.13567807730253156,0.035452077944718045,0.8288698447527505
7E,2,0.07178333382171023,0.09453346137014576,0.8336832048081441
7E,2,0.07942108648645589,0.06556031864284495,0.8550185948706991
7E,2,0.049394525915331215,0.04622696853956182,0.9043785055451069
7E,2,0.13048431427619325,0.06945864832281565,0.8000570374009911
7E,2,0.1620238977973596,0.05990249517185364,0.7780736070307868
7E,2,0.17848772834855195,0.061365377288325536,0.7601468943631224
7E,2,0.10100302452845529,0.09779617618589573,0.8012007992856489
7E,2,0.122365983202623,0.11558130443248231,0.7620527123648946
7E,2,0.0831943262851696,0.06487275628311093,0.8519329174317194
7E,2,0.06491904524663335,0.07880036839063072,0.856280586362736
7E,2,0.12356412735943849,0.0836369296179644,0.792798943022597
7E,2,0.11721843987970942,0.09600789228297067,0.78677366783732
7E,2,0.10118039526909071,0.10327213635080394,0.7955474683801053
7E,2,0.11687450387554457,0.10163120020246366,0.7814942959219916
7E,2,0.09713001731878891,0.11027927069451611,0.792590711986695
7E,2,0.09931124500815056,0.1248627230016824,0.775826031990167
7E,2,0.09718107598494159,0.10810980878172206,0.7947091152333363
7E,2,0.10565788984593674,0.08558766552365808,0.8087544446304051
7E,2,0.09851646474028598,0.09433971576683374,0.8071438194928804
7E,2,0.0937250966337761,0.14109889342053775,0.7651760099456862
7E,2,0.060400523076496494,0.21461070162553877,0.7249887752979647
7E,2,0.07342164187858716,0.09376811533668913,0.8328102427847236
7E,2,0.13439286930588742,0.09678690735647193,0.7688202233376407
7E,2,0.09020624348858533,0.08047558933512369,0.829318167176291
7E,2,0.07181890178485277,0.04940052848824544,0.8787805697269019
7E,2,0.05567365088801411,0.039513210457201506,0.9048131386547844
7E,2,0.04652352826803244,0.030960269211658783,0.9225162025203087
7E,2,0.09620175588393474,0.11164937739702191,0.7921488667190434
7E,2,0.10108446767663845,0.06429969520921013,0.8346158371141513
7E,2,0.13728183020504542,0.09912417129581189,0.7635939984991427
7E,2,0.1395397700095731,0.12420357839549802,0.7362566515949289
7E,0,0.19888771036936026,0.15768397956641522,0.6434283100642246
7E,0,0.14882018595974708,0.0430890024237259,0.808090811616527
7E,0,0.17742800900956776,0.0518375464826487,0.7707344445077835
7E,0,0.10960597628674507,0.03276628494427304,0.8576277387689819
7E,0,0.19260315398685998,0.04816425926216447,0.7592325867509754
7E,0,0.1094270276578366,0.04560093543262318,0.8449720369095401
7E,0,0.08191603860127067,0.032205288803228135,0.8858786725955011
7E,0,0.09170172042564104,0.04048460257437243,0.8678136769999865
7E,0,0.10710695737026632,0.035165898025843044,0.8577271446038907
7E,0,0.10880178403906096,0.028784264674047027,0.862413951286892
7E,0,0.10242502535398736,0.04270068590742171,0.8548742887385911
7E,0,0.11113136655937911,0.03202216676763823,0.8568464666729827
7E,0,0.12393915470719967,0.03874566249144232,0.837315182801358
7E,0,0.14318967524514145,0.04145670755140417,0.8153536172034543
7E,0,0.12176509470471492,0.03505141632097762,0.8431834889743075
7E,0,0.12124949804761895,0.05328499580399346,0.8254655061483875
7E,0,0.08864700789111213,0.03459000029315019,0.8767629918157376
7E,0,0.07405345780275216,0.02449041229851332,0.9014561298987346
7E,0,0.05925823397795442,0.028889786926488328,0.9118519790955573
7E,0,0.1280594187246981,0.037861655356939763,0.8340789259183622
7E,0,0.10380032663523915,0.03407508530522346,0.8621245880595374
7E,0,0.1273985769006127,0.04274038720750428,0.829861035891883
7E,0,0.10324771704280072,0.03798746764693672,0.8587648153102625
7E,0,0.0693309735224995,0.035319519943936194,0.8953495065335644
7E,0,0.10989239017589036,0.03023878435145112,0.8598688254726585
7E,0,0.0833653946009804,0.020353050075105236,0.8962815553239143
7E,0,0.10204162083455794,0.0292291063856945,0.8687292727797475
7E,0,0.12247493857664382,0.022067913118241557,0.8554571483051147
7E,0,0.10869110303081563,0.027053483917173642,0.8642554130520107
7E,0,0.1504375633072358,0.026943380280195616,0.8226190564125686
7E,0,0.17777021447407299,0.030139132813146664,0.7920906527127803
83,2,0.18414960407426872,0.09289351776007622,0.722956878165655
83,2,0.2099424395391486,0.04377779847033268,0.7462797619905187
83,2,0.19142917315194613,0.027209357627138053,0.7813614692209158
83,2,0.22087043699416906,0.03211419967687568,0.7470153633289554
83,2,0.25110734195266193,0.04411180398960276,0.7047808540577353
83,2,0.3107281048218189,0.049189338279776854,0.6400825568984043
83,2,0.27899118409806345,0.03514776335486879,0.6858610525470678
83,2,0.19359587308745263,0.024411097325166272,0.781993029587381
83,2,0.19017978412474643,0.03723614896327781,0.7725840669119758
83,2,0.1651570161012642,0.027995747122748157,0.8068472367759876
83,2,0.13946367764185888,0.03390584505177767,0.8266304773063635
83,2,0.09053597430794832,0.04228531240686703,0.8671787132851848
83,2,0.1311440653013964,0.1475638944350383,0.7212920402635653
83,2,0.09407202383240731,0.011583277661198228,0.8943446985063944
83,2,0.262640635934742,0.04107068181332958,0.6962886822519285
83,2,0.18669314998646822,0.02314216413751809,0.7901646858760137
83,2,0.13746556813502317,0.013623657373640343,0.8489107744913365
83,2,0.11271271294487652,0.014735848777436968,0.8725514382776864
83,2,0.08578550244631852,0.032311872050965945,0.8819026255027155
83,2,0.13311087943243602,0.07723447185193123,0.7896546487156326
83,2,0.12610890984504747,0.08078898060422934,0.7931021095507231
83,2,0.12001039604083953,0.07883157642445672,0.8011580275347038
83,2,0.1686661694435321,0.07861950972733456,0.7527143208291334
83,2,0.13772173616003827,0.032186643832366996,0.8300916200075948
83,2,0.09531913397423902,0.10233929617779329,0.8023415698479676
83,2,0.15980193550723007,0.09963440136877975,0.7405636631239902
83,2,0.12377107962553506,0.0640572126670843,0.8121717077073807
83,2,0.0831626602942073,0.056600755648082174,0.8602365840577106
83,2,0.10257281703461131,0.039221238179506165,0.8582059447858825
83,2,0.10414150420721566,0.04987624013623537,0.845982255656549
83,2,0.10987485424932826,0.07085974090294228,0.8192654048477295
83,2,0.12363037019560007,0.05214913621652314,0.8242204935878769
83,2,0.12980258766143227,0.11063053551945219,0.7595668768191155
83,2,0.1316030670725169,0.08486608863200633,0.7835308442954769
83,2,0.17394508045360782,0.061245390823924786,0.7648095287224674
83,2,0.13611684009798103,0.08617678090762523,0.7777063789943939
83,2,0.14750458607520828,0.07571384935141735,0.7767815645733743
83,2,0.2727182474454584,0.057366778219383574,0.669914974335158
83,2,0.17455071302054495,0.03168826836178765,0.7937610186176675
83,2,0.16813114541514793,0.03284681822458027,0.7990220363602718
83,2,0.2520247850755229,0.055995445053972845,0.6919797698705042
83,2,0.2311421268754156,0.05167865013544616,0.7171792229891383
83,2,0.2559909198979982,0.03717081412602975,0.706838265975972
83,2,0.24682074427188813,0.026102649312633137,0.7270766064154787
83,2,0.18344658797648497,0.056651357836409746,0.7599020541871052
83,2,0.19178173269551105,0.04893630133280846,0.7592819659716805
83,2,0.16509138950587046,0.051173568116735894,0.7837350423773937
83,2,0.11931418242580737,0.03735522713686394,0.8433305904373287
83,2,0.21444446345492224,0.09383607414329,0.6917194624017878
83,2,0.09205606467921326,0.08160152727345474,0.826342408047332
83,2,0.09691973664840421,0.05342305631911953,0.8496572070324763
83,2,0.17607296993885715,0.04772977897915814,0.7761972510819847
83,2,0.21397721814471005,0.05069179423654935,0.7353309876187407
83,2,0.1715368250193345,0.033512166328964255,0.7949510086517012
83,2,0.24309697016286821,0.040153200901297224,0.7167498289358345
83,2,0.3003725433280147,0.06285878697341461,0.6367686696985707
83,2,0.2741341125765587,0.06760953723506614,0.6582563501883752
83,2,0.1727815648634291,0.03630085970120851,0.7909175754353623
83,2,0.21119837517656645,0.047604823467975836,0.7411968013554578
83,2,0.23228416801989327,0.032727587173310424,0.7349882448067964
83,2,0.2583792015640923,0.04353163350722556,0.6980891649286821
83,2,0.19007304549175918,0.027498077681596424,0.7824288768266444
83,2,0.2543465398280166,0.038009100881155264,0.7076443592908283
83,2,0.1409010288064046,0.06442001312656252,0.7946789580670329
83,2,0.27353847325029457,0.04713347043037878,0.6793280563193267
83,2,0.26354514172915616,0.039288576185391125,0.6971662820854527
83,2,0.27341068476127933,0.04485660716312933,0.6817327080755914
83,2,0.25885711955958357,0.04121101597055888,0.6999318644698574
83,2,0.14701077626768058,0.0891909343236542,0.7637982894086652
83,2,0.2411358509266165,0.03732078494735107,0.7215433641260324
83,2,0.15707456660557495,0.03623661412619612,0.806688819268229
83,2,0.18002296406555401,0.04698587887964209,0.7729911570548039
83,2,0.18757307168334586,0.04938886465988222,0.7630380636567721
83,2,0.15946621927412372,0.046755452778336135,0.79377832794754
83,2,0.1907914870315379,0.04287110890489873,0.7663374040635633
83,2,0.16580612901602268,0.052360979282718774,0.7818328917012585
83,2,0.3358157811280551,0.039737746574481266,0.6244464722974636
83,2,0.1656757974278135,0.03602423720505991,0.7982999653671266
83,2,0.25727410573651965,0.05844329883094583,0.6842825954325346
83,2,0.20662244365896165,0.04780376111221522,0.745573795228823
83,2,0.2228785274655213,0.04569565645855832,0.7314258160759204
83,2,0.16159086388792568,0.05536984440785196,0.7830392917042223
83,2,0.12674576361744957,0.09512252916999621,0.7781317072125542
83,2,0.09867282089256858,0.11737666266826674,0.7839505164391646
83,2,0.20746215385563704,0.08662318768846639,0.7059146584558965
83,2,0.22984883175529028,0.1042611722962711,0.6658899959484387
83,2,0.21716527195955984,0.05671855018073153,0.7261161778597086
83,2,0.11076874775170863,0.0854607198083562,0.8037705324399351
83,2,0.21755467148382707,0.04525319419339042,0.7371921343227826
83,2,0.1142916672732606,0.057988973739758996,0.8277193589869803
83,2,0.1432065374230733,0.05022368416323161,0.806569778413695
83,2,0.21535415284176304,0.07047707184347118,0.7141687753147659
83,2,0.18873242991283454,0.05916870880651466,0.7520988612806508
83,2,0.153929661022821,0.040413575831517425,0.8056567631456616
83,2,0.215802861467982,0.0793553306630351,0.7048418078689829
83,2,0.06770616303963183,0.01873710420249525,0.913556732757873
83,2,0.13997156435082467,0.06191042943108062,0.7981180062180947
83,2,0.1431545595672283,0.13334209798509128,0.7235033424476804
83,2,0.09827079781851489,0.10537875638670852,0.7963504457947765
83,2,0.08052421080518533,0.052591066033608046,0.8668847231612066
83,2,0.1342449504467992,0.0702956556893177,0.7954593938638831
83,2,0.11158159975096242,0.0700567837981722,0.8183616164508654
83,2,0.08999709043335226,0.05361285557369327,0.8563900539929544
83,2,0.12897663511235527,0.04414796304587399,0.8268754018417708
83,2,0.1566590854219423,0.09859821066609013,0.7447427039119675
83,2,0.09765171020001905,0.13346151171198437,0.7688867780879967
83,2,0.24697143629242282,0.07849385573488947,0.6745347079726877
83,2,0.17000977683099477,0.05990970822024949,0.7700805149487557
83,2,0.19253828794186661,0.04705052380579016,0.7604111882523433
83,2,0.2402117250053909,0.051890633663360296,0.7078976413312487
83,2,0.2059055374160721,0.07869740719479244,0.7153970553891355
83,2,0.04883377757610334,0.04305392734735848,0.9081122950765381
83,2,0.18290756926294655,0.13592458309229388,0.6811678476447596
83,2,0.21843627545567693,0.0690804183636962,0.7124833061806268
83,2,0.13764862541650788,0.05362625632171475,0.8087251182617773
83,2,0.18289552926041336,0.08273244504149294,0.7343720256980937
83,2,0.2419835030407547,0.07159294972221564,0.6864235472370297
83,2,0.11024051609497959,0.039364320620798705,0.8503951632842217
83,2,0.10328580817628627,0.03131744957654608,0.8653967422471677
83,2,0.15405382552708982,0.04487368550092301,0.8010724889719872
83,2,0.23053146416879397,0.08639720107565245,0.6830713347555536
83,2,0.22208400890730426,0.10652636350344667,0.671389627589249
83,2,0.22160848055364382,0.05877687542900884,0.7196146440173473
83,2,0.2774739984853417,0.1346061958282218,0.5879198056864364
83,2,0.1032429529867044,0.0729279724917507,0.8238290745215449
83,2,0.08108905946727107,0.08220071429337873,0.8367102262393501
83,2,0.07131038054380881,0.06550386508319304,0.8631857543729982
83,2,0.06290799996844651,0.06593702843302159,0.8711549715985318
83,2,0.050201036430174185,0.06552830357066212,0.8842706599991637
83,2,0.27581200675243545,0.05141502997186089,0.6727729632757036
83,2,0.15134597338310538,0.06969918188473843,0.778954844732156
83,2,0.25371016986635486,0.05662544289798395,0.6896643872356611
83,2,0.23667308877610746,0.05155119476856119,0.7117757164553314
83,2,0.19493499398049866,0.029003713379152113,0.7760612926403492
83,2,0.19368254467400034,0.04594574171702668,0.7603717136089729
83,2,0.1776724452727835,0.03303893080942917,0.7892886239177873
83,2,0.16191963555437192,0.03500100371019966,0.8030793607354284
83,2,0.16052466664371776,0.029169603274738942,0.8103057300815434
83,2,0.1781030779244003,0.05979399646324101,0.7621029256123586
83,2,0.12002486364398034,0.03965975354865245,0.8403153828073673
83,2,0.1251492261366982,0.03484448860491134,0.8400062852583905
83,2,0.11085603249033024,0.03244160180726023,0.8567023657024095
83,2,0.13735978664743417,0.053146579487221485,0.8094936338653442
83,2,0.14980507843642166,0.048408652134388316,0.80178626942919
83,2,0.1837937661752314,0.07478338798591974,0.7414228458388489
83,2,0.2579296169834584,0.04071937391081818,0.7013510091057233
83,2,0.18045867306050192,0.02611368948364295,0.7934276374558552
83,2,0.17674973105025055,0.025677917197070868,0.7975723517526786
83,2,0.2366762761281137,0.06002080451639898,0.7033029193554873
83,2,0.2735931306583504,0.03267927812807165,0.693727591213578
83,2,0.202363581976928,0.03199019464522092,0.765646223377851
83,2,0.14039473978191003,0.04540854321202625,0.8141967170060638
83,2,0.18539602022563373,0.05890234195906003,0.7557016378153062
83,2,0.2366823029028934,0.03146952038513527,0.7318481767119712
83,2,0.22413137182807796,0.02829165302011169,0.7475769751518103
83,2,0.21038567309990175,0.04109898799061303,0.7485153389094852
83,2,0.12540843508967536,0.028229560032118958,0.8463620048782057
83,2,0.1378737237952026,0.02117531333166491,0.8409509628731325
83,2,0.07426093726746068,0.023583948824445065,0.9021551139080943
83,2,0.07179545565038506,0.026976333231412835,0.9012282111182022
83,2,0.2038690461748857,0.041102501973425014,0.7550284518516893
83,2,0.233151177562345,0.031234750311378838,0.7356140721262762
83,2,0.11065635954935037,0.03046695531263533,0.8588766851380144
83,2,0.10587453548787464,0.09207837051347678,0.8020470939986486
83,0,0.12776402183862035,0.06469717313687456,0.8075388050245051
83,0,0.11481997217671179,0.040441188177942546,0.8447388396453456
83,0,0.21025742823705593,0.04125759615738515,0.7484849756055589
83,0,0.227575828497153,0.04393217446912508,0.728491997033722
83,0,0.13672590702343362,0.04053280310756319,0.8227412898690032
83,0,0.15744310260552602,0.03919950243328901,0.8033573949611851
83,0,0.23367310582800407,0.05404982501182665,0.7122770691601693
83,0,0.19824932704470802,0.022927037615184154,0.7788236353401079
83,0,0.18192254289544477,0.04304628730155229,0.7750311698030029
83,0,0.22356092753201914,0.05609859216828605,0.7203404802996949
83,0,0.2280525337222563,0.040975976833491495,0.7309714894442522
83,0,0.19727264584760465,0.05905550455543092,0.7436718495969645
83,0,0.18515436251898285,0.05393364301715452,0.7609119944638626
83,0,0.1390729289975806,0.04546362836238985,0.8154634426400295
83,0,0.2221425860547943,0.0437133646510754,0.7341440492941302
83,0,0.18052395246559702,0.0450868328258265,0.7743892147085765
83,0,0.15661334028017035,0.08222542498068904,0.7611612347391405
83,0,0.13363933142455073,0.08502512607054113,0.7813355425049082
83,0,0.17197070607165235,0.0647892765567444,0.7632400173716033
83,0,0.191831272428722,0.027460177486162703,0.7807085500851152
83,0,0.19872849977810392,0.03784774951162657,0.7634237507102695
83,0,0.19730756483255346,0.04333123682993455,0.759361198337512
83,0,0.17695849436526584,0.06091529223976438,0.7621262133949698
83,0,0.18765801337531984,0.046547537339521175,0.765794449285159
83,0,0.11099976002356206,0.09120216653676386,0.7977980734396741
83,0,0.17887850733831492,0.05022856844781817,0.7708929242138669
83,0,0.10178778322262834,0.028459556186108882,0.8697526605912628
83,0,0.12630067307058207,0.02773789526323451,0.8459614316661834
83,0,0.13816407663003538,0.04178981415488323,0.8200461092150814
83,0,0.1364278262008169,0.032065636528096665,0.8315065372710864
83,0,0.18403137553493185,0.05036696652218581,0.7656016579428824
83,0,0.19794530373774785,0.03715988356923476,0.7648948126930174
83,0,0.1988661216731284,0.031802005895293604,0.769331872431578
83,0,0.18309113108961697,0.03374536139230435,0.7831635075180787
83,0,0.23973752266924056,0.034567228120518316,0.7256952492102411
83,0,0.23645862457090785,0.031372690952626306,0.7321686844764658
83,0,0.1853602684101813,0.04266183355493844,0.7719778980348803
83,0,0.20296146692213357,0.03877431533053419,0.7582642177473322
83,0,0.2721442038815414,0.13102592004484379,0.5968298760736147
83,0,0.2348364789418063,0.06707192522251912,0.6980915958356745
83,0,0.1979203080598897,0.057336614761217375,0.7447430771788929
83,0,0.16150634133180378,0.043162756205223966,0.7953309024629722
83,0,0.20959423712018369,0.053034904622905825,0.7373708582569104
83,0,0.33840578435745733,0.11392351095061287,0.5476707046919298
83,0,0.17051280617183817,0.05694354029157525,0.7725436535365866
83,0,0.18143440386590054,0.05558786615566398,0.7629777299784354
83,0,0.1281815153166064,0.05049078987493086,0.8213276948084627
83,0,0.21054027368085373,0.044447552760051946,0.7450121735590943
83,0,0.13828482473470663,0.06319659219552533,0.7985185830697681
83,0,0.18144642854147625,0.08421451366332276,0.734339057795201
83,0,0.20601804368723803,0.05246033718557497,0.7415216191271871
83,0,0.17818206614830157,0.06626466635385196,0.7555532674978466
83,0,0.20194583351615825,0.07486436264939957,0.7231898038344421
83,0,0.18313498627953914,0.0616222220258656,0.7552427916945953
83,0,0.13180063817758206,0.10266661689102893,0.765532744931389
83,0,0.19211539852347378,0.053717188196938284,0.7541674132795879
83,0,0.3191249170773415,0.08139177694064828,0.5994833059820102
83,2,0.2563341652989179,0.025640139998323586,0.7180256947027585
83,2,0.2365015632154685,0.011538889089952693,0.7519595476945787
83,2,0.08730287060125529,0.012543124737183688,0.900154004661561
83,2,0.2858753334018358,0.02528647168661259,0.6888381949115516
83,2,0.07425805348753008,0.011856991815129484,0.9138849546973404
83,2,0.08524346107385368,0.008382018802112513,0.9063745201240337
83,2,0.1303015603232925,0.02174429230489569,0.8479541473718119
83,0,0.13901613857629352,0.0331151338683906,0.8278687275553159
83,0,0.14636871261017842,0.0206672131941546,0.8329640741956669
83,0,0.16723456408471044,0.015755247114054103,0.8170101888012354
83,0,0.17697388174443437,0.015584373214640191,0.8074417450409255
83,0,0.1799907417101798,0.022025001142454547,0.7979842571473656
83,0,0.11214753125687237,0.016265872355916897,0.8715865963872108
83,0,0.12564244759850762,0.01539626944947632,0.858961282952016
83,0,0.14547140383564056,0.03992760648993685,0.8146009896744225
83,0,0.1086114978370521,0.015287403408045002,0.8761010987549028
83,0,0.08446535410185191,0.015003044249918622,0.9005316016482295
83,0,0.061226544014242476,0.012532129180793748,0.9262413268049637
83,0,0.07006016455111934,0.013057132484545016,0.9168827029643356
83,0,0.08546246176474334,0.019774258965946548,0.89476327926931
83,0,0.08993803376563396,0.019425658494630668,0.8906363077397355
83,2,0.43967800682503827,0.05580091093401196,0.5045210822409497
83,2,0.22914235374436823,0.049872484067321435,0.7209851621883103
83,2,0.251934305451868,0.28059885011314306,0.4674668444349889
83,2,0.2893464236188006,0.18019305289711582,0.5304605234840836
83,2,0.17442873826252,0.14708685404401153,0.6784844076934685
83,2,0.04138928754917931,0.04655328560233624,0.9120574268484843
83,2,0.19921559508377973,0.10300980320252467,0.6977746017136957
83,0,0.14749927719480707,0.050784612908621386,0.8017161098965715
83,0,0.15453063282497992,0.03974853512567624,0.8057208320493439
83,0,0.14371212705571823,0.037946209057144034,0.8183416638871378
83,0,0.16427395073321693,0.03552436385228042,0.8002016854145027
83,0,0.178423095439099,0.0407656532031385,0.7808112513577625
83,0,0.16648303865836692,0.03470666199068968,0.7988102993509434
83,0,0.1607535061970166,0.04819475349697528,0.791051740306008
83,0,0.1201985540973866,0.04803382123124553,0.8317676246713679
83,0,0.12062779104905089,0.04463428732062011,0.834737921630329
83,0,0.12537745055485608,0.029190809819812483,0.8454317396253314
83,0,0.3243140113011086,0.10128963343912899,0.5743963552597624
83,0,0.1475639617433164,0.11719528895238518,0.7352407493042985
83,0,0.2752078313199932,0.10247536333728707,0.6223168053427197
83,0,0.123336349745287,0.11669605569144202,0.759967594563271
83,2,0.14850801163079425,0.17184502589778797,0.6796469624714179
83,2,0.053745737283409964,0.04074361099648963,0.9055106517201005
83,2,0.0917179557124112,0.0688050978584122,0.8394769464291767
83,2,0.07864371977902991,0.03756034144399809,0.883795938776972
83,2,0.11748472436993666,0.0702923049811458,0.8122229706489176
83,2,0.08762053472476816,0.044059027744776026,0.8683204375304557
83,2,0.10644066818388385,0.06659734978855476,0.8269619820275614
83,2,0.07422927925373085,0.04634854933567023,0.8794221714105988
83,2,0.12424723722360803,0.07758878459736551,0.7981639781790264
83,2,0.0886365665499413,0.09679758965658884,0.8145658437934699
83,2,0.07453569216974024,0.052768941891090576,0.8726953659391693
83,2,0.20259016551169556,0.16195532029559573,0.6354545141927087
83,2,0.1187408162711026,0.11496608226432797,0.7662931014645694
83,2,0.08843653465857021,0.033586226382003745,0.877977238959426
83,2,0.09864981599009852,0.01827300265173449,0.883077181358167
83,2,0.09352127031141995,0.019523937578634597,0.8869547921099454
83,2,0.06606550463145398,0.019205814068252496,0.9147286813002936
83,2,0.12208993291036604,0.018645170238611116,0.8592648968510228
83,2,0.10444773072153514,0.023942186101946816,0.871610083176518
83,2,0.14899157305836228,0.03861306012682379,0.8123953668148141
83,2,0.13040781052947392,0.021241392797218903,0.8483507966733073
83,2,0.10867811725451469,0.02084762878571343,0.8704742539597718
83,2,0.14068668424577907,0.10986068203535139,0.7494526337188695
83,2,0.09012114770661318,0.039016187084917615,0.8708626652084691
83,2,0.0822032087541462,0.023907044563476136,0.8938897466823778
83,2,0.10974854694697614,0.03924925853462144,0.8510021945184023
83,2,0.07408969657190116,0.0246145862848012,0.9012957171432975
83,2,0.04605318750111428,0.026057110308981665,0.9278897021899041
83,2,0.07369729366421976,0.030114102725957208,0.896188603609823
83,2,0.040294925647382844,0.03653150013084605,0.9231735742217712
83,2,0.05434182236139161,0.07703336296406808,0.8686248146745402
83,2,0.0598946449172269,0.049510380978153135,0.8905949741046201
83,2,0.048475789590719055,0.06972543659440704,0.8817987738148738
83,2,0.04720918241401222,0.052682461655016874,0.9001083559309708
83,2,0.04100087304302369,0.05911794581827972,0.8998811811386966
83,2,0.041544025788194154,0.04305212300432865,0.9154038512074771
83,2,0.04189962405417184,0.07843556638889727,0.8796648095569309
83,2,0.05076391793892234,0.2166261640895032,0.7326099179715745
83,2,0.077975569093499,0.13040391621544303,0.7916205146910581
83,2,0.07798152531259449,0.058465827331630436,0.863552647355775
83,2,0.07324044668781954,0.07539277295680619,0.8513667803553743
83,2,0.05872268389885476,0.062375649416031465,0.8789016666851138
83,2,0.0786089115861506,0.062245198832401136,0.8591458895814482
83,2,0.12661259828586025,0.04794743945866179,0.825439962255478
83,2,0.15279975807837676,0.04647743851779731,0.8007228034038258
83,2,0.14849658165311946,0.05470808565171837,0.7967953326951621
83,2,0.14941223203092924,0.05339335662210519,0.7971944113469654
83,2,0.15914457731550652,0.07859448284536734,0.7622609398391261
83,2,0.15366077453473503,0.035318855871649305,0.8110203695936157
83,2,0.15120546611126637,0.06363572627916808,0.7851588076095656
83,2,0.16088118664751858,0.05818922559092047,0.780929587761561
83,2,0.16811897295355224,0.05312406284316598,0.7787569642032818
83,2,0.17671115945176788,0.043471802400961775,0.7798170381472703
83,2,0.18413954384873063,0.055716103560185984,0.7601443525910834
83,2,0.2420810727852299,0.031143601974678962,0.7267753252400913
83,2,0.24363433642406226,0.031924405747949226,0.7244412578279885
83,2,0.3762452386441382,0.048028732780792296,0.5757260285750694
83,2,0.15244203861985442,0.09112143699253393,0.7564365243876117
83,2,0.09902622115177216,0.045083360675750216,0.8558904181724776
83,2,0.11342679274417655,0.04935021498593002,0.8372229922698935
83,2,0.13786482620746005,0.07405307335929033,0.7880821004332496
83,2,0.18579287909128653,0.08134781346936121,0.7328593074393523
83,2,0.09212545132817809,0.07810758321822765,0.8297669654535942
83,2,0.16491617311733137,0.024233489598898133,0.8108503372837705
83,2,0.37641227949749606,0.07759784862107143,0.5459898718814326
83,2,0.13562099513336998,0.06941812833205412,0.7949608765345758
83,2,0.11333826624530692,0.15914320069938773,0.7275185330553054
83,2,0.09998111325379583,0.07438175810174076,0.8256371286444634
83,2,0.09256258968648785,0.04627470605438432,0.8611627042591279
83,2,0.06487937326717605,0.0330142986457847,0.9021063280870393
83,2,0.15151433557965263,0.05377567447120105,0.7947099899491463
83,2,0.24790437668041296,0.06522143246778962,0.6868741908517975
83,2,0.1365438115140163,0.04896123774687546,0.8144949507391083
83,2,0.21014720187773525,0.08997434594665094,0.699878452175614
83,2,0.1674234142433877,0.07491066914510401,0.7576659166115083
83,2,0.1511506868526932,0.05342962859396017,0.7954196845533467
83,2,0.148328124825306,0.03690005577407564,0.8147718194006184
83,2,0.15865939564208464,0.0468853566848658,0.7944552476730496
83,2,0.14579777500048383,0.039169487718857046,0.8150327372806591
83,2,0.19980538560854524,0.03714050698073772,0.7630541074107171
83,2,0.1467033570682979,0.05175004550027688,0.8015465974314252
83,2,0.21888700759573745,0.058132313557663635,0.7229806788465989
83,2,0.17903369018464924,0.04432896650641279,0.776637343308938
83,2,0.19344333186745027,0.04388291490568387,0.7626737532268659
83,2,0.1061108115543063,0.03904243801262281,0.854846750433071
83,2,0.14311850660392098,0.03774445419348708,0.819137039202592
83,2,0.1781146047141776,0.06645756048681283,0.7554278347990095
83,2,0.20351729511366065,0.05992563576681797,0.7365570691195215
83,2,0.14654071181074682,0.11209819002344974,0.7413610981658034
83,2,0.08524414946036035,0.06990140268180613,0.8448544478578335
83,2,0.09244294930910303,0.08322273383274847,0.8243343168581484
83,2,0.06767541646020873,0.12174060682300063,0.8105839767167907
83,2,0.1421459337524527,0.055148391329442145,0.8027056749181051
83,2,0.268591471513095,0.06718072262007463,0.6642278058668305
83,2,0.12800792527184934,0.027640565717880653,0.8443515090102699
83,2,0.20217811610459568,0.03632494691821733,0.761496936977187
83,2,0.15305047982938264,0.04678512335192858,0.8001643968186888
83,2,0.16316096529856072,0.15241174749929012,0.6844272872021491
83,2,0.19361458361406006,0.043019248920231644,0.7633661674657084
83,2,0.14208659931919157,0.053899144679472044,0.8040142560013365
83,2,0.1574691370891599,0.06089959658522493,0.7816312663256152
83,2,0.14219322231115678,0.06200376628203176,0.7958030114068114
83,2,0.14063726457857226,0.05274756778782852,0.8066151676335992
83,2,0.19621356665192738,0.08713115323042805,0.7166552801176446
83,2,0.20417727558647114,0.19272895208873472,0.6030937723247941
83,2,0.18767530041274283,0.09796184705016915,0.714362852537088
83,2,0.20852324875950168,0.07013941992806336,0.7213373313124349
83,2,0.10459058659690214,0.11191282890495427,0.7834965844981435
83,2,0.09969739459702462,0.13881188982563775,0.7614907155773376
83,2,0.19626240544738996,0.33172679832511326,0.47201079622749675
83,2,0.03106029349153518,0.27953004143581617,0.6894096650726487
83,2,0.05241708758028494,0.4832150312916094,0.46436788112810556
83,2,0.04181117149053576,0.17290131694635938,0.7852875115631048
83,2,0.04084606707738213,0.24242107215213,0.7167328607704879
83,2,0.10831767995904816,0.1486306914490472,0.7430516285919045
83,2,0.14778682434433818,0.11524896810236844,0.7369642075532933
83,2,0.1313979234844181,0.07781465927774052,0.7907874172378414
83,2,0.1818550696649175,0.040036532542241286,0.7781083977928411
83,2,0.25213298003568885,0.08939087695959844,0.6584761430047128
83,2,0.15002052743634234,0.04296010916494139,0.8070193633987163
83,2,0.20153027761423503,0.04039997983492602,0.758069742550839
83,2,0.17425074631488255,0.0461501373148034,0.7795991163703141
83,2,0.21029135714103767,0.07380405052276587,0.7159045923361964
83,2,0.12778395656561126,0.07540015882314388,0.7968158846112449
83,2,0.20060514690303005,0.043019817776011444,0.7563750353209585
83,2,0.21184496043967607,0.07033693432187879,0.7178181052384451
83,2,0.10775017982660128,0.04975437753716945,0.8424954426362293
83,2,0.13940329673831545,0.06070837359988858,0.7998883296617961
83,2,0.15066855136578478,0.05751630687381216,0.791815141760403
83,2,0.11725055309961983,0.04162170216197248,0.8411277447384077
83,2,0.09612114382894148,0.4085600682811849,0.4953187878898736
83,2,0.13325755560697222,0.080403429079348,0.7863390153136798
83,2,0.18925791017699678,0.06100131857608247,0.7497407712469208
83,2,0.18533526395903938,0.05009001153895641,0.7645747245020041
83,2,0.12034673363321878,0.03600954988133775,0.8436437164854435
83,2,0.17148751374018573,0.04935058364431425,0.7791619026155
83,2,0.2402865722375303,0.06873663544153724,0.6909767923209325
83,2,0.17609459254348078,0.0279657323989452,0.7959396750575741
83,2,0.1973097043983509,0.043707694913855365,0.7589826006877938
83,2,0.20616205927908646,0.04985686332077861,0.743981077400135
83,2,0.19884775538374672,0.05347637558121741,0.7476758690350358
83,2,0.1627700217814348,0.05531661006544269,0.7819133681531225
83,2,0.1851548570503268,0.08241182721540642,0.7324333157342667
83,2,0.2353372788702153,0.07068536585097128,0.6939773552788134
83,2,0.18566651551637198,0.05029083456899865,0.7640426499146294
83,2,0.14382792757346585,0.04043976794529328,0.815732304481241
83,2,0.13505753138897972,0.04106706848898419,0.8238754001220361
83,2,0.18004790683597044,0.040551466262210234,0.7794006269018193
83,2,0.19998332242592612,0.05094135952646685,0.749075318047607
83,2,0.19213859746608072,0.0483748145842468,0.7594865879496725
83,2,0.14417644376298144,0.05063526737462508,0.8051882888623935
83,2,0.16696859671629632,0.05685111608879571,0.7761802871949081
83,2,0.2085887198992834,0.06727694194415425,0.7241343381565624
83,2,0.13978395781376846,0.030553108110344895,0.8296629340758868
83,2,0.14770001404516497,0.04811104841119627,0.8041889375436388
83,2,0.2177229490075433,0.0836108739004347,0.6986661770920221
83,2,0.1502119696015386,0.08098950694065307,0.7687985234578082
83,2,0.21218003490115728,0.09373615913777722,0.6940838059610656
83,2,0.14805608769179912,0.06504811031741911,0.7868958019907818
83,2,0.12886734781997192,0.14960634582386476,0.7215263063561633
83,2,0.2725300539939991,0.0856469299303232,0.6418230160756778
83,2,0.18285512948466423,0.04360893439260248,0.7735359361227333
83,2,0.20131005166141921,0.06691875912535128,0.7317711892132295
83,2,0.17179791374369105,0.045814004617168065,0.782388081639141
83,2,0.15616651236234258,0.032099247491658794,0.8117342401459986
83,2,0.24897535550899327,0.052478757476727145,0.6985458870142796
83,2,0.15812584285007905,0.030092130327525946,0.811782026822395
83,2,0.19598834244483995,0.04492844492563247,0.7590832126295276
83,2,0.4116398600895758,0.12176215125747845,0.4665979886529456
83,2,0.193951584537296,0.05020380152036608,0.7558446139423379
83,2,0.1716630033598831,0.046726577216649405,0.7816104194234674
83,2,0.23692622022109985,0.08271934333767184,0.6803544364412283
83,2,0.15279778575193154,0.03248183286353745,0.8147203813845311
83,2,0.1751449102559601,0.036034619178835534,0.7888204705652043
83,2,0.13992080016626776,0.03297273811730094,0.8271064617164313
83,2,0.1545363452345482,0.04117053194936544,0.8042931228160864
83,2,0.14867408885103003,0.044391689449641225,0.8069342216993287
83,2,0.20330159904116493,0.042551678814355176,0.7541467221444799
83,2,0.20418294845219725,0.04565810827922342,0.7501589432685793
83,2,0.22956132471080296,0.04383506141343053,0.7266036138757666
83,2,0.1998254501697362,0.05326969211213168,0.7469048577181322
83,2,0.18976002344511794,0.0573326019239294,0.7529073746309526
83,2,0.21081862698559048,0.0823023071822145,0.706879065832195
83,2,0.19726684685994017,0.07241725192678118,0.7303159012132787
83,2,0.13717083010177578,0.05307710472111538,0.8097520651771088
83,2,0.1124593506620214,0.08765703677976594,0.7998836125582126
83,2,0.10290066436885666,0.06494327994330774,0.8321560556878356
83,2,0.16681415835876373,0.04521656509713396,0.7879692765441022
83,2,0.15749963037262746,0.04821343333076888,0.7942869362966037
83,2,0.205259144403097,0.06556783528600009,0.7291730203109029
83,2,0.28588279450566184,0.07600779587718773,0.6381094096171505
83,2,0.1501566202601093,0.06129311144571258,0.7885502682941782
83,2,0.15829024153760693,0.06697951456960255,0.7747302438927907
83,2,0.23850142642416555,0.06412480942963654,0.697373764146198
83,2,0.08522166159667997,0.04151469320159822,0.8732636452017218
83,2,0.08167681035955171,0.045924784397905136,0.8723984052425432
83,2,0.09616538345322219,0.07185894288103015,0.8319756736657478
83,2,0.1135905969632918,0.05541681261638143,0.8309925904203268
83,2,0.12227169427673654,0.03456471268029554,0.843163593042968
83,2,0.19225843246833765,0.044190370486423436,0.7635511970452388
83,2,0.23039047200284596,0.06398077058727855,0.7056287574098754
83,2,0.20058266864577157,0.054200388100348655,0.7452169432538798
83,2,0.20259841987503216,0.13281789996689325,0.6645836801580746
83,2,0.16146194977656625,0.14883868729962535,0.6896993629238084
83,2,0.12125898178946232,0.03608685358502507,0.8426541646255127
83,2,0.23914018203620752,0.08037116040997627,0.6804886575538162
83,2,0.19702324645796707,0.0356945970894624,0.7672821564525706
83,2,0.17902128996129868,0.054926723777125076,0.7660519862615763
83,2,0.13019918474225914,0.04038700213329389,0.829413813124447
83,2,0.14438759058294265,0.03955061184940999,0.8160617975676473
83,2,0.20355998697178726,0.06799019148041595,0.7284498215477969
83,2,0.21228997320717533,0.05113365069363113,0.7365763760991936
83,2,0.12132602575221106,0.040236533965109955,0.838437440282679
83,2,0.15966182909645518,0.06423767384577837,0.7761004970577665
83,2,0.2369464341173936,0.0945355156940414,0.668518050188565
83,2,0.20339186575668416,0.056348641474274964,0.7402594927690408
83,2,0.17944908868655574,0.04616700932697125,0.774383901986473
83,2,0.15790402901990938,0.044660600827004696,0.7974353701530859
83,2,0.1266108213729649,0.09179166840803554,0.7815975102189995
83,2,0.10600789198966935,0.052889278657479756,0.8411028293528509
83,2,0.10315305427207583,0.043462735623800125,0.8533842101041241
83,2,0.10550211865657892,0.06024415143244204,0.834253729910979
83,2,0.12612924699192632,0.04231655823455412,0.8315541947735196
83,2,0.25086925144362393,0.08305896705171578,0.6660717815046604
83,2,0.0985306429943477,0.058115532309134264,0.843353824696518
83,2,0.1350792443489287,0.04555638843302911,0.8193643672180422
83,2,0.12505916970083172,0.10292202015110442,0.7720188101480638
83,2,0.07816453795281797,0.053490535440638545,0.8683449266065435
83,2,0.10021054314276753,0.06301672384728478,0.8367727330099477
83,2,0.12247244430778961,0.08152896342983304,0.7959985922623773
83,2,0.09964284903790012,0.0811344567291369,0.819222694232963
83,2,0.06874671888439071,0.04369435599343215,0.8875589251221773
83,2,0.09605918923593577,0.08368513837250681,0.8202556723915574
83,2,0.09360651349409974,0.03668660677969794,0.8697068797262024
83,2,0.09756839322445991,0.018666926621874157,0.8837646801536659
83,2,0.09394704262230472,0.01627112576719462,0.8897818316105007
83,2,0.08009627175023155,0.018441537898168908,0.9014621903515995
83,2,0.07017429635558532,0.036451139029520734,0.8933745646148941
83,2,0.11207444003834643,0.06428578945727545,0.8236397705043782
83,2,0.18819820065239284,0.057369462539439586,0.7544323368081675
83,2,0.15869475008053935,0.05751004322162482,0.7837952066978358
83,2,0.23640888467478943,0.15588325867975975,0.6077078566454508
83,2,0.19108175476655015,0.09391823961741834,0.7150000056160316
83,2,0.1497966894636749,0.06362575969580843,0.7865775508405167
83,2,0.17810815324230728,0.06673950995050047,0.7551523368071923
83,2,0.13624697773546182,0.050673269021477854,0.8130797532430604
83,2,0.12818403113694696,0.10320265140412639,0.7686133174589267
83,2,0.1572643374954503,0.06604027160174218,0.7766953909028075
83,2,0.20747671289982458,0.08431508485624052,0.7082082022439349
83,2,0.4481241923492282,0.074289466824774,0.4775863408259979
83,2,0.25061338146718015,0.05824093071464254,0.6911456878181774
83,2,0.16892943950150535,0.10295376688752426,0.7281167936109705
83,2,0.210382747920334,0.09728867183248832,0.6923285802471777
83,2,0.1446656341650092,0.08728168485545691,0.7680526809795338
83,2,0.11057675865594593,0.06317097319237733,0.8262522681516767
83,2,0.1254050308776115,0.051854789369484705,0.8227401797529038
83,2,0.14736569320342194,0.053073552590103726,0.7995607542064743
83,2,0.16894518789074342,0.03572942586528619,0.7953253862439704
83,2,0.16183013536478436,0.04285823246544521,0.7953116321697704
83,2,0.20491194757496112,0.13299364109011264,0.6620944113349263
83,2,0.1080772182431867,0.11403284267938961,0.7778899390774237
83,2,0.11092515376871764,0.09021620579709476,0.7988586404341876
83,2,0.10082998355908115,0.0480249245614653,0.8511450918794534
83,2,0.12963542406278628,0.05166791060130856,0.8186966653359051
83,2,0.10951930423996047,0.091422747495837,0.7990579482642025
83,2,0.10546828627067098,0.10050578758526378,0.7940259261440652
83,2,0.10968385779289466,0.05378090956690232,0.836535232640203
83,2,0.11421654415095331,0.11558440016919475,0.770199055679852
83,2,0.06656953831543815,0.06409262721797891,0.869337834466583
83,2,0.10301321320613117,0.06530060621691704,0.8316861805769518
83,2,0.20549382743675312,0.07002835552330526,0.7244778170399416
83,2,0.13271235355807648,0.09036902326128364,0.77691862318064
83,2,0.11319595040585226,0.021088174363865658,0.8657158752302822
83,2,0.08844950115942958,0.032016332694798234,0.8795341661457723
83,2,0.20673240422053313,0.025346495695034856,0.767921100084432
83,2,0.10865174197499915,0.026746789069199525,0.8646014689558013
83,2,0.07658547838442196,0.011599107358032839,0.9118154142575453
83,2,0.07953878530867248,0.014106030211060074,0.9063551844802675
83,2,0.15221692957660146,0.0635137509834904,0.7842693194399082
83,2,0.204141362414402,0.025157806934614644,0.7707008306509834
83,2,0.07735530805104981,0.013895245403363463,0.9087494465455868
83,2,0.20843711041065818,0.021351277405380908,0.7702116121839611
83,2,0.16410455222691958,0.04922292466775516,0.7866725231053253
83,2,0.14503550055755743,0.0699714934724934,0.7849930059699493
83,2,0.10885338744022496,0.041181382815523825,0.8499652297442511
83,2,0.10514229802948122,0.03388016272145364,0.8609775392490651
83,2,0.16509381130441875,0.033549411229652076,0.8013567774659291
83,2,0.1355850814756363,0.03426032229359684,0.8301545962307668
83,2,0.1765800143909413,0.04507420836370098,0.7783457772453577
83,2,0.16686824454807794,0.036887483036259716,0.7962442724156623
83,2,0.22687668687822055,0.04254661264103661,0.7305767004807429
83,2,0.20496395190095404,0.04616320692943657,0.7488728411696094
83,2,0.16467317384486052,0.034522995481616546,0.8008038306735228
83,2,0.23879787145683198,0.06709568448369105,0.694106444059477
83,2,0.06950954500023089,0.03896074546198957,0.8915297095377795
83,2,0.11432463787488574,0.06701620828617279,0.8186591538389414
83,2,0.09764902732542326,0.05877424695560342,0.8435767257189734
83,2,0.10635357503413102,0.053001281331352,0.8406451436345169
83,2,0.12034851632931576,0.0935741625766856,0.7860773210939985
83,2,0.24271839135713674,0.0448470747419558,0.7124345339009075
83,2,0.07920853832054563,0.0229868642590974,0.8978045974203569
83,2,0.13912899110683577,0.0158378112054384,0.8450331976877259
83,2,0.07280260093396397,0.022417692403791267,0.9047797066622448
83,2,0.1289194836836091,0.024170869313440202,0.8469096470029507
83,2,0.1128561051201293,0.021536570690943793,0.8656073241889268
83,2,0.0850348929316334,0.014468519927159354,0.9004965871412073
83,2,0.12373684921232331,0.019691257872277605,0.8565718929153991
83,2,0.10488318773324577,0.022305139803814884,0.8728116724629392
83,2,0.11623821308748868,0.016259661269356965,0.8675021256431543
83,2,0.09989186980340625,0.01503697849202188,0.8850711517045718
83,2,0.1270322983008388,0.030873622212271298,0.8420940794868899
83,2,0.15061839625619095,0.01975792693201988,0.8296236768117892
83,2,0.20054344981507552,0.04286106904788306,0.7565954811370414
83,2,0.21318775382815433,0.031177682506148476,0.7556345636656971
83,2,0.20223277464329092,0.05440785275827377,0.7433593725984353
83,2,0.28329642648710635,0.04976062106579279,0.6669429524471009
83,2,0.39402299557689546,0.014361547267597877,0.5916154571555067
83,2,0.2567279276683347,0.014180661893354365,0.7290914104383109
83,2,0.4037374789062444,0.01644802610724468,0.5798144949865108
83,2,0.2153569436167347,0.021344060746898954,0.7632989956363664
83,2,0.1613115205752301,0.021578880547593552,0.8171095988771763
83,2,0.1870778158383899,0.028661560822775347,0.7842606233388346
83,2,0.16270031578913735,0.02920178787925335,0.8080978963316092
83,2,0.14437548032737627,0.025618776885454646,0.830005742787169
83,2,0.24068471803680822,0.01799287012900864,0.7413224118341832
83,2,0.17417556091801986,0.016473731459338344,0.8093507076226418
83,2,0.16897480957088692,0.01524051651197899,0.8157846739171342
83,2,0.20389135119909696,0.013263376043020142,0.782845272757883
83,2,0.08630769803585102,0.017041472201501928,0.8966508297626471
83,2,0.07146489370242703,0.014023600371873243,0.9145115059256997
83,2,0.06728214918042315,0.011791852190469986,0.920925998629107
83,2,0.099308601563022,0.015255197777835723,0.8854362006591423
83,2,0.20209120994515922,0.03672408124889141,0.7611847088059495
83,2,0.06774344758372428,0.0217937266061726,0.9104628258101032
83,2,0.11884549741881394,0.028200843824648332,0.8529536587565377
83,2,0.2082902029647042,0.022938152056565925,0.76877164497873
83,2,0.07929567039352498,0.019193816986096204,0.9015105126203788
83,2,0.14255442459593914,0.020852568499783508,0.8365930069042773
83,2,0.08961845435018961,0.016564332213298175,0.8938172134365122
83,2,0.10515455608152906,0.019584213351216462,0.8752612305672545
83,2,0.1065913687019058,0.02916332138541831,0.8642453099126759
83,2,0.22803683863364954,0.011422603121977059,0.7605405582443735
83,2,0.2707118811152533,0.0662442309385851,0.6630438879461616
83,2,0.11570239230179,0.08653654797696345,0.7977610597212466
83,2,0.0686365324304099,0.05499798727937586,0.8763654802902142
83,2,0.07162482042880679,0.022688394257827742,0.9056867853133654
83,2,0.06701532443301196,0.018455256580058903,0.9145294189869291
83,2,0.07134583314662417,0.018324997974898664,0.9103291688784773
83,2,0.06800892829753977,0.021612062984614364,0.9103790087178458
83,2,0.12145318479451676,0.016120652659695117,0.862426162545788
83,2,0.15892347248744373,0.019143411842709117,0.8219331156698472
83,2,0.09845782088258592,0.02586851526548535,0.8756736638519287
83,2,0.06090693258385047,0.025962981468897223,0.9131300859472523
83,2,0.08133347129573608,0.02701619550050308,0.8916503332037607
83,2,0.18000241231308406,0.035400801554942,0.784596786131974
83,2,0.06768634436943985,0.023834882230307112,0.9084787734002531
83,2,0.0639595557146556,0.02456562723821496,0.9114748170471293
83,2,0.07722132341770156,0.013160114053634167,0.9096185625286642
83,2,0.2845049026325849,0.016492870761380025,0.6990022266060351
83,2,0.10703523356566588,0.026663686611001203,0.8663010798233329
83,2,0.056771178021334724,0.02055454811577231,0.922674273862893
83,2,0.06047707086333381,0.03199832804588594,0.9075246010907803
83,2,0.23366555500928704,0.0625758881459515,0.7037585568447615
83,2,0.13075516308733393,0.01931603419782876,0.8499288027148373
83,2,0.12543219924180818,0.01670165322144627,0.8578661475367456
83,2,0.1499405239587804,0.022320598527061215,0.8277388775141584
83,2,0.4244633475172344,0.02574649798068176,0.5497901545020838
83,2,0.176192278649307,0.03973453672248539,0.7840731846282075
83,2,0.13225947582786157,0.016120827038794184,0.8516196971333443
83,2,0.10127072371684426,0.030937698392882053,0.8677915778902737
83,2,0.14898995846570207,0.1178582495036261,0.7331517920306718
83,2,0.02737194130308629,0.06921097335396373,0.9034170853429498
83,2,0.025948347140589093,0.05735491615146864,0.9166967367079423
83,2,0.05043507766535192,0.06051664206801009,0.889048280266638
83,2,0.059648303169476787,0.05732437548422979,0.8830273213462935
83,2,0.07187383476581903,0.06793842148608487,0.8601877437480961
83,2,0.32919774794855394,0.06569748450282163,0.6051047675486245
83,2,0.09742085975329084,0.24830271199126402,0.6542764282554451
83,2,0.025568495899280046,0.06178127458205685,0.9126502295186631
83,2,0.05328284887999375,0.16288041545769494,0.7838367356623113
83,2,0.03226270022155714,0.0846868018962491,0.8830504978821937
83,2,0.02582772481977407,0.0122469532814489,0.961925321898777
83,2,0.13674018622756506,0.03474929877513393,0.8285105149973011
83,2,0.12144185345925369,0.014450868821796234,0.86410727771895
83,2,0.15257451876333508,0.01234907512133772,0.8350764061153272
83,2,0.17249716430497763,0.019238045497870265,0.8082647901971521
83,2,0.11471102791669978,0.01247461310551207,0.8728143589777881
83,2,0.391640426932052,0.02341472432197225,0.5849448487459759
83,2,0.2118300075491707,0.05131330895107718,0.7368566834997521
83,2,0.31235208850254736,0.06253296939282063,0.625114942104632
83,2,0.20620668986011584,0.23699072017003936,0.5568025899698448
83,2,0.12612178414234154,0.10863788823363223,0.7652403276240263
83,2,0.15338391762675643,0.01853016917573506,0.8280859131975085
83,2,0.13838848665171707,0.027440473416844337,0.8341710399314387
83,2,0.09428677148334473,0.02289974276982872,0.8828134857468266
83,2,0.06184059210562817,0.023246208371907013,0.9149131995224647
83,2,0.06830041051561775,0.015517522505012699,0.9161820669793694
83,2,0.056531337601561406,0.014451053849900787,0.9290176085485377
83,2,0.05816893757117405,0.018847239444456366,0.9229838229843697
83,2,0.04320224316820495,0.02448474855452544,0.9323130082772696
83,2,0.15412244224204968,0.026779649625903564,0.8190979081320467
83,2,0.04822863060475677,0.028764423192833385,0.9230069462024099
83,2,0.036727311957467146,0.028494550274502314,0.9347781377680306
83,2,0.04285232837785021,0.023437941863537898,0.9337097297586119
83,2,0.04124526496250158,0.022888287176778058,0.9358664478607204
83,2,0.03742807200855328,0.01941107053885164,0.943160857452595
83,2,0.04362191326525261,0.02657670030582604,0.9298013864289213
83,2,0.02495978303323632,0.011802933169559153,0.9632372837972046
83,2,0.08278545245114717,0.022897057802019612,0.8943174897468332
83,2,0.08791143311416408,0.023279157144689578,0.8888094097411463
83,2,0.11324788406342823,0.012804373092613576,0.8739477428439583
83,2,0.12396690710554743,0.01767524184970468,0.8583578510447479
83,2,0.11952609047911658,0.019086934225045014,0.8613869752958385
83,2,0.12809957478015266,0.03611644499095074,0.8357839802288966
83,2,0.10165109652538146,0.030318059939946032,0.8680308435346724
83,2,0.07497314347779016,0.01459917610568546,0.9104276804165244
83,2,0.10218505185717974,0.010865116228904159,0.8869498319139161
83,2,0.08819312037385169,0.010442028392936141,0.9013648512332122
83,2,0.07737840138262361,0.011482979292618151,0.9111386193247583
83,2,0.13724997051282986,0.010678926031593242,0.8520711034555769
83,2,0.09003840736569778,0.018654790108088532,0.8913068025262136
83,2,0.08190358481517454,0.014032397644921705,0.9040640175399038
83,2,0.06957561409254112,0.011850345935915281,0.9185740399715435
83,2,0.08448910894780629,0.011145249411742577,0.9043656416404511
83,2,0.0635752825059564,0.014878311179831575,0.921546406314212
83,2,0.04814029079326303,0.014459884579546051,0.937399824627191
83,2,0.06483605718568553,0.0209371421171689,0.9142268006971457
83,2,0.0409822721865529,0.03205715194041881,0.9269605758730283
83,2,0.04997710481431301,0.03310765421092572,0.9169152409747614
83,2,0.04738558221142591,0.021958425861710366,0.9306559919268637
83,2,0.05651310986398013,0.024126016588525114,0.9193608735474947
83,2,0.09081118333603781,0.020034526568241843,0.8891542900957203
83,2,0.08383398330060589,0.016592286076735987,0.8995737306226581
83,2,0.14589403617015678,0.028070417718455847,0.8260355461113873
83,2,0.1793154428056693,0.018722955947273776,0.801961601247057
83,2,0.09598907956070173,0.025699682603452435,0.8783112378358457
83,2,0.13186649225324906,0.03713799394665859,0.8309955138000923
83,2,0.1261097972440965,0.02440812756843305,0.8494820751874704
83,2,0.08949912174888779,0.014664725973847416,0.8958361522772648
83,2,0.20891298150471907,0.03374264301943156,0.7573443754758494
83,2,0.15021426808388852,0.017206220659282286,0.8325795112568292
83,2,0.11149811414523969,0.015285801491722262,0.8732160843630381
83,2,0.0760971443372315,0.015074266301565222,0.9088285893612031
83,2,0.2051686354010187,0.01703095099069632,0.7778004136082849
83,2,0.13183263154356675,0.03777207595367899,0.8303952925027542
83,2,0.1993075240170571,0.03709294659834682,0.7635995293845961
83,2,0.2120591597132489,0.07670955615737798,0.7112312841293731
83,2,0.13747118743458522,0.046613477503563774,0.8159153350618511
83,2,0.1638859970737108,0.0809566933629177,0.7551573095633715
83,2,0.1233163278649466,0.09321596264254356,0.7834677094925099
83,2,0.08059792881562636,0.06736024674436479,0.8520418244400089
83,2,0.061640603638381614,0.05467377716494285,0.8836856191966755
8B,2,0.14423141474250648,0.04603546724039439,0.8097331180170991
8B,2,0.16834332442865482,0.04162283942784743,0.7900338361434976
8B,2,0.17221413450857045,0.07518157975792861,0.7526042857335009
8B,2,0.08363911437607587,0.06525431337552813,0.851106572248396
8B,2,0.1427164721819071,0.08080513831978087,0.776478389498312
8B,2,0.09245929346050145,0.02358301628851668,0.8839576902509819
8B,2,0.16608346854508518,0.09143861468432617,0.7424779167705887
8B,2,0.17416706108197472,0.09932589970583064,0.7265070392121946
8B,2,0.11691486605305958,0.09699172889097592,0.7860934050559644
8B,2,0.121766002426477,0.06429375549773753,0.8139402420757854
8B,2,0.44607666956306274,0.12416232715825075,0.4297610032786865
8B,2,0.5094260160570936,0.05686779956705461,0.43370618437585173
8B,2,0.4064122038523349,0.05184052581482189,0.5417472703328431
8B,2,0.30666426479880593,0.12112870352365304,0.5722070316775411
8B,0,0.23340473611071558,0.21057402176296008,0.5560212421263244
8B,0,0.17140423912875902,0.060769313262123016,0.7678264476091179
8B,0,0.24543581836316555,0.09835541841496073,0.6562087632218737
8B,0,0.15086608932034773,0.04554952265941341,0.8035843880202389
8B,0,0.1259113901530105,0.10468674329214545,0.7694018665548441
8B,0,0.20166554780565835,0.16777363008597063,0.630560822108371
8B,0,0.17118089032038186,0.03150068448348511,0.7973184251961332
8B,0,0.2018943622849914,0.11868385298880431,0.6794217847262043
8B,0,0.14391702244343313,0.07982977960625721,0.7762531979503097
8B,0,0.14137092786289504,0.05533635800674459,0.8032927141303604
8B,0,0.07771321540611112,0.047473597314987515,0.8748131872789014
8B,0,0.12328313122297166,0.05501255965196701,0.8217043091250613
8B,0,0.13460681028306853,0.13659810949246723,0.7287950802244643
8B,0,0.09395394518513409,0.05240841423805081,0.8536376405768151
8B,0,0.23155895229237342,0.049914004717286714,0.71852704299034
8B,0,0.09257710271199077,0.026648838173030872,0.8807740591149784
8B,0,0.21903654933126604,0.0860843234156595,0.6948791272530744
8B,0,0.1335560155395716,0.029796903601472746,0.8366470808589556
8B,0,0.3465673600141555,0.12935669472969594,0.5240759452561485
8B,0,0.31169172385813976,0.10957079302833546,0.5787374831135248
8B,0,0.09621072116794385,0.04308528752185908,0.860703991310197
8B,0,0.30516955783213623,0.14466320145802428,0.5501672407098394
8B,0,0.03726319652346505,0.051879214788309716,0.9108575886882253
8B,0,0.05877630784618852,0.06664977737396405,0.8745739147798474
8B,2,0.15842461401356664,0.02421155715405342,0.8173638288323799
8B,2,0.1719486588973139,0.07213788219057728,0.7559134589121088
8B,2,0.13433151367945273,0.05948989347023266,0.8061785928503147
8B,2,0.13353580378020305,0.05346720694984412,0.8129969892699529
8B,2,0.09118570910968662,0.1861282016387788,0.7226860892515345
8B,2,0.16260837717255094,0.45068026128437855,0.38671136154307045
8B,2,0.11462142977927738,0.08070505128431427,0.8046735189364084
8B,2,0.23910467191610135,0.04876849524031055,0.7121268328435881
8B,2,0.13129949910912056,0.10702180925133514,0.7616786916395443
8B,2,0.07157490059696749,0.05356096329669473,0.8748641361063378
8B,2,0.06939568099634978,0.1029191590249669,0.8276851599786834
8B,2,0.11302772131808221,0.07697178560893338,0.8100004930729844
8B,2,0.10994540882849256,0.062044132849680515,0.828010458321827
8B,2,0.10770522338606509,0.12804829934058085,0.7642464772733542
8B,2,0.1789318537710029,0.05801352647717054,0.7630546197518266
8B,2,0.1125520522770329,0.06801490276202823,0.8194330449609388
8B,2,0.08097516177647102,0.04722010400175439,0.8718047342217747
8B,2,0.15480750309270208,0.07718293751858171,0.7680095593887163
8B,2,0.08166941582384564,0.043180242733112405,0.8751503414430419
8B,2,0.1376536897216656,0.05352765719141194,0.8088186530869226
8B,2,0.0834286132311655,0.20429733845838172,0.7122740483104528
8B,2,0.07087969007216009,0.058365197934963677,0.8707551119928761
8B,2,0.12259358630708082,0.07690364616240215,0.8005027675305171
8B,2,0.20521373579845664,0.04765092649678212,0.7471353377047613
8B,2,0.13094071615026168,0.07140882434499257,0.7976504595047458
8B,2,0.16187885985358322,0.05369638539858647,0.7844247547478302
8B,2,0.12171637183294028,0.09461071414898506,0.7836729140180746
8B,2,0.07539034955318112,0.057938157762739965,0.866671492684079
8B,2,0.10359485983797351,0.10513799507757486,0.7912671450844517
8B,2,0.20225129244572249,0.07149574326111674,0.7262529642931608
8B,2,0.10516286203309061,0.19536146672849702,0.6994756712384125
8B,2,0.1456387313865701,0.1781130253398683,0.6762482432735617
8B,2,0.21027644035014903,0.04479593044243105,0.74492762920742
8B,2,0.2398677695632992,0.06515931027192882,0.6949729201647719
8B,2,0.21831410406095067,0.05220707955095231,0.7294788163880971
8B,2,0.28777192461050105,0.061266306806506,0.650961768582993
8B,2,0.1834615919979657,0.08935809884242919,0.7271803091596051
8B,2,0.2356964497675232,0.09743977779370394,0.6668637724387728
8B,2,0.1370582753692978,0.15314789530393277,0.7097938293267694
8B,2,0.09056983240905452,0.1526907526095164,0.7567394149814292
8B,2,0.14955101640162216,0.11790813049541969,0.7325408531029581
8B,2,0.31403345716039127,0.07474111832218,0.6112254245174287
8B,2,0.2744955493717424,0.08843473009250762,0.63706972053575
8B,2,0.10100457475582726,0.051151119695932876,0.8478443055482398
8B,2,0.04604210596436955,0.16315244361740774,0.7908054504182227
8B,2,0.0881760785158942,0.03303519953709767,0.8787887219470081
8B,2,0.0948183689155423,0.0434025504598047,0.861779080624653
8B,2,0.0621433888854839,0.06466352507283973,0.8731930860416763
8B,2,0.05533120329338999,0.08755936777306267,0.8571094289335474
8B,2,0.03756055827148795,0.06259997940196273,0.8998394623265493
8B,2,0.038322156605810224,0.06347810948241088,0.8981997339117789
8B,2,0.04476003852768961,0.03864191250653146,0.9165980489657789
8B,2,0.049629514641737045,0.09178228596049844,0.8585881993977647
8B,2,0.08223668046189242,0.049420383114469016,0.8683429364236386
8B,2,0.15166720602477402,0.043149510407417754,0.8051832835678082
8B,2,0.10385349559973665,0.04145315144059352,0.8546933529596697
8B,2,0.08295436149799446,0.07080088161004476,0.8462447568919608
8B,2,0.07788284913438125,0.053505303435614895,0.8686118474300039
8B,2,0.08645214643698666,0.041031757946588004,0.8725160956164254
8B,0,0.15411425005530457,0.1139686006208892,0.7319171493238062
8B,0,0.1555907571889628,0.0671129202113941,0.777296322599643
8B,0,0.10010000354384911,0.4867585230336941,0.4131414734224566
8B,0,0.26178198312244166,0.09860644789860634,0.639611568978952
8B,0,0.12979483220918916,0.05115396379450252,0.8190512039963083
8B,0,0.09384382461067473,0.047339986403508706,0.8588161889858165
8B,0,0.09217290472798545,0.04636055400816146,0.8614665412638531
8B,0,0.14595283451114577,0.04461419639042521,0.8094329690984291
8B,0,0.12797282966221987,0.04368351188390918,0.8283436584538709
8B,0,0.09610055288445725,0.040743581908377235,0.8631558652071655
8B,0,0.2910132813243773,0.49239385907616773,0.2165928595994549
8B,0,0.14780820216885482,0.08392043686030398,0.7682713609708411
8B,0,0.0939601088558565,0.03703694043934859,0.8690029507047949
8B,0,0.21943080758560246,0.08451175439082712,0.6960574380235703
8B,0,0.156585352872969,0.0678922665939467,0.7755223805330842
8B,0,0.14986308019707534,0.06756344107526434,0.7825734787276605
8B,0,0.11460221988538741,0.04069333760024892,0.8447044425143636
8B,0,0.23818274594216582,0.05574795883215728,0.7060692952256769
8B,0,0.09728916112972003,0.09172734426530234,0.8109834946049777
8B,0,0.19792087090334456,0.18428700138560317,0.6177921277110523
8B,0,0.09866812554917982,0.047928219641051116,0.8534036548097691
8B,0,0.1609834587430225,0.05316746121596384,0.7858490800410136
8B,0,0.1403840151114626,0.05251549845437245,0.807100486434165
8B,0,0.1557948268261156,0.08410356121718614,0.7601016119566983
8B,0,0.026141626456197865,0.10091865810053872,0.8729397154432634
8B,0,0.03685234462963426,0.11887873018004685,0.8442689251903189
8B,0,0.02436549068939466,0.4622335922601738,0.5134009170504314
8B,0,0.06423996487647247,0.047515208598239725,0.8882448265252878
8B,0,0.08557425539591418,0.1859372426647203,0.7284885019393655
8B,0,0.18419318427974346,0.6300344303717895,0.18577238534846688
8B,0,0.10976884869136239,0.12309448692248272,0.7671366643861549
8B,0,0.1391075166076837,0.17820555011273062,0.6826869332795857
8B,0,0.12569135671655002,0.08731545769165171,0.7869931855917982
8B,0,0.07914799575149928,0.4547208053376802,0.4661311989108205
8B,0,0.10157550862878297,0.48412905256892574,0.4142954388022914
8B,0,0.06839311464414917,0.37085964622273004,0.5607472391331209
8B,0,0.042142865106567756,0.5776018870307336,0.3802552478626987
8B,0,0.04636563087069533,0.4785648627198897,0.4750695064094151
8B,0,0.04523134322207542,0.5061279682394885,0.44864068853843625
8B,0,0.10698929957397048,0.343923059236329,0.5490876411897005
8B,0,0.06792811887294764,0.07809190548929962,0.8539799756377527
8B,0,0.07373697914334436,0.11623291927062333,0.8100301015860324
8B,0,0.0801379634685623,0.6944560374135963,0.22540599911784154
8B,0,0.10345014659687649,0.06448175206729011,0.8320681013358335
8B,0,0.07646258610454765,0.3410247140713306,0.5825126998241218
8B,0,0.06415223479007567,0.09395488111656926,0.841892884093355
8B,0,0.058368705149145085,0.5878552559055067,0.35377603894534826
8B,0,0.05724855044939581,0.713295701500041,0.22945574805056318
8B,2,0.08509628238129206,0.07955456971379049,0.8353491479049175
8B,2,0.04875787241150414,0.042866295618913794,0.9083758319695819
8B,2,0.15157173688877915,0.035634727323272046,0.8127935357879488
8B,2,0.09035549948873707,0.044453344144803494,0.8651911563664595
8B,2,0.08757036809609132,0.21187722236944598,0.7005524095344627
8B,2,0.07086577512296731,0.11558642767539425,0.8135477972016385
8B,2,0.0656993427797958,0.1465729429532735,0.7877277142669307
8B,2,0.039653180195735174,0.09802573782101154,0.8623210819832532
8B,2,0.051433944346063507,0.1223340823275352,0.8262319733264014
8B,2,0.034431136077860754,0.1841324299557991,0.78143643396634
8B,2,0.04383123894233969,0.07042646919125052,0.8857422918664098
8B,2,0.062496502393907985,0.7771359031116752,0.16036759449441682
8B,2,0.1309078884681329,0.13851948323651753,0.7305726282953495
8B,2,0.09010675701772285,0.057140955354797414,0.8527522876274798
8B,2,0.14077884949099884,0.24472509552299776,0.6144960549860035
8B,2,0.18599373031836258,0.21911530554960748,0.59489096413203
8B,2,0.09150820609537351,0.21545034537352967,0.6930414485310968
8B,2,0.12444908329425895,0.10896434265820125,0.7665865740475398
8B,2,0.07851746393998932,0.14427395546406385,0.777208580595947
8B,2,0.06930447545162079,0.08059810617496625,0.850097418373413
8B,2,0.09260131452031534,0.11382774228865139,0.7935709431910332
8B,2,0.07356053109578164,0.031061714676001762,0.8953777542282165
8B,2,0.0942011329102591,0.05296282654473986,0.8528360405450011
8B,2,0.12240093664512655,0.14538175270484946,0.732217310650024
8B,2,0.26009086665705916,0.13070652504521227,0.6092026082977287
8B,2,0.13175924750276052,0.0792403109314154,0.789000441565824
8B,2,0.0830206890782159,0.054326638174797354,0.8626526727469868
8B,2,0.05801488789926966,0.15770001494206698,0.7842850971586633
8B,2,0.03628278133866307,0.08449279490320237,0.8792244237581346
8B,2,0.027216490815761496,0.33828343110041287,0.6345000780838257
8B,2,0.14156856509429588,0.09176170477824619,0.766669730127458
8B,2,0.04166152524363453,0.050439549402386125,0.9078989253539794
8B,2,0.06909291139306876,0.07952921409863714,0.851377874508294
8B,2,0.10189258803328881,0.30282938630630274,0.5952780256604084
8B,2,0.20626186071590955,0.3497942639589063,0.4439438753251841
8B,2,0.16807107361872506,0.09534127520672775,0.7365876511745472
8B,2,0.11240347767079284,0.04755831357597473,0.8400382087532324
8B,2,0.11312436386110859,0.10408091993295715,0.7827947162059342
8B,2,0.18019957518592505,0.10325468057873555,0.7165457442353395
8B,2,0.22444690884944354,0.08399032001413459,0.691562771136422
8B,2,0.1654956832571822,0.048077118347587364,0.7864271983952305
8B,2,0.11515477668921346,0.18400878129222234,0.7008364420185642
8B,2,0.06595240601644708,0.13483490224557151,0.7992126917379814
8B,2,0.10528381738989248,0.14451914103740976,0.7501970415726977
8B,2,0.09591839223137567,0.11443966034561026,0.789641947423014
8B,2,0.11219821204794019,0.03658198755023168,0.8512198004018281
8B,2,0.08181814872878011,0.040344148823782566,0.8778377024474374
8B,2,0.09974168423714609,0.08210405057315179,0.818154265189702
8B,2,0.05137956148346493,0.6354417536829752,0.3131786848335598
8B,2,0.16362579989951997,0.05492159422882811,0.7814526058716519
8B,2,0.07005712349609208,0.02797077310244513,0.9019721034014628
8B,2,0.11650448590337685,0.07173172446362022,0.8117637896330029
8B,2,0.3580647717804906,0.22416021448413678,0.4177750137353726
8B,2,0.09461997297779737,0.018916063113810225,0.8864639639083924
8B,2,0.124806392929277,0.027954181603494447,0.8472394254672285
8B,2,0.08200806066200834,0.028488911501403882,0.8895030278365876
8B,2,0.10719804154484258,0.03344359260572982,0.8593583658494276
8B,2,0.08861478022225866,0.03290422066898969,0.8784809991087517
8B,2,0.07935608630051225,0.05394907314196224,0.8666948405575255
8B,2,0.07323209658241711,0.03762116682962497,0.889146736587958
8B,2,0.10061998132241329,0.10468225056436302,0.7946977681132237
8B,2,0.19868456788313937,0.12565108566172883,0.6756643464551318
8B,2,0.15908175093923171,0.11229262141339849,0.7286256276473698
8B,2,0.22028605603101978,0.08366483248510923,0.6960491114838709
8B,2,0.26648502855652845,0.07984475725908782,0.6536702141843838
8B,2,0.12904669833583005,0.03717114893414465,0.8337821527300252
8B,2,0.09347714892612814,0.07223952328864292,0.834283327785229
8B,2,0.08558763878748994,0.12525047488581395,0.789161886326696
8B,2,0.24824168508835814,0.07165873674393569,0.680099578167706
8B,2,0.14951353238750167,0.37960991553170287,0.4708765520807955
8B,2,0.2839655065938098,0.11124100782407428,0.6047934855821159
8B,2,0.12024849726654856,0.03876982226253541,0.840981680470916
8B,2,0.10950253287849522,0.03996946046167612,0.8505280066598286
8B,2,0.15055077355455618,0.045391499943970584,0.8040577265014733
8B,2,0.19170909107240752,0.0612221838580022,0.7470687250695903
94,0,0.03529401277795033,0.02528670626371811,0.9394192809583315
94,0,0.19709189473810135,0.11679370674569611,0.6861143985162025
94,0,0.16141311706508213,0.1404121751498655,0.6981747077850523
94,0,0.1405511157860361,0.05722604990094879,0.802222834313015
94,0,0.08826775526451555,0.04081484349464602,0.8709174012408384
94,0,0.1428172688232501,0.07845102996508935,0.7787317012116606
94,0,0.053122216886385215,0.03033397448750617,0.9165438086261086
94,0,0.14000148550680774,0.03892206064548537,0.821076453847707
94,0,0.09881820713607947,0.018402613999957837,0.8827791788639626
94,0,0.22328190750580978,0.06744812642400709,0.7092699660701831
94,0,0.13721943976998976,0.0321526665654808,0.8306278936645294
94,0,0.1123528786841879,0.023479891285011857,0.8641672300308002
94,0,0.16753151918311543,0.04340229559768153,0.7890661852192029
94,0,0.08975256548410182,0.022799560943768157,0.8874478735721301
94,0,0.09112336416485212,0.02386865976989554,0.8850079760652524
94,0,0.04608489290001902,0.021926204001435107,0.9319889030985459
94,0,0.1218617959788819,0.05465871517449969,0.8234794888466185
94,0,0.12873751923689114,0.04352844872451954,0.8277340320385893
94,0,0.07160186893063263,0.0280120356684781,0.9003860954008893
94,0,0.08660953253849796,0.029116077682646502,0.8842743897788555
94,0,0.08731806668003782,0.029628537946095327,0.883053395373867
94,0,0.06495892022522393,0.0334414039876798,0.9015996757870963
94,0,0.056652202611140526,0.034103624325452324,0.9092441730634071
94,0,0.052274433398060205,0.027695518252997275,0.9200300483489426
94,0,0.08955658673691858,0.030411464249325382,0.880031949013756
94,0,0.05665584416161682,0.025035365031432284,0.9183087908069508
94,0,0.06486988850420711,0.0294289803825936,0.9057011311131992
94,0,0.05511505333670224,0.026194171785021005,0.9186907748782768
94,0,0.08639142076890496,0.04232959886020551,0.8712789803708895
94,0,0.058996927196104484,0.03441816555043752,0.9065849072534581
94,0,0.12700220750969535,0.05201927125147263,0.820978521238832
94,0,0.09988011629691308,0.03471496905734051,0.8654049146457463
94,0,0.08255195310919726,0.022227722137732067,0.8952203247530708
94,0,0.10521813216752883,0.03784638212373788,0.8569354857087332
94,0,0.11024952870863378,0.02572370649548815,0.8640267647958781
94,0,0.12405203541834428,0.05208921538668322,0.8238587491949725
94,0,0.05666455311040233,0.022822019651309387,0.9205134272382883
94,0,0.06495618492991748,0.06996480249553358,0.865079012574549
94,0,0.07850528427686618,0.025630943564777325,0.8958637721583566
94,0,0.0786778622746333,0.03429952815672105,0.8870226095686456
94,0,0.12205249079717376,0.043048204506032334,0.834899304696794
94,0,0.12014627025709733,0.025997253408037393,0.8538564763348652
94,0,0.0891763618469555,0.027714359596602723,0.8831092785564418
94,0,0.05135681995795655,0.04182813220372634,0.9068150478383171
94,0,0.06748500814684302,0.03466526884773286,0.8978497230054241
94,0,0.07245874813993791,0.03776526579294642,0.8897759860671156
94,0,0.04579739840033584,0.03202065350083044,0.9221819480988338
94,0,0.1191245403971951,0.044661528791444215,0.8362139308113606
94,0,0.062344392760115414,0.036103109681252986,0.9015524975586315
94,0,0.10279037504931342,0.02258228189725134,0.8746273430534353
94,0,0.053182448597198353,0.01171160138318863,0.935105950019613
94,0,0.0606887047240804,0.03657883563227166,0.9027324596436479
94,2,0.20063783885241762,0.018765781972230295,0.7805963791753522
94,2,0.1847561597467159,0.019857021753051096,0.795386818500233
94,2,0.25344623339944455,0.02663242286439026,0.7199213437361651
94,2,0.8211529995674627,0.004204191080438488,0.17464280935209892
94,2,0.6886768474938332,0.020462287167573368,0.2908608653385933
94,2,0.731886480600083,0.0043372215567703725,0.26377629784314666
94,2,0.4481644618391957,0.44005474360507296,0.11178079455573123
94,2,0.7055216482593016,0.0063472661659697985,0.28813108557472855
94,2,0.020520840056884843,0.025227340439941726,0.9542518195031735
94,2,0.8702273150744042,0.00500640037302411,0.12476628455257167
94,2,0.8667835125730017,0.005556135077182822,0.12766035234981546
94,2,0.7731514161236468,0.0046778241632582,0.22217075971309513
94,2,0.8289329409174668,0.006765212306939453,0.16430184677559373
94,2,0.9247838958953681,0.0036985949786109756,0.07151750912602084
94,2,0.6707737781629948,0.0096836347536498,0.31954258708335564
94,2,0.7703509035746947,0.00567335414425775,0.2239757422810475
94,2,0.9011854150576262,0.0036458729842150494,0.09516871195815862
94,2,0.6661598059199898,0.005890815403077965,0.32794937867693236
94,2,0.10048131434462583,0.018828870686927398,0.8806898149684468
94,2,0.08276587346894959,0.03014472986939572,0.8870893966616546
94,1,0.06934221771568372,0.02705019632450604,0.9036075859598102
94,1,0.13957634151466863,0.032332439341990635,0.8280912191433407
94,1,0.1381358694120634,0.03424361272464304,0.8276205178632936
94,1,0.09053761148171177,0.024275393365917677,0.8851869951523705
94,1,0.09296501292671396,0.06585790608639672,0.8411770809868894
94,1,0.06831058440778771,0.05046752821907755,0.8812218873731348
94,1,0.036679737330947454,0.03085874668735219,0.9324615159817004
94,1,0.04885204914806774,0.03860120734056842,0.9125467435113639
94,1,0.026365327685155107,0.04605437981460516,0.9275802925002397
94,1,0.057142884590646474,0.05545292986633926,0.8874041855430143
94,1,0.03671280745233455,0.0356323739718258,0.9276548185758396
94,1,0.06681678714925429,0.032515002099148836,0.9006682107515969
94,1,0.06038238073798347,0.035000180923411985,0.9046174383386045
94,1,0.0729648653347365,0.0424223480325972,0.8846127866326663
94,1,0.09253248568004237,0.03564235649609598,0.8718251578238617
94,1,0.07567728906956103,0.04282672348497404,0.881495987445465
94,1,0.10680075606836953,0.033736766034409095,0.8594624778972213
94,1,0.0513842885547398,0.024594137589596058,0.9240215738556642
94,1,0.044797845576159435,0.022012750277830062,0.9331894041460105
94,1,0.06084108409091226,0.023277875075112205,0.9158810408339755
94,1,0.05972147210534858,0.03377075065245825,0.9065077772421931
94,1,0.02983473888497654,0.024029479991884276,0.9461357811231392
94,1,0.03569000333210784,0.032255170904916426,0.9320548257629758
94,1,0.022302122738789863,0.02990032095981639,0.9477975563013937
94,1,0.01954298453293971,0.04309726104429207,0.9373597544227682
94,1,0.03852677859581364,0.037335219174454995,0.9241380022297313
94,0,0.2089608379440363,0.13047417938350658,0.6605649826724572
94,0,0.18791433764000798,0.07347817855068182,0.7386074838093103
94,0,0.20562500905054737,0.285721329084814,0.5086536618646386
94,0,0.13654532988899673,0.43225756062934023,0.43119710948166307
94,0,0.1362058850357063,0.23722420043362136,0.6265699145306723
94,0,0.1204257183501089,0.025071144580426145,0.8545031370694649
94,0,0.08634191523616852,0.04452913051753186,0.8691289542462997
94,0,0.061546929263599094,0.027121159086449232,0.9113319116499516
94,0,0.11097904778239444,0.15642987133973957,0.732591080877866
94,0,0.04614674929785748,0.04548569471578206,0.9083675559863604
94,0,0.06403591663726571,0.04266194425921836,0.8933021391035159
94,0,0.06494346716584554,0.061917912266631306,0.8731386205675231
94,0,0.07569598872262168,0.07792034912839359,0.8463836621489848
94,0,0.07183958210452442,0.053592208831955424,0.8745682090635202
94,0,0.07247474380929558,0.03455092436165718,0.8929743318290472
94,0,0.04528447473181045,0.04065022486163479,0.9140653004065548
94,0,0.06208188482448311,0.056163090928381634,0.8817550242471353
94,0,0.06594255708831125,0.03342468797351875,0.90063275493817
94,0,0.06415707627020943,0.044587897889991956,0.8912550258397987
94,0,0.11912207949696789,0.06621778629958504,0.814660134203447
94,0,0.14726069694839078,0.050494212280952196,0.8022450907706571
94,0,0.15064397273554553,0.2695501284626367,0.5798058988018178
94,0,0.19804553048777834,0.05888689549009282,0.7430675740221289
94,0,0.14677690787507847,0.04467234199001242,0.8085507501349091
94,0,0.16815136703781888,0.03582771474361059,0.7960209182185705
94,0,0.13285046264335942,0.04573028598082992,0.8214192513758107
94,0,0.16434857722139506,0.07260510969192172,0.7630463130866832
94,1,0.12156588358818414,0.5808662866465883,0.29756782976522744
94,1,0.15766580036588201,0.4494947335571267,0.3928394660769914
94,1,0.3398338929003146,0.29551239181760225,0.3646537152820832
94,1,0.093182553157873,0.19695698503707076,0.7098604618050562
94,1,0.1534008523612263,0.21029898242130557,0.6363001652174682
94,1,0.4390541753381469,0.13605863077408079,0.42488719388777213
94,1,0.3497819307756678,0.10592763411556604,0.5442904351087662
94,1,0.1210652170860958,0.18525828958491802,0.6936764933289862
94,1,0.13873601467444802,0.31837785513045347,0.5428861301950985
94,1,0.1361974108831351,0.27220645865649784,0.591596130460367
94,1,0.06996003974041441,0.13508187955729578,0.7949580807022898
94,1,0.167362194937703,0.1362174199523579,0.6964203851099392
94,1,0.138095039182355,0.14905665255415107,0.7128483082634939
94,1,0.09126457200503549,0.1398896669701636,0.7688457610248008
94,1,0.1024058585863552,0.3066613623454222,0.5909327790682226
94,1,0.1380073834440941,0.30557180001642387,0.556420816539482
94,1,0.11026589645458536,0.2953703418917137,0.5943637616537011
94,1,0.18903386258787644,0.48158007788097684,0.32938605953114664
94,1,0.09991759083274215,0.3942122884422095,0.5058701207250482
94,0,0.15904533352825762,0.05565131074751915,0.7853033557242233
94,0,0.13906908427567535,0.05793198597733551,0.802998929746989
94,0,0.10541661279758742,0.04528012969869639,0.8493032575037162
94,0,0.051072099204969766,0.04511031506316536,0.9038175857318649
94,0,0.07131152569789184,0.038088325584204955,0.8906001487179032
94,0,0.21929588167219027,0.24796419714896842,0.5327399211788413
94,0,0.10677152880013586,0.017754227920826347,0.8754742432790377
94,0,0.1656632187860058,0.01954755146663484,0.8147892297473593
94,0,0.15335111725351078,0.018166456038797612,0.8284824267076916
94,0,0.1555593446503356,0.020995136810595377,0.8234455185390691
94,0,0.16299671489413908,0.024199269454495544,0.8128040156513654
94,0,0.10532252522556462,0.017891049667741035,0.8767864251066942
94,0,0.17639162517443077,0.028648735177579585,0.7949596396479897
94,0,0.20194843162511136,0.025897477751402092,0.7721540906234865
94,0,0.14195740091506026,0.027336004716628337,0.8307065943683114
94,0,0.10334987914300148,0.025041207481913408,0.8716089133750851
94,0,0.18154368190762069,0.03106531598191176,0.7873910021104676
94,0,0.20464120052426055,0.030872571082142523,0.7644862283935969
94,0,0.06598250512405533,0.017890578554092068,0.9161269163218526
94,0,0.07069000445833663,0.019151318695079446,0.910158676846584
94,0,0.16383236710176702,0.027892124394154356,0.8082755085040786
94,0,0.12160432451840746,0.020984542589201172,0.8574111328923913
94,0,0.1306359015638732,0.021915739034642417,0.8474483594014843
94,0,0.10027508111107501,0.021181235437745593,0.8785436834511795
94,0,0.1778909812928807,0.026836980777902864,0.7952720379292165
94,0,0.12906417237795959,0.025338478803393513,0.8455973488186469
94,0,0.09040386737888396,0.024302044685771827,0.8852940879353443
94,0,0.047556799276087865,0.02122177559813839,0.9312214251257739
94,0,0.036381488695765185,0.022874068268451182,0.9407444430357838
94,0,0.06763752711429973,0.02354785261530609,0.9088146202703943
94,0,0.08305782269411165,0.03138508586549509,0.8855570914403932
94,0,0.09668893824533112,0.03259721803766054,0.8707138437170083
94,0,0.11604990020324117,0.044589006803473434,0.8393610929932854
94,0,0.06665945758895903,0.06416215407167394,0.869178388339367
94,0,0.0993559863366112,0.045538031447637115,0.8551059822157517
94,0,0.09170970004357892,0.03367406214970034,0.8746162378067207
94,0,0.10247791944515923,0.03153934783687346,0.8659827327179673
94,0,0.10084574131405565,0.043783090447209724,0.8553711682387346
94,0,0.09664225916674868,0.02029527977599238,0.8830624610572589
94,2,0.053056259000976096,0.07083414378657199,0.8761095972124521
94,2,0.06473323403705084,0.08847370497227927,0.84679306099067
94,2,0.08711383369548928,0.5216049685735261,0.3912811977309845
94,2,0.1153625155318591,0.04809119263004282,0.8365462918380981
94,2,0.046940492130334924,0.029934198597059886,0.9231253092726053
94,2,0.05049615236037631,0.06606753036155916,0.8834363172780646
94,2,0.051607092302897874,0.06680360910440915,0.881589298592693
94,2,0.03498350069741088,0.04359455436124612,0.9214219449413431
94,2,0.09199605769341739,0.06227968496143944,0.8457242573451431
94,2,0.0741618250711436,0.07542655309380417,0.8504116218350521
94,2,0.049265684330090924,0.042276250199915884,0.9084580654699932
94,2,0.048819357710529206,0.07071212605213917,0.8804685162373316
94,2,0.042515652629899134,0.054024819533827005,0.9034595278362738
94,2,0.05055057925290808,0.08390436969258494,0.8655450510545071
94,2,0.03535979977194785,0.020095094938501434,0.9445451052895506
94,2,0.042398767797398915,0.021763468265718563,0.9358377639368827
94,2,0.07423862945642644,0.04609123175644201,0.8796701387871316
94,2,0.06076981783632227,0.053637705161119265,0.8855924770025585
94,2,0.04318691806290478,0.04605854672766383,0.9107545352094314
94,2,0.03437538590591814,0.03417386231621751,0.9314507517778644
94,2,0.05270910339266881,0.044134368652286114,0.903156527955045
94,2,0.04748773887832361,0.11653515757044844,0.8359771035512279
94,2,0.03537307837302426,0.07884817065307011,0.8857787509739057
94,2,0.16332318105888988,0.1563553169301808,0.6803215020109293
94,2,0.06685576303957139,0.04143449233513918,0.8917097446252894
94,2,0.17716152152266143,0.33546717788875074,0.4873713005885878
94,2,0.17442515857778257,0.0756938303498978,0.7498810110723197
94,0,0.042989151794906984,0.04126262824025807,0.915748219964835
94,0,0.055729801937538,0.09617282992272445,0.8480973681397375
94,0,0.06959897933564471,0.0363854735197234,0.8940155471446319
94,0,0.13382780647242568,0.11499427851923505,0.7511779150083393
94,0,0.061226262697693996,0.045824440867733546,0.8929492964345725
94,0,0.10787136894327072,0.10022679176796839,0.7919018392887609
94,0,0.09468196867885582,0.07133493014327232,0.8339831011778718
94,0,0.05016593559511164,0.04830660110330154,0.9015274633015868
94,0,0.039434796002482314,0.06392033296319971,0.8966448710343179
94,0,0.07801832442578265,0.07390902041794721,0.8480726551562703
94,0,0.057992740410288686,0.11125362108598727,0.8307536385037241
94,0,0.0184589657661182,0.038373549811896085,0.9431674844219857
94,0,0.023979990115989527,0.04836776709952388,0.9276522427844867
94,0,0.04734742282893515,0.0387705023681117,0.9138820748029532
94,0,0.024395727099050638,0.0324969067520915,0.9431073661488579
94,0,0.034946521788362536,0.04440262215046565,0.9206508560611718
94,0,0.03009432038602467,0.03200621575868397,0.9378994638552913
94,0,0.036571361280919375,0.055005925928038546,0.908422712791042
94,0,0.047315765854960064,0.024122009918432313,0.9285622242266076
94,0,0.05170562478614583,0.03141747762422833,0.9168768975896259
94,0,0.06818130959893788,0.03806122851819683,0.8937574618828653
94,0,0.12423110293939725,0.07080435999351327,0.8049645370670895
94,0,0.044444541681310096,0.05993091395892943,0.8956245443597605
94,0,0.11177831072133892,0.043481277089215675,0.8447404121894454
94,0,0.0789527979147423,0.05103975679630464,0.870007445288953
94,0,0.07798817587109,0.059438203053343984,0.8625736210755661
94,0,0.11802281928714732,0.05042712361182997,0.8315500571010227
94,0,0.06309694098762295,0.036458736262968985,0.9004443227494081
94,0,0.07146678351686885,0.15328669270733178,0.7752465237757993
94,0,0.01620435998380209,0.02594070573880639,0.9578549342773914
94,0,0.01027504271790286,0.018708170861663927,0.9710167864204333
94,0,0.01883934439204104,0.019682346140612792,0.9614783094673461
94,0,0.06677520680992598,0.07259191011039849,0.8606328830796756
94,0,0.08679583839012386,0.11003629611085958,0.8031678654990165
94,0,0.03220902695188763,0.0488188859555334,0.9189720870925789
94,2,0.12207641552141445,0.045599010220250515,0.832324574258335
94,2,0.10310122247267998,0.056857238247856545,0.8400415392794636
94,2,0.11089199042556935,0.06752518085892267,0.8215828287155079
94,2,0.10847070979494597,0.05086070402204786,0.8406685861830062
94,0,0.09961335891376166,0.03917821260254703,0.8612084284836914
94,0,0.48561660273263874,0.06718369107858517,0.4471997061887761
94,0,0.08300027057085062,0.06291996144667389,0.8540797679824754
94,0,0.048101965049091755,0.04850667009398646,0.9033913648569217
94,0,0.0901221368593125,0.10119869661283173,0.8086791665278557
94,0,0.05709571985376462,0.12647836309351373,0.8164259170527216
94,0,0.046264894817302955,0.05600952771738605,0.8977255774653109
94,0,0.08858159404290564,0.22535575826206788,0.6860626476950266
94,0,0.0822057111120482,0.03251797212589326,0.8852763167620586
94,0,0.07261296864115616,0.04342334824453393,0.88396368311431
94,0,0.1168913506915021,0.03873226720590913,0.8443763821025888
94,0,0.07343987239978256,0.013991877052667976,0.9125682505475494
94,0,0.06937088079425863,0.01899902035321837,0.9116300988525229
94,0,0.09579498066358921,0.02020083976432983,0.884004179572081
94,0,0.050620384901201874,0.02828733387894483,0.9210922812198534
94,0,0.05316932174882278,0.039961862062236536,0.9068688161889408
94,0,0.051481033050886006,0.02385457816551416,0.9246643887835998
94,0,0.08181121492526985,0.0230767070472108,0.8951120780275194
94,0,0.08042061939027063,0.02778677546525012,0.8917926051444792
94,0,0.09279470042310295,0.05178312971660576,0.8554221698602914
94,0,0.05048089578325422,0.019446457441077605,0.9300726467756681
94,0,0.10261987152662506,0.04240093925830388,0.8549791892150711
94,0,0.15668306111154365,0.1593618389908499,0.6839550998976065
94,0,0.07906721296824086,0.027031588492077388,0.8939011985396818
94,0,0.11822043354598694,0.03216035449880871,0.8496192119552043
94,0,0.09373911336494303,0.03702807902228877,0.8692328076127682
94,0,0.08633035293876348,0.09268972553216308,0.8209799215290735
94,0,0.061923470180597184,0.05373358072269338,0.8843429490967095
94,0,0.10554612528570877,0.18897344206265435,0.7054804326516368
94,0,0.07069775317103827,0.6477890853012798,0.28151316152768185
94,0,0.053604229899973266,0.1054384724449758,0.8409572976550509
94,0,0.017458048275950676,0.784503628510788,0.19803832321326126
94,0,0.044558909366714014,0.7629424674980071,0.19249862313527885
94,0,0.16187095270788748,0.10881287171464292,0.7293161755774696
94,0,0.1743906011177543,0.4903578200300171,0.33525157885222845
94,0,0.09319428602745324,0.041441427702252114,0.8653642862702946
94,0,0.14091478518574288,0.03735858352585604,0.8217266312884011
94,2,0.10149136587862297,0.15529891631008735,0.7432097178112896
94,2,0.03114168390249273,0.0217530862254187,0.9471052298720887
94,2,0.04208818368655027,0.025126259112097014,0.9327855572013526
94,2,0.027466232676331928,0.03475941847372717,0.9377743488499409
94,2,0.029496303208758113,0.7224084075284666,0.24809528926277521
94,2,0.041865807512331585,0.05648844771730772,0.9016457447703607
94,2,0.06964156844428962,0.11051820794666284,0.8198402236090475
94,2,0.03860710130144812,0.06689741702987458,0.8944954816686774
94,2,0.07905256543113484,0.17765397530229676,0.7432934592665683
94,2,0.031540352733517074,0.13064614773577116,0.8378134995307118
94,2,0.04206789488623678,0.07715382063069985,0.8807782844830633
94,2,0.07283528730338494,0.5087840250812347,0.41838068761538044
94,2,0.1310129754534884,0.032122100864968674,0.836864923681543
94,2,0.11487367429625253,0.03228623636481872,0.8528400893389287
94,2,0.14707410780222338,0.12617760021522476,0.7267482919825519
94,2,0.17478233468365142,0.0771265439513292,0.7480911213650193
94,2,0.0976530012588527,0.0461933527710973,0.8561536459700501
94,2,0.14366167208702627,0.044250682411017477,0.8120876455019563
BG,2,0.1669142928072042,0.06350377364572704,0.7695819335470686
BG,2,0.36920264516405266,0.09727634384745047,0.5335210109884969
BG,2,0.1258166480416085,0.056314749547723676,0.8178686024106678
BG,2,0.14154901768789932,0.05280109845758025,0.8056498838545204
BG,2,0.3299122377046206,0.08423256825760254,0.5858551940377769
BG,2,0.2843777128311385,0.1124985302563346,0.6031237569125268
BG,2,0.25086477113158884,0.14378399399985684,0.6053512348685542
BG,2,0.2663664896996172,0.12642194634990497,0.6072115639504779
BG,2,0.18396948830594262,0.12706097113080378,0.6889695405632537
BG,2,0.27488571246625415,0.16829044582330221,0.5568238417104436
BG,2,0.18517289515577443,0.06482408463108659,0.7500030202131389
BG,2,0.233289649073313,0.07019406095715837,0.6965162899695286
BG,2,0.14935826893867882,0.11672327345603342,0.7339184576052877
BG,2,0.17978363911257528,0.07687625870382624,0.7433401021835986
BG,2,0.18230381095723758,0.09087540188986588,0.7268207871528966
BG,2,0.1746262883364445,0.06760971535030508,0.7577639963132504
BG,2,0.2003751811088482,0.07530593324307734,0.7243188856480745
BG,2,0.29493506439387385,0.07460741233896283,0.6304575232671633
BG,2,0.22193169791943432,0.19326409416877846,0.5848042079117872
BG,2,0.3310071679154184,0.15249063378280284,0.5165021983017788
BG,2,0.3835607149005421,0.06662677147724193,0.549812513622216
BG,2,0.34989458298544707,0.06079326115083147,0.5893121558637214
BG,2,0.3146003866208693,0.057119524372557934,0.6282800890065727
BG,2,0.34845241650389536,0.04045331919175222,0.6110942643043524
BG,2,0.3615579705582988,0.0504579335867818,0.5879840958549193
BG,2,0.3584674189870245,0.055640480263371525,0.585892100749604
BG,2,0.5161742408926003,0.0905344772754113,0.39329128183198825
BG,2,0.41195096410642323,0.05667803359630501,0.5313710022972717
BG,2,0.22897512490619035,0.03395370471143334,0.7370711703823764
BG,2,0.3679262732408762,0.0700237871713596,0.5620499395877642
BG,2,0.3565524007581887,0.05267412348447546,0.5907734757573357
BG,2,0.20746645061134109,0.0334478318022577,0.7590857175864013
BG,2,0.23516837267849638,0.03806023070386437,0.7267713966176392
BG,2,0.22739271176554038,0.042008272760667945,0.7305990154737917
BG,2,0.24894701584117143,0.04090924275634031,0.7101437414024883
BG,2,0.4003834025038006,0.05984053512587737,0.539776062370322
BG,2,0.3546693361628359,0.020332874833649817,0.6249977890035142
BG,2,0.3025294768551169,0.03344227848103193,0.6640282446638512
BG,2,0.5450438637319505,0.028697236279987368,0.42625889998806216
BG,2,0.48303294781535694,0.02663909815719132,0.49032795402745183
BG,2,0.46845574847400145,0.03884105431731772,0.49270319720868083
BG,2,0.4654712857844947,0.02171059199714548,0.5128181222183599
BG,2,0.2589041522683141,0.08037101681467802,0.6607248309170078
BG,2,0.26406773535963146,0.030458145087912163,0.7054741195524563
BG,2,0.5304447794875614,0.04574898934872536,0.42380623116371324
BG,2,0.2336591860133919,0.05041359866561073,0.7159272153209973
BG,2,0.24378739704658942,0.05560972714220935,0.7006028758112013
BG,2,0.3403020834814111,0.05615792612888868,0.6035399903897001
BG,2,0.38491589667369003,0.03767357612251326,0.5774105272037966
BG,2,0.2018728271220231,0.04393765797253702,0.75418951490544
BG,2,0.08063986725046908,0.04679674544642791,0.872563387303103
BG,2,0.17897039306646004,0.06247509325668235,0.7585545136768577
BG,2,0.23864023526680087,0.036425827193656,0.724933937539543
BG,2,0.24479861783625878,0.10992703993605141,0.6452743422276898
BG,2,0.2376456944488797,0.04861963977696149,0.7137346657741588
BG,2,0.2985375121244703,0.039563969775850416,0.6618985180996793
BG,2,0.3098257570550322,0.04045362034212574,0.6497206226028422
BG,2,0.20634423296550505,0.04607784769501443,0.7475779193394805
BG,2,0.4388519636087359,0.1289865008641373,0.43216153552712694
BG,2,0.17956589720795973,0.03038304346433367,0.7900510593277067
BG,2,0.334241915820121,0.07383614181787923,0.5919219423619997
BG,2,0.4963566184187992,0.1404865504416015,0.3631568311395994
BG,2,0.24096182769182298,0.07635535611458176,0.6826828161935953
BG,2,0.2107333001559708,0.02673453497090381,0.7625321648731254
BG,2,0.18734405678038812,0.044654896015936384,0.7680010472036755
BG,2,0.32756781244384364,0.06500565584602404,0.6074265317101323
BG,2,0.3331352226972983,0.0527256775848227,0.6141390997178791
BG,2,0.46248386851362544,0.0395504001860322,0.49796573130034244
BG,2,0.46606741778375743,0.03764432215130381,0.49628826006493876
BG,2,0.5373984887616678,0.0312000106010344,0.4314015006372977
BG,2,0.6897277922219053,0.037170080312874304,0.2731021274652204
BG,2,0.4325404299304979,0.05900483183069085,0.5084547382388113
BG,2,0.3377131022561002,0.03798068341771798,0.6243062143261818
BG,2,0.4702610506465,0.0200097174338983,0.5097292319196017
BG,2,0.5234741286263136,0.026839535047214202,0.44968633632647215
BG,2,0.5683431081112645,0.032617069580233936,0.3990398223085015
BG,2,0.6047105563986015,0.019197404192483954,0.37609203940891456
BG,2,0.3639606134955795,0.02931504385381694,0.6067243426506036
BG,2,0.5008117989824971,0.031357548078331875,0.4678306529391711
BG,2,0.4248997554506803,0.02335295695949632,0.5517472875898233
BG,2,0.33338570460968336,0.048242876823680246,0.6183714185666364
BG,2,0.1414188643988024,0.0349385940432738,0.8236425415579238
BG,2,0.16007237521602152,0.04775479501926665,0.7921728297647119
BG,2,0.40381311748877335,0.02814793415460514,0.5680389483566215
BG,2,0.26693023108502645,0.05647358443885522,0.6765961844761185
BG,2,0.37045794775831,0.04261083265929605,0.586931219582394
BG,2,0.17681689742542905,0.04934454307435163,0.7738385595002194
BG,2,0.21420910865480453,0.10243855127176954,0.6833523400734258
BG,2,0.20308449862527853,0.01907652262733302,0.7778389787473884
BG,2,0.5830974111615511,0.05465003750609321,0.3622525513323557
BG,2,0.3788009591506978,0.08420727741296899,0.5369917634363331
BG,2,0.2235603964195833,0.0736772790183521,0.7027623245620646
BG,2,0.3086826092118176,0.03733620414682914,0.6539811866413533
BG,2,0.26095578255219903,0.04148033955834834,0.6975638778894526
BG,2,0.2640005349153872,0.06320560427861174,0.672793860806001
BG,2,0.49199329900884337,0.11496557085158754,0.3930411301395692
BG,2,0.3994235217899733,0.0663510708564179,0.5342254073536087
BG,2,0.35650655038521106,0.04114812611111638,0.6023453235036725
BG,2,0.3727726489572031,0.04391982537205352,0.5833075256707435
BG,2,0.39804269410156556,0.02362158004483832,0.578335725853596
BG,2,0.5099434576933759,0.026491166070431012,0.4635653762361931
BG,2,0.5262300991425669,0.03482529584778184,0.43894460500965116
BG,2,0.5199673479315937,0.029973528513659482,0.45005912355474686
BG,2,0.481949224858542,0.02859164182462082,0.48945913331683716
BG,2,0.5384317761724393,0.0357134015678893,0.4258548222596714
BG,2,0.28796274793908067,0.02895359009003924,0.6830836619708801
BG,2,0.25475915800533777,0.034386669196598565,0.7108541727980636
BG,2,0.3474069382362561,0.018639082306535097,0.6339539794572088
BG,2,0.3026962480350311,0.02663627193547547,0.6706674800294935
BG,2,0.44222495001719414,0.03133794630557424,0.5264371036772316
BG,2,0.4223659178820737,0.037972359199951906,0.5396617229179744
BG,2,0.3492275906196253,0.07534340940893272,0.575428999971442
BG,2,0.2629970619076348,0.047598924246235234,0.6894040138461299
BG,2,0.2500200463714244,0.038883717370602235,0.7110962362579734
BG,2,0.28699737313211177,0.07049236312232755,0.6425102637455608
BG,2,0.3737632331602153,0.051980560834284914,0.5742562060054998
BG,2,0.20251029486782596,0.04273186217405145,0.7547578429581226
BG,2,0.29928661622697544,0.09918141603554295,0.6015319677374816
BG,2,0.22742361131133373,0.04018639644959142,0.7323899922390749
BG,2,0.1817613488660149,0.04691146553457064,0.7713271855994145
BG,2,0.3449716937811958,0.04953530997110388,0.6054929962477004
BG,2,0.42199455119688994,0.04716701584216814,0.530838432960942
BG,2,0.30250786704618976,0.0527748960985774,0.6447172368552329
BG,2,0.12618283956430273,0.08308230867038051,0.7907348517653168
BG,2,0.12081805756986129,0.12482149332021966,0.754360449109919
BG,2,0.11186079447945707,0.15222691476967473,0.7359122907508682
BG,2,0.14034358406524497,0.09326717428998257,0.7663892416447725
BG,2,0.18287860094977587,0.10101855064571184,0.7161028484045123
BG,2,0.17992277470059814,0.2534760672131541,0.5666011580862479
BG,2,0.07653552556257553,0.1215608390275362,0.8019036354098883
BG,2,0.14004283226776026,0.07873438010264318,0.7812227876295965
BG,2,0.2480295145071609,0.0962343617064984,0.6557361237863407
BG,2,0.13216498313205763,0.06532552432234476,0.8025094925455976
BG,2,0.16914578115452428,0.06315140180955947,0.7677028170359163
BG,2,0.4754979935935141,0.060273501590366936,0.46422850481611905
BG,2,0.37245409892181536,0.07305201142777798,0.5544938896504067
BG,2,0.4205247404441641,0.052505136086984136,0.5269701234688517
BG,2,0.3326143928966899,0.04103092237300119,0.6263546847303089
BG,2,0.21535690741801222,0.048149564685004566,0.7364935278969833
BG,2,0.6072498829724043,0.02858139129911607,0.3641687257284795
BG,2,0.6736497907081345,0.027216641890711192,0.29913356740115443
BG,2,0.46403652280801433,0.02485448172597144,0.5111089954660142
BG,2,0.31374550640395815,0.04978302290733485,0.6364714706887069
BG,2,0.39439306673184077,0.02801999934356286,0.5775869339245963
BG,2,0.6486064328757962,0.018071928813333034,0.33332163831087064
BG,2,0.6947374522934096,0.02267768058795991,0.28258486711863057
BG,2,0.6761370408994287,0.02332728716728461,0.3005356719332866
BG,2,0.7747132005437549,0.025547724401228426,0.19973907505501667
BG,2,0.36660052129589255,0.26827931402393895,0.3651201646801685
BG,2,0.6375059884709637,0.03230202205128746,0.3301919894777488
BG,2,0.6111474685089028,0.04524542835879233,0.3436071031323047
BG,2,0.6565018427450477,0.03145520748887896,0.3120429497660733
BG,2,0.583965428376886,0.023221099124873763,0.3928134724982401
BG,2,0.5536639863664302,0.03096305423360642,0.4153729593999633
BG,2,0.48644342899245896,0.03426497480852765,0.4792915961990134
BG,2,0.46407466154285343,0.03058296411492918,0.5053423743422174
BG,2,0.6258001612397628,0.02624477665202736,0.34795506210820987
BG,0,0.18739093579503577,0.11423865215464266,0.6983704120503217
BG,0,0.295318086282229,0.1693886680033127,0.5352932457144584
BG,0,0.12813232570121197,0.09981785322980777,0.7720498210689803
BG,0,0.2082092748722428,0.0921565329276061,0.6996341922001511
BG,0,0.14205520458278356,0.11630823782402934,0.7416365575931871
BG,0,0.16841658954183875,0.11033793853743827,0.721245471920723
BG,0,0.22294692932764024,0.12750563354667394,0.6495474371256859
BG,0,0.22858068395793335,0.10552848720822688,0.6658908288338398
BG,0,0.5524890376142724,0.124203779376873,0.3233071830088545
BG,0,0.7138876577575464,0.0953231826697457,0.1907891595727079
BG,0,0.4058771387787535,0.4626770000104075,0.13144586121083907
BG,2,0.5541380670177699,0.042277062888779325,0.40358487009345073
BG,2,0.47765796069374755,0.03443324835850568,0.48790879094774675
BG,2,0.3681706154073828,0.0547710735932252,0.577058310999392
BG,2,0.2241649301363546,0.053458519031106246,0.722376550832539
BG,2,0.14452032978063303,0.04852671739041208,0.806952952828955
BG,2,0.11924023674472739,0.03758319509447159,0.8431765681608011
BG,2,0.27266851957613925,0.04099268228191046,0.6863387981419502
BG,2,0.3376194852252818,0.0481408446018157,0.6142396701729024
BG,2,0.317510240837499,0.09666258960597622,0.5858271695565248
BG,2,0.5280228863180566,0.041745667092720116,0.43023144658922313
BG,2,0.5737750003626397,0.024049250700915445,0.40217574893644475
BG,2,0.5789774653833337,0.020356497568625252,0.40066603704804105
BG,2,0.7103653739320529,0.08082705367508197,0.20880757239286524
BG,2,0.5564797843528165,0.023191232250398024,0.4203289833967853
BG,2,0.4835241071709304,0.033168840949646,0.4833070518794237
BG,2,0.5542405015949783,0.026382158847445814,0.4193773395575759
BG,2,0.5530444087802758,0.03466640107687888,0.4122891901428452
BG,2,0.6536173646696656,0.020571021780373056,0.32581161354996147
BG,2,0.6076283065365607,0.16281145037079528,0.22956024309264403
BG,2,0.6493102481186246,0.041676923973403154,0.30901282790797224
BG,2,0.6863545172786756,0.03421348618024075,0.2794319965410836
BG,2,0.767739326365093,0.026052327282517447,0.20620834635238947
BG,2,0.5810566588096058,0.04753408743863254,0.3714092537517616
BG,2,0.5319764735529295,0.05465696025346362,0.4133665661936069
BG,2,0.3011342789317185,0.06314917924895912,0.6357165418193225
BG,2,0.3228271219138585,0.06575944520460067,0.6114134328815408
BG,2,0.38011286026562585,0.09007315872414744,0.5298139810102267
BG,2,0.2872095612500508,0.049391326346476076,0.663399112403473
BG,2,0.3203659019678168,0.03794275049471484,0.6416913475374685
BG,2,0.2110772469612947,0.048130117391331995,0.7407926356473733
BG,2,0.36394460444740656,0.020606670495083097,0.6154487250575104
BG,2,0.304622315527223,0.04222004738228602,0.6531576370904909
BG,2,0.3754513906825035,0.028335024836364176,0.5962135844811324
BG,2,0.40183262694529326,0.02825231222980556,0.5699150608249012
BG,2,0.33161764044523984,0.028394294033234693,0.6399880655215254
BG,2,0.4882248353949457,0.031074311517021478,0.4807008530880329
BG,2,0.5740691657377803,0.03163822591555655,0.3942926083466631
BG,2,0.5976681358562859,0.022223612510560774,0.38010825163315337
BG,2,0.553066710069453,0.029553295500234864,0.4173799944303121
BG,2,0.6165574223640302,0.02882916248476938,0.35461341515120043
BG,2,0.5768646926978812,0.034923258038356705,0.38821204926376207
BG,2,0.43299253819742456,0.02057169189683441,0.546435769905741
BG,2,0.5381378120094426,0.024341809686513484,0.4375203783040439
BG,2,0.5521109067289668,0.02730792403156987,0.42058116923946326
BG,2,0.6705632657937755,0.039627770838871756,0.28980896336735285
BG,2,0.3078900181924801,0.022178564474205426,0.6699314173333144
BG,2,0.36356093637792386,0.02123097320351704,0.6152080904185591
BG,2,0.5200494960290936,0.026750896349716984,0.45319960762118955
BG,2,0.08390042389206137,0.04449077811680118,0.8716087979911374
BG,2,0.18819701298855168,0.07175854993372327,0.740044437077725
BG,2,0.2340916954042865,0.0887608737750294,0.6771474308206841
BG,2,0.15705812508522343,0.0709473447516017,0.7719945301631749
BG,2,0.19506383484075904,0.07664739976761668,0.7282887653916242
BG,2,0.3236093413539315,0.06130003642271346,0.615090622223355
BG,2,0.3220541480434718,0.08238943562890376,0.5955564163276243
BG,2,0.4713716966584732,0.09518847847643319,0.43343982486509347
BG,2,0.7063398482093801,0.09945676454339847,0.19420338724722147
BG,2,0.569494350889463,0.1540367083694761,0.2764689407410609
BG,2,0.3214653677421869,0.12770153864903733,0.5508330936087757
BG,2,0.3168010930523493,0.1583480739839456,0.524850832963705
BG,2,0.6586142017759524,0.09553316570552582,0.24585263251852169
BG,2,0.36094693161024133,0.48541234551126183,0.15364072287849675
BG,2,0.6349964512829133,0.0104862542361949,0.35451729448089186
BG,2,0.684294098266256,0.010436165220903936,0.3052697365128401
BG,2,0.1704012894674534,0.02812342529186703,0.8014752852406796
BG,2,0.08525156258578125,0.013566621267371322,0.9011818161468473
BG,2,0.21591668243584705,0.034750485988113304,0.7493328315760397
BG,2,0.24353117708455643,0.03443272200140711,0.7220361009140364
BG,2,0.10935333446472222,0.03345859334872363,0.8571880721865541
BG,2,0.07445743923886541,0.01755141983144305,0.9079911409296915
BG,2,0.07007403025579921,0.012856455675031075,0.9170695140691697
BG,2,0.06219209657639875,0.0137125727413294,0.9240953306822718
BG,2,0.27878825765134957,0.39553889702775114,0.32567284532089935
BG,2,0.15472444419576145,0.04430185320129426,0.8009737026029443
BG,2,0.16056369594360928,0.021323916703971366,0.8181123873524193
BG,2,0.0772120257283541,0.016020519809084165,0.9067674544625617
BG,2,0.08403182919819194,0.029563052590157398,0.8864051182116507
BG,2,0.07453118157688837,0.020665547077472424,0.9048032713456393
BG,2,0.07192697004936706,0.018577444044328636,0.9094955859063044
BG,2,0.13119731111142371,0.025581442444134853,0.8432212464444414
BG,2,0.10407223754461704,0.018915754884958797,0.8770120075704242
BG,2,0.04786150636246895,0.020688095577105218,0.931450398060426
BG,2,0.06530063924760535,0.033557073372860596,0.9011422873795341
BG,2,0.06338344903627449,0.022393179543837315,0.9142233714198881
BG,2,0.14613878024675064,0.04060347373516148,0.8132577460180879
BG,2,0.18620400145049734,0.022405358123366307,0.7913906404261363
BG,2,0.18405996913985725,0.03535651642375556,0.7805835144363872
BG,2,0.3528519417033771,0.0698914137349519,0.577256644561671
BG,2,0.22620756209051474,0.0350335341769286,0.7387589037325567
BG,2,0.12825958146488017,0.050584712329037725,0.8211557062060821
BG,2,0.17761736191156433,0.06495519207089459,0.757427446017541
BG,2,0.12014789187255549,0.04381522066484542,0.8360368874625992
BG,2,0.39502847621578785,0.1473584370750092,0.4576130867092029
BG,2,0.10863198640853142,0.07259076236834187,0.8187772512231267
BG,2,0.13765809160926812,0.14662731489155392,0.715714593499178
BG,2,0.027005950954432388,0.06617341731556003,0.9068206317300076
BG,2,0.03574344758384129,0.08289198979533105,0.8813645626208275
BG,2,0.04097871677428714,0.08670014906600791,0.8723211341597049
BG,2,0.036439349381931115,0.06416224325309491,0.8993984073649739
BG,2,0.035353319804710806,0.03969026049991236,0.9249564196953768
BG,2,0.06092621751771068,0.10856297441295537,0.830510808069334
BG,2,0.11910745471550137,0.05859132080089825,0.8223012244836003
BG,2,0.19365640685686294,0.1715803255365159,0.6347632676066212
BG,2,0.22900132812342228,0.029856149386122466,0.7411425224904552
BG,2,0.17547060564496073,0.19936746256988258,0.6251619317851568
BG,2,0.25928907650600225,0.04949479047924164,0.691216133014756
BG,2,0.3117084752691435,0.038464686029542866,0.6498268387013136
BG,2,0.40300388060631187,0.07561066150702131,0.5213854578866668
BG,2,0.2146845518787385,0.03011722062684887,0.7551982274944126
BG,2,0.26542351432936834,0.11994058011778135,0.6146359055528504
BG,2,0.2499062984512886,0.14341015305500582,0.6066835484937056
BG,2,0.2786146733510826,0.0827738553717632,0.6386114712771542
BG,2,0.30174527375815346,0.07832053989029959,0.619934186351547
BG,2,0.10958742254534545,0.608151465930385,0.2822611115242696
BG,2,0.10452961214561154,0.09401188601015179,0.8014585018442367
BG,2,0.20250228808025642,0.588874701123504,0.20862301079623952
BG,2,0.3792613952825994,0.09574059894072277,0.5249980057766778
BG,2,0.3352485159988639,0.13186988600676752,0.5328815979943685
BG,2,0.17363842330806115,0.09955249867662089,0.7268090780153179
BG,2,0.2188838648121775,0.05667994757662615,0.7244361876111963
BG,2,0.11216844744758712,0.19843072378065965,0.6894008287717532
BG,2,0.18852323202120555,0.11139444057259372,0.7000823274062008
BG,2,0.2049865224702814,0.127369743710748,0.6676437338189706
BG,2,0.3003292783629033,0.09270901235644843,0.6069617092806483
BG,2,0.1959581947854684,0.1542108616172174,0.6498309435973142
BG,2,0.19082462848029152,0.05557907726344148,0.7535962942562671
BG,2,0.28145743700786774,0.06041823028897639,0.6581243327031558
BG,2,0.340919361971046,0.055736016693940224,0.6033446213350139
BG,2,0.5200711730624711,0.046834050205185496,0.4330947767323433
BG,2,0.2320783964177686,0.035435132732625,0.7324864708496063
BG,2,0.21484088752472402,0.056686437197377,0.728472675277899
BG,2,0.21236898841244556,0.047780375693321116,0.7398506358942334
BG,2,0.22937724199448872,0.039006873362363574,0.7316158846431478
BG,2,0.1469160495882718,0.04035770053498333,0.8127262498767449
BG,2,0.20683351372394201,0.04587952615177408,0.7472869601242839
BG,2,0.20798275619957834,0.035209882869527205,0.7568073609308944
BG,2,0.20793228214800474,0.03417193959081005,0.7578957782611853
BG,2,0.20598999629005965,0.037014828501667485,0.7569951752082728
BG,2,0.22576004936429636,0.06249033884270532,0.7117496117929983
BG,2,0.33571720834214475,0.07068377274875876,0.5935990189090966
BG,2,0.40766663927417296,0.05737973706753121,0.5349536236582958
BG,2,0.2813099775338476,0.08933510348581858,0.6293549189803338
BG,2,0.20361846509325437,0.07615092729273405,0.7202306076140116
BG,2,0.30543412577056295,0.06322974284973261,0.6313361313797045
BG,2,0.46677431926460605,0.07955887642934593,0.453666804306048
BG,2,0.2784230792968727,0.038398970900293955,0.6831779498028333
BG,2,0.35884213740403975,0.07212333743690824,0.569034525159052
BG,2,0.42403588396379266,0.06857107449920867,0.5073930415369986
BG,2,0.4558966923366075,0.08640159477326541,0.45770171289012707
CE,2,0.07863096333725365,0.04049746529835015,0.8808715713643962
CE,2,0.0492101638125869,0.029644313430430138,0.9211455227569829
CE,2,0.01166284978046484,0.011015490657220597,0.9773216595623146
CE,2,0.14420092764321385,0.3046912589727616,0.5511078133840246
CE,2,0.013894470282670528,0.02690288901911887,0.9592026406982105
CE,2,0.06375565979361077,0.3969378072720622,0.5393065329343271
CE,2,0.043321764092678725,0.11611942127341467,0.8405588146339066
CE,2,0.08545774263351,0.22599722844450268,0.6885450289219873
CE,2,0.008082664836130328,0.011324275027254862,0.980593060136615
CE,2,0.016914564492484074,0.02216554817172948,0.9609198873357865
CE,2,0.008328577732191983,0.013302526458503916,0.9783688958093042
CE,2,0.008303340186671636,0.016292451413765126,0.9754042083995633
CE,2,0.01428808023358516,0.018934974195626172,0.9667769455707886
CE,2,0.11947737600746099,0.12491806818050114,0.7556045558120378
CE,2,0.32066522081648374,0.06583108713668802,0.6135036920468283
CE,2,0.3459786249682904,0.12430902469243495,0.5297123503392747
CE,2,0.043128254990698896,0.5866314639402925,0.3702402810690086
CE,2,0.15205882587397546,0.2487292405401089,0.5992119335859156
CE,2,0.40610395485802653,0.04213643095668062,0.5517596141852928
CE,2,0.3381182812497896,0.03800223322309762,0.6238794855271128
CE,2,0.3567890200440014,0.025780783413272834,0.6174301965427258
CE,2,0.28047362263859354,0.054584158829496084,0.6649422185319104
CE,2,0.6082637820790078,0.052348308294498075,0.3393879096264943
CE,2,0.7567154656658672,0.02676523269851704,0.21651930163561578
CE,2,0.34800494358120404,0.054302711821756555,0.5976923445970395
CE,2,0.7930181885688345,0.07112004256654127,0.13586176886462434
CE,2,0.5572897583350269,0.17535070936668648,0.2673595322982867
CE,2,0.3976341705340099,0.11054637422576724,0.4918194552402229
CE,2,0.35352032697726815,0.047585249050996974,0.5988944239717349
CE,2,0.3954038013639505,0.09282176992250217,0.5117744287135473
CE,2,0.11778708595514947,0.01856494472382147,0.863647969321029
CE,2,0.21071377043192682,0.0391142391005445,0.7501719904675287
CE,2,0.2782345611807589,0.0798536275354942,0.641911811283747
CE,2,0.40513815877350695,0.05603459640869985,0.5388272448177932
CE,2,0.4195685444070793,0.06589210518761464,0.5145393504053062
CE,2,0.2377212498857761,0.04762667981375358,0.7146520703004703
CE,2,0.34615341891317164,0.02847934904324397,0.6253672320435844
CE,2,0.6836329985462691,0.037353998169771696,0.2790130032839592
CE,2,0.4545665737378981,0.06518934875703208,0.48024407750506987
CE,2,0.4259823245586263,0.05365461488657201,0.5203630605548016
CE,2,0.6764073379844818,0.04165566093069529,0.28193700108482284
CE,2,0.7814759781085034,0.09782151540542568,0.12070250648607092
CE,2,0.5778433141794211,0.04569120200819423,0.37646548381238476
CE,2,0.43748442553210326,0.15917231491829026,0.4033432595496064
CE,2,0.17452623181059043,0.078138055201276,0.7473357129881335
CE,2,0.12034473090625701,0.06472228960797272,0.8149329794857703
CE,2,0.19864189260620554,0.12676290766118625,0.6745951997326081
CE,2,0.22006749399298275,0.03447546082385265,0.7454570451831647
CE,2,0.30075127526198775,0.0334160130837954,0.6658327116542169
CE,2,0.3746159168921897,0.11508496774083478,0.5102991153669756
CE,2,0.272471394330625,0.17017728292531276,0.5573513227440622
CE,2,0.3806775278887792,0.07652817861375481,0.542794293497466
CE,2,0.399466376501959,0.19063816013026175,0.40989546336777927
CE,2,0.4123231670552251,0.20395629843093876,0.3837205345138362
CE,2,0.7490448944705055,0.04665361015744855,0.204301495372046
CE,2,0.13909467535329567,0.10635324305283543,0.7545520815938688
CE,2,0.13812906603188924,0.10995312363192875,0.7519178103361819
CE,2,0.3938416885102109,0.061057976713293,0.5451003347764962
CE,2,0.10820503345180277,0.032820401960727025,0.8589745645874703
CE,2,0.1432356183300076,0.07649107420987718,0.7802733074601153
CE,2,0.11948133410769714,0.03384125241659066,0.8466774134757122
CE,2,0.16546514715371116,0.15669476733507867,0.6778400855112101
CE,2,0.06645774270206585,0.061815686850760415,0.8717265704471737
CE,2,0.08793125631164124,0.03506595375027036,0.8770027899380883
CE,2,0.03941524991435213,0.035342529680122275,0.9252422204055256
CE,2,0.1762148494775512,0.08885782933407785,0.734927321188371
CE,2,0.20369095325646552,0.047487290486451235,0.7488217562570832
CE,2,0.05413626909964864,0.06580512865565903,0.8800586022446923
CE,2,0.11953288865397678,0.03539438030244897,0.8450727310435743
CE,2,0.05036202387128384,0.04683396959063105,0.9028040065380851
CE,2,0.04805648314487171,0.017983491460557458,0.9339600253945708
CE,2,0.15080383258391855,0.06377440564062953,0.7854217617754519
CE,1,0.01818279451371375,0.019289387070601904,0.9625278184156844
CE,1,0.017196119691528653,0.019440586983258474,0.9633632933252129
CE,1,0.10310584246386989,0.13454120394983668,0.7623529535862935
CE,1,0.07128025505362397,0.08903436296165453,0.8396853819847215
CE,1,0.06499197622055697,0.06189039849299712,0.873117625286446
CE,1,0.04999088189952556,0.030201226256347722,0.9198078918441268
CE,1,0.012382353128817003,0.015194964769539372,0.9724226821016436
CE,1,0.01555246270086563,0.018858995528019017,0.9655885417711153
CE,1,0.01555246270086563,0.018858995528019017,0.9655885417711153
CE,1,0.05930341042386508,0.059206374242271445,0.8814902153338634
CE,2,0.1529934656993705,0.4041413282938167,0.44286520600681273
CE,2,0.06261198074647988,0.217431538150413,0.7199564811031071
CE,2,0.07798972247782425,0.1314002439610758,0.7906100335610999
CE,2,0.04513840858681894,0.1121586196776643,0.8427029717355168
CE,2,0.04481629055913499,0.15563275389616868,0.7995509555446965
CE,2,0.031265493742669195,0.19074819392340134,0.7779863123339295
CE,2,0.03652566490472656,0.22284006354646332,0.7406342715488101
CE,2,0.039190397451549536,0.5178017809710264,0.44300782157742413
CE,2,0.11462768579571106,0.5489286316582869,0.336443682546002
CE,2,0.13684303923858843,0.2838656968128894,0.579291263948522
CE,2,0.07619468426792676,0.23254914193015414,0.6912561738019191
CE,2,0.03024913672134942,0.14985045499619754,0.819900408282453
CE,2,0.07138047398952425,0.41973670590814466,0.5088828201023311
CE,2,0.12911526789257205,0.021042396890501847,0.8498423352169261
CE,2,0.0570106454769088,0.0309959956690431,0.9119933588540481
CE,2,0.11489469376045752,0.06703680931246243,0.8180684969270801
CE,2,0.07653048578319054,0.08917556478100357,0.8342939494358059
CE,2,0.03095005015938333,0.02888034833130845,0.9401696015093083
CE,2,0.06991205693785343,0.01658802982420539,0.9134999132379411
CE,2,0.03462410751601273,0.026460972093133545,0.9389149203908538
CE,2,0.038088813519355134,0.07805396156197046,0.8838572249186744
CE,2,0.03308856191695343,0.15063325673116565,0.816278181351881
CE,2,0.16586880021074113,0.25225011370580475,0.5818810860834541
CE,2,0.08840490186013851,0.05726162636340658,0.8543334717764549
CE,2,0.02882664707713122,0.03019170518156162,0.9409816477413072
CE,2,0.09313498847168655,0.12339669246119564,0.7834683190671179
CE,2,0.04237350482467393,0.03093211771738928,0.9266943774579367
CE,2,0.026959549428023456,0.03867435950936175,0.9343660910626148
CE,2,0.017838394631305036,0.11979022967368949,0.8623713756950054
CE,2,0.025919507873541005,0.02431220687171995,0.949768285254739
CE,2,0.04742347525988666,0.07909575248464167,0.8734807722554717
CE,2,0.03350978191247732,0.06808502992662419,0.8984051881608984
CE,2,0.07863234130255567,0.0584710227609121,0.8628966359365322
CE,2,0.04013638053047899,0.09227212649747202,0.867591492972049
CE,2,0.05458584919482444,0.1383590588226766,0.807055091982499
CE,2,0.03601938882946956,0.02389159271845076,0.9400890184520796
CE,2,0.005168274662611877,0.010907829637706652,0.9839238956996815
CE,2,0.006108244053145427,0.02315591770382673,0.9707358382430278
CE,2,0.022574817616294294,0.13091738892322555,0.8465077934604802
CE,2,0.06542621250200122,0.038616203252869956,0.8959575842451288
CE,2,0.01809714283509543,0.032395399190199056,0.9495074579747055
CE,2,0.003845980901023044,0.014838864193544682,0.9813151549054322
CE,2,0.059451333053365314,0.07306432807949108,0.8674843388671437
CE,2,0.03992888898165189,0.024661343711060452,0.9354097673072878
CE,2,0.006363650536795507,0.030062449031077042,0.9635739004321274
CE,2,0.04797021275431694,0.17546857715949316,0.7765612100861898
CE,2,0.05196183637392898,0.07292500120049808,0.875113162425573
CE,2,0.020354349584414577,0.019529451943811355,0.960116198471774
CE,2,0.044163504992103475,0.061060069607237255,0.8947764254006593
CE,2,0.009950470416944674,0.028744836882109687,0.9613046927009455
CE,2,0.005850623914173114,0.013805806026345173,0.9803435700594818
CE,2,0.008623797306126672,0.020349705358856544,0.9710264973350168
CE,2,0.004978374964474332,0.011351568995806305,0.9836700560397192
CE,2,0.007519770917512295,0.025414735212168645,0.9670654938703191
CE,2,0.0029398503471469435,0.013049082979796664,0.9840110666730563
CE,2,0.0038758257883388034,0.014954014071078495,0.9811701601405826
CE,2,0.0036569518090692303,0.014841680000107074,0.9815013681908238
CE,2,0.0029627268049487246,0.013150624473712832,0.9838866487213385
CE,2,0.004785235664151479,0.0186216882397135,0.976593076096135
CE,2,0.06039927329376214,0.05145658226041534,0.8881441444458225
CE,2,0.04873705012265269,0.03309710808938524,0.918165841787962
CE,2,0.039598254795912655,0.10937987136138613,0.8510218738427012
CE,2,0.08350137943876042,0.08665529011484911,0.8298433304463905
CE,2,0.007922229130817391,0.03282619798404061,0.959251572885142
CE,2,0.08541445979727753,0.30961808907088584,0.6049674511318367
CE,2,0.04119152765997198,0.1237685210609826,0.8350399512790454
CE,2,0.05129857480189281,0.11852598621574721,0.8301754389823599
CE,2,0.07681716837206654,0.06626374453319947,0.8569190870947341
CE,2,0.034825633321770334,0.027686586948932845,0.9374877797292969
CE,2,0.06617046278199429,0.04523105803318177,0.888598479184824
CE,2,0.040465327146602004,0.05308633739467448,0.9064483354587234
CE,2,0.06652741736902337,0.12216397952578646,0.8113086031051902
CE,2,0.032611257138327514,0.07768430032996858,0.8897044425317039
CE,2,0.038075492257005066,0.09764854922909007,0.8642759585139049
CE,2,0.02511267852461601,0.061830445379450594,0.9130568760959333
CE,2,0.011455188432949345,0.020618513879788063,0.9679262976872625
CE,2,0.01409961448703771,0.01665955043096894,0.9692408350819933
CE,2,0.05809736781995187,0.13070477595304633,0.8111978562270018
CE,2,0.04726395526524555,0.032446704849924846,0.9202893398848296
CE,2,0.06806892470328609,0.05181543462187548,0.8801156406748385
CE,2,0.08739720161431414,0.05692606080225202,0.8556767375834339
CE,2,0.060468924742688154,0.03782552491562821,0.9017055503416836
CE,2,0.03868087228559698,0.04735096769269579,0.9139681600217072
CE,2,0.038269026054120185,0.04375200115585842,0.9179789727900215
CE,2,0.02743344556094172,0.02028474037384852,0.9522818140652097
CE,2,0.028354102676048414,0.045608876935868056,0.9260370203880836
CE,2,0.031107393463194546,0.06265038560138407,0.9062422209354214
CE,2,0.037853252448790696,0.028215581402402493,0.9339311661488068
CE,2,0.02251789954619622,0.019376513993436716,0.958105586460367
CE,2,0.051542857091747635,0.030374165338825077,0.9180829775694272
CE,2,0.046065396137679585,0.022310244981636144,0.9316243588806843
CE,2,0.025019029105198997,0.02793810571496338,0.9470428651798375
CE,2,0.015304992757216439,0.03270474850420094,0.9519902587385826
CE,2,0.027757212673932365,0.08231449753662988,0.8899282897894377
CE,2,0.027603747595616564,0.057411970359711004,0.9149842820446723
CE,2,0.012936370081289176,0.06601426804374953,0.9210493618749614
CE,2,0.025658685369681973,0.15207214868045055,0.8222691659498674
CE,2,0.025598609614428496,0.03471355363342846,0.9396878367521431
CE,2,0.01674001611064181,0.03623432951221818,0.94702565437714
CE,2,0.02341067027970093,0.025085647144658395,0.9515036825756407
CE,2,0.006564817638473899,0.017055790023545115,0.976379392337981
CE,2,0.004886689820930336,0.017247250118421115,0.9778660600606486
CE,2,0.0027589945626064734,0.010649933010712423,0.9865910724266812
CE,2,0.003732166819547551,0.014840559585688817,0.9814272735947637
CE,2,0.0037103777438472585,0.01484088415912728,0.9814487380970254
CE,2,0.003134798341467652,0.013046531586527643,0.9838186700720047
CE,2,0.0027873991861874056,0.008634225203583042,0.9885783756102295
CE,2,0.005895979571385704,0.013912832458886415,0.9801911879697279
CE,2,0.007278842621141145,0.01717599538065183,0.975545161998207
CE,2,0.004839006833339223,0.014012210037221947,0.9811487831294389
CE,2,0.004293680270060339,0.01264397461422548,0.9830623451157142
CE,2,0.004293680270060339,0.01264397461422548,0.9830623451157142
CE,2,0.021126303901142385,0.06459452480788155,0.914279171290976
CE,2,0.02406815866775554,0.10094348146817458,0.87498835986407
CE,2,0.014035617252019732,0.05886632581792632,0.927098056930054
CE,2,0.0398787025488118,0.1453835270398276,0.8147377704113605
CE,2,0.014232884777321519,0.06374372362951133,0.9220233915931673
CE,2,0.008267398470869894,0.0279415085027825,0.9637910930263475
CE,2,0.034783963916879,0.10161525795052716,0.8636007781325938
CE,2,0.014211716294219214,0.011153966894520832,0.9746343168112599
CE,2,0.03305366088564587,0.026783018270149735,0.9401633208442044
CE,2,0.006053476388443153,0.01380298900308981,0.9801435346084669
CE,2,0.003929523177161715,0.014953207955205772,0.9811172688676325
CE,2,0.006730603625230626,0.013411074573013689,0.9798583218017557
CE,2,0.05789398980217018,0.1406060618633481,0.8014999483344818
CE,2,0.01471973113137953,0.024405694672345733,0.9608745741962748
CE,2,0.017283907705976296,0.05101513291906908,0.9317009593749546
CE,2,0.08434674092922728,0.1741150922810272,0.7415381667897455
CE,2,0.005895979571385704,0.013912832458886415,0.9801911879697279
CE,2,0.015674626104326114,0.014935259179296263,0.9693901147163776
CE,2,0.008765275995156882,0.022141009003913706,0.9690937150009293
CE,2,0.006782755102099346,0.01351498907820864,0.979702255819692
CE,2,0.004112115339628294,0.012109304534754442,0.9837785801256174
CE,2,0.00449730246615499,0.012641388918195136,0.9828613086156498
CE,2,0.0031669314082674385,0.01072886556748293,0.9861042030242496
CE,2,0.021101240787829597,0.026824434113509595,0.9520743250986609
CE,2,0.0993202842219926,0.37716394538463766,0.5235157703933698
CE,2,0.03203057879525634,0.020682447718864624,0.947286973485879
CE,2,0.045411327614202884,0.02729113857122154,0.9272975338145756
CE,2,0.12364718453111674,0.07279963769127719,0.803553177777606
CE,2,0.053257117937045496,0.01783232512661128,0.9289105569363433
CE,2,0.037515974747199705,0.05504028099985104,0.9074437442529493
CE,2,0.009333121222594677,0.03170165552975008,0.9589652232476552
CE,2,0.0575634575292217,0.3603195226738333,0.582117019796945
CE,2,0.08304667841644814,0.13930359935694125,0.7776497222266106
CE,2,0.08379189313644216,0.05299189806375495,0.863216208799803
CE,2,0.02624384348899183,0.026161404593111535,0.9475947519178965
CE,2,0.048346401653776745,0.10963689047135758,0.8420167078748656
CE,2,0.009179100917231744,0.03055349398317249,0.9602674050995957
CE,2,0.037890208839790086,0.1652246695683274,0.7968851215918825
CE,2,0.04746127025274545,0.0292839885823717,0.9232547411648828
CE,2,0.03236462815118,0.04185633306167146,0.9257790387871486
CE,2,0.04214693064629276,0.025558887649141587,0.9322941817045657
CE,2,0.039276978130942226,0.02307935148553992,0.9376436703835178
CE,2,0.024497788262836735,0.014752628688716057,0.9607495830484472
CE,2,0.33950735879571003,0.03137927871289546,0.6291133624913945
CE,2,0.026549533190390526,0.018903162811238106,0.9545473039983713
CE,2,0.04950891013012016,0.020781502387591976,0.9297095874822879
CE,2,0.0661044024267409,0.04604438705347175,0.8878512105197873
CE,2,0.19695006221528746,0.05776622959129814,0.7452837081934144
CE,2,0.041708938891024706,0.0235762263593395,0.9347148347496359
CE,2,0.0660308483729739,0.03552344214218875,0.8984457094848375
CE,2,0.02978436778300143,0.018786543158540902,0.9514290890584576
CE,2,0.02487138502307952,0.01653588243763245,0.9585927325392879
CE,2,0.03858539960773826,0.05215585643414828,0.9092587439581136
CE,2,0.014267436072222115,0.025092290022594624,0.9606402739051833
CE,2,0.00820506822746229,0.013818466971573783,0.977976464800964
CE,2,0.044789656454082,0.02117891536762725,0.9340314281782908
CE,2,0.35281380667587825,0.04304462536116212,0.6041415679629597
CE,2,0.2219083306004689,0.018056146944155863,0.7600355224553752
CE,2,0.40882531180074194,0.02013238612372451,0.5710423020755335
CE,2,0.0689756554730337,0.03943013088077965,0.8915942136461867
CE,2,0.16037911644124458,0.11362084934509631,0.7260000342136591
CE,2,0.045963843008066135,0.029034983602697115,0.9250011733892367
CE,2,0.05502668955837378,0.03413801842592259,0.9108352920157036
CE,2,0.054663598990695395,0.11295519132307068,0.832381209686234
CE,2,0.058326914894981624,0.034050555459402373,0.9076225296456161
CE,2,0.040443592976555184,0.04742444538351533,0.9121319616399296
CE,2,0.050882687116157094,0.08283951335652898,0.8662777995273139
CE,2,0.023356115656567273,0.1116135484211261,0.8650303359223065
CE,2,0.019812900592484632,0.0865711956245606,0.8936159037829549
CE,2,0.024486477943317656,0.08537704129329819,0.8901364807633841
CE,2,0.03842432659654232,0.07991727543555911,0.8816583979678987
CE,2,0.037054915202290636,0.05183054298524227,0.911114541812467
CE,2,0.04166403033729662,0.08336084731337233,0.8749751223493312
CE,2,0.04869777310807273,0.06672390364234349,0.8845783232495837
CE,2,0.09963078935916421,0.07893496167373007,0.8214342489671056
CE,2,0.06316699277081898,0.04488439805215702,0.891948609177024
CE,2,0.04245093950942074,0.11866597261726813,0.838883087873311
CE,2,0.05021507682856219,0.043910064568060264,0.9058748586033776
CE,2,0.039990902010283325,0.11899601639611457,0.8410130815936022
CE,2,0.053207912360366885,0.0417522531894827,0.9050398344501503
CE,2,0.03539586303005737,0.08671552132922179,0.8778886156407208
CE,2,0.05748526480589541,0.14332325741270815,0.7991914777813965
CE,2,0.06375409963754676,0.10942715794550525,0.826818742416948
CE,2,0.04269876581794874,0.04575375929113067,0.9115474748909205
CE,2,0.029216699489331706,0.06076668681597645,0.9100166136946919
CE,2,0.026858056118923283,0.07826118891807952,0.8948807549629971
CE,2,0.06433558638500145,0.02138727895916372,0.9142771346558347
CE,2,0.06195090499997794,0.12735359303287996,0.8106955019671421
CE,2,0.11212168461328602,0.1118608411752563,0.7760174742114576
CE,2,0.07655491037537485,0.15803810675448837,0.7654069828701368
CE,2,0.09054561722013338,0.11939755539553043,0.7900568273843361
CE,2,0.1873960387176288,0.17061664808127075,0.6419873132011005
CE,2,0.08883989581508507,0.05590172881854717,0.8552583753663677
CE,2,0.1399847459336713,0.041680292831148075,0.8183349612351806
CE,2,0.12743218561036862,0.0989575303167675,0.7736102840728638
CE,2,0.1393968435705022,0.15911878498899706,0.7014843714405008
CE,2,0.13830563986091887,0.21070481868091687,0.6509895414581642
CE,2,0.07505387142817574,0.06287388813699084,0.8620722404348335
CE,2,0.10767368905977946,0.07957072601316996,0.8127555849270505
CE,2,0.20034245627376768,0.15923805274568748,0.6404194909805447
CE,2,0.06331090314449057,0.05034092993472373,0.8863481669207857
CE,2,0.07970808972251994,0.057491858498425745,0.8628000517790544
CE,2,0.07805713865758866,0.04932501305754953,0.8726178482848619
CE,2,0.14497410713092887,0.08464347569702782,0.7703824171720434
CE,2,0.09559429848485615,0.033710150357832286,0.8706955511573116
CE,2,0.06400114455442463,0.0472794175139894,0.8887194379315859
CE,2,0.16622318154147436,0.06923514882928623,0.7645416696292394
CE,2,0.035786732392121615,0.06400372164727354,0.9002095459606048
CE,2,0.0644187118604342,0.1497927955139927,0.785788492625573
CE,2,0.1144352067735783,0.19140907768908158,0.6941557155373401
CE,2,0.0683458132029318,0.14092537325575344,0.7907288135413147
CE,2,0.04838102570288463,0.14952037805860557,0.8020985962385099
CE,2,0.10672129300696019,0.07343007564609516,0.8198486313469447
CE,2,0.06600902822248834,0.1751709764989855,0.7588199952785262
CE,2,0.07601101122160404,0.21881417084621949,0.7051748179321765
CE,2,0.07601101122160404,0.21881417084621949,0.7051748179321765
CE,2,0.08050491336966348,0.31147687841739224,0.6080182082129444
CE,2,0.05607699332503644,0.17349435688652684,0.7704286497884367
CE,2,0.10850617039358314,0.09777678474535811,0.7937170448610588
CE,2,0.12222933731931884,0.11493145579304462,0.7628392068876365
CE,2,0.12902724479993696,0.10247075424300267,0.7685020009570603
CE,2,0.08282119139380198,0.10790693937606292,0.809271869230135
CE,2,0.06555380571688846,0.22283696040097487,0.7116092338821366
CE,2,0.1516658636848301,0.42260769373032897,0.42572644258484105
CE,2,0.17377219522732973,0.3384488366060245,0.4877789681666458
CE,2,0.09932756781810938,0.3553438939179238,0.5453285382639668
CE,2,0.12404526096419466,0.2114263365339359,0.6645284025018694
CE,2,0.11491044570208893,0.2031775340898883,0.6819120202080228
CE,2,0.10340993813468718,0.1306893718610498,0.7659006900042631
CE,2,0.04830454821661961,0.13183610170355187,0.8198593500798285
CE,2,0.04289341936630005,0.17900598952197955,0.7781005911117204
CE,2,0.08833879182630144,0.11510331593510346,0.7965578922385951
CE,2,0.08554517206447254,0.5319902247101953,0.3824646032253321
CE,2,0.07418123787790329,0.48417368720938025,0.4416450749127164
CE,2,0.01752932856109273,0.1612134651349834,0.821257206303924
CE,2,0.019101601157056645,0.20675880530673596,0.7741395935362074
CE,2,0.030198252014527308,0.2732102051599264,0.6965915428255464
CE,2,0.017307014393283988,0.16960462926581846,0.8130883563408975
CE,2,0.027512931366413515,0.2735111722401362,0.6989758963934503
CE,2,0.11564414318285458,0.14772509760770486,0.7366307592094407
CE,2,0.08633913983530259,0.04943308997784673,0.8642277701868507
CE,2,0.13875469941275273,0.0680850995996774,0.7931602009875698
CE,2,0.2393636955518929,0.13489082547598047,0.6257454789721266
CE,2,0.15119799147434226,0.04700656101064855,0.8017954475150092
CE,2,0.21178916586577928,0.07246146122247438,0.7157493729117463
CE,2,0.08908967563206023,0.06476820208502593,0.846142122282914
CE,2,0.12033246830693038,0.06807255936780097,0.8115949723252687
CE,2,0.22060148330569274,0.20271457679075916,0.576683939903548
CE,2,0.1778644253063742,0.1303387466567639,0.691796828036862
CE,2,0.1220927237159044,0.14407693255171453,0.7338303437323811
CE,2,0.10745259909269105,0.0948640920478586,0.7976833088594505
CE,2,0.10015346739564272,0.0403008389152237,0.8595456936891335
CE,2,0.11404684616601714,0.0551036160408062,0.8308495377931767
CE,2,0.06208951033097867,0.08549659024692392,0.8524138994220973
CE,2,0.041958496351659116,0.06798348175671896,0.8900580218916219
CE,2,0.055258911315693646,0.09178319342178437,0.852957895262522
CE,2,0.172744353006598,0.12213651178892004,0.705119135204482
CE,2,0.15163850472726953,0.04993329764182844,0.798428197630902
CE,2,0.07371321241713133,0.08271803238680996,0.8435687551960587
CE,2,0.03903240420825288,0.1864270901460503,0.7745405056456968
CE,2,0.04485705736347508,0.3977177947969536,0.5574251478395713
CE,2,0.026607349249654508,0.3060796683955291,0.6673129823548163
CE,2,0.029840543740131308,0.31178675635665726,0.6583726999032115
CE,2,0.06786020186125469,0.31295783557595214,0.6191819625627932
CE,2,0.07072418479073994,0.4822214265231795,0.4470543886860807
CE,2,0.10094990245779534,0.4366273674112677,0.462422730130937
CE,2,0.15497163069729766,0.35129487089497025,0.49373349840773195
CE,2,0.04832566203715915,0.20027044330559707,0.7514038946572438
CE,2,0.17755164645743757,0.3140971983747541,0.5083511551678083
CE,2,0.07432484114752716,0.09463601101206334,0.8310391478404094
CE,2,0.06370677848423612,0.0675389605999413,0.8687542609158226
CE,2,0.24702320035092667,0.18608495107146353,0.5668918485776099
CE,2,0.18758768013886565,0.08992753828181214,0.7224847815793222
CE,2,0.03986091975254967,0.8788676663711587,0.08127141387629155
CE,2,0.06074472525885093,0.14082671676348998,0.7984285579776591
CE,2,0.08223015110896957,0.28117160696166965,0.6365982419293607
CE,2,0.0770424101028706,0.374413243556527,0.5485443463406025
CE,2,0.04129634726538881,0.11832217668586692,0.8403814760487444
CE,2,0.037118858572767637,0.18255537308528294,0.7803257683419493
CE,2,0.047402369949263265,0.09499185809663581,0.8576057719541009
CE,2,0.044194681789870544,0.08604155881848806,0.8697637593916414
CE,2,0.06130269900323988,0.19418752539843034,0.7445097755983298
CE,2,0.062031816108814655,0.08250478433714768,0.8554633995540376
CE,2,0.03778045051201394,0.1257557551451878,0.8364637943427983
CE,2,0.03472074731755427,0.06002626081486441,0.9052529918675813
CE,2,0.06010713221566285,0.12560918381460592,0.8142836839697312
CE,2,0.028207988890757634,0.027690902904659476,0.9441011082045829
CE,2,0.14352732066724125,0.014989913029692008,0.8414827663030667
CE,2,0.11304080896334151,0.0710712692749338,0.8158879217617248
CE,2,0.07221651311692294,0.033114731534860664,0.8946687553482164
CE,2,0.04230773971185322,0.025846220761269818,0.931846039526877
CE,2,0.06691660608924975,0.05823953713459428,0.8748438567761561
CE,2,0.03937939877014895,0.053956208699762156,0.9066643925300889
CE,2,0.03208001931474492,0.11307562331805769,0.8548443573671974
CE,2,0.03290109120813679,0.063336997685991,0.9037619111058721
CE,2,0.06412360027714306,0.05874475915648918,0.8771316405663678
CE,2,0.035079019940749155,0.12231007419452453,0.8426109058647262
CE,2,0.04294218560276112,0.11472236459598838,0.8423354498012505
CE,2,0.05373306877197851,0.03308649925346308,0.9131804319745584
CE,2,0.13485191328394647,0.07024139896887968,0.7949066877471738
CE,2,0.06717695945817087,0.1067478060090929,0.8260752345327362
CE,2,0.06316699277081898,0.04488439805215702,0.891948609177024
CE,2,0.11209682330453065,0.07391768246064592,0.8139854942348234
CE,2,0.09350458199595767,0.05535274343942783,0.8511426745646145
CE,2,0.05528099093235906,0.03756059747008131,0.9071584115975596
CE,2,0.06113398039317419,0.028100813362211097,0.9107652062446148
CE,2,0.057397729229792645,0.03900477674253944,0.903597494027668
CE,2,0.07301788337867195,0.08487757743961061,0.8421045391817175
CE,2,0.04626680783873648,0.12136873683205568,0.8323644553292078
CE,2,0.018949502929976665,0.04349654131099164,0.9375539557590317
CE,2,0.044299458234110335,0.09126577337923568,0.8644347683866539
CE,2,0.050458403483112084,0.048864323534962464,0.9006772729819256
CE,2,0.37014908543324715,0.01365545034326464,0.6161954642234883
CE,2,0.03989230686362317,0.019026896211435697,0.9410807969249412
CE,2,0.0946943722744405,0.056205155905158975,0.8491004718204005
CE,2,0.07159636259511479,0.06082353519059338,0.8675801022142918
CE,2,0.06913174291481906,0.051634833529191126,0.8792334235559899
CE,2,0.06844701500265278,0.0607938016306163,0.8707591833667309
CE,2,0.06438886176011573,0.12317947739356241,0.8124316608463218
CE,2,0.14274915422176346,0.06102251030130222,0.7962283354769343
CE,2,0.1371017513150425,0.0500164898759601,0.8128817588089974
CE,2,0.09821232494911668,0.05530647066157466,0.8464812043893086
CE,2,0.0755543129079296,0.0582186094886148,0.8662270776034556
CE,2,0.09716343548228866,0.08580302179659707,0.8170335427211142
CE,2,0.4261799483207388,0.23994581056453496,0.33387424111472636
CE,2,0.22831331347876863,0.02483751458857663,0.7468491719326548
CE,2,0.5452246287941876,0.043827433653016896,0.4109479375527954
CE,2,0.198106603340471,0.03258335162860809,0.7693100450309208
CE,2,0.38065073675905686,0.12363143680753899,0.4957178264334043
CE,2,0.011077410678934377,0.021106582610624675,0.9678160067104411
DF,2,0.26545746857174063,0.015519153293862315,0.7190233781343971
DF,2,0.3773824909858445,0.04511742787278534,0.5775000811413702
DF,2,0.6336809848367427,0.03646034551541362,0.3298586696478436
DF,2,0.5406500276690068,0.02691138660416606,0.43243858572682725
DF,0,0.06284686805132084,0.10754300596669414,0.8296101259819851
DF,0,0.04276268029588696,0.1102762522354579,0.8469610674686551
DF,0,0.03875080235029935,0.08221252793565942,0.8790366697140412
DF,0,0.062204689920250265,0.13872312019752908,0.7990721898822207
DF,0,0.078141998916133,0.14920904175254465,0.7726489593313224
DF,0,0.07725179082436831,0.15817219899505422,0.7645760101805774
DF,0,0.06153080061934946,0.14100568630741653,0.7974635130732339
DF,0,0.048531216588684166,0.08367023413707352,0.8677985492742424
DF,0,0.15758256327704184,0.23622276657588412,0.6061946701470741
DF,0,0.09180570144968302,0.13091380199816402,0.777280496552153
DF,0,0.1686747281839089,0.13217382056219296,0.6991514512538981
DF,0,0.015016012378960577,0.04846403648968788,0.9365199511313517
DF,0,0.05667092701142472,0.1949366241309623,0.748392448857613
DF,0,0.034977269800389774,0.07452759409947352,0.8904951361001368
DF,2,0.012866541982206681,0.22860738453712737,0.7585260734806659
DF,2,0.010789370313930107,0.21519336483850637,0.7740172648475636
DF,2,0.013670207326089548,0.24343825890639226,0.7428915337675183
DF,2,0.009493217982543779,0.24022693293020236,0.7502798490872539
DF,2,0.010769988101474837,0.2048627162367152,0.7843672956618101
DF,2,0.0116101154379272,0.20338902233211756,0.7850008622299554
DF,2,0.009317637293523126,0.20839697241351632,0.7822853902929605
DF,2,0.011279096599651489,0.2423048968624903,0.7464160065378583
DF,2,0.049001695317960996,0.308326933255875,0.642671371426164
DF,2,0.04273057293164021,0.19109418064450293,0.7661752464238568
DF,2,0.012158217179091753,0.1892686066913914,0.798573176129517
DF,2,0.01718439313536561,0.14059615999982897,0.8422194468648054
DF,2,0.007742530181905448,0.051881809804652325,0.9403756600134422
DF,2,0.012995275375691263,0.05028473073183765,0.9367199938924711
DF,2,0.01816517754160766,0.0973764902208219,0.8844583322375703
DF,2,0.008657029848696034,0.19428970108017474,0.7970532690711292
DF,2,0.0057784733885511705,0.13084421209907451,0.8633773145123743
DF,2,0.006987014217305808,0.125240228657459,0.8677727571252352
DF,2,0.006415065438462283,0.18682443845609692,0.8067604961054409
DF,2,0.007556152900432096,0.19328205114075475,0.7991617959588131
DF,2,0.005942154964307547,0.15152229909863152,0.8425355459370609
DF,2,0.005280673962341269,0.07203648168625801,0.9226828443514008
DF,2,0.007316896650828711,0.17382192315122158,0.8188611801979497
DF,2,0.0068167883209482565,0.09940107930625224,0.8937821323727996
DF,2,0.006240997548412589,0.06518568008869352,0.928573322362894
DF,2,0.012584230866210695,0.0823231899571951,0.9050925791765941
DF,2,0.015992699280684603,0.12692605158523845,0.8570812491340769
DF,2,0.014726171440568259,0.0654843675634743,0.9197894609959575
DF,2,0.014660522687485866,0.15629329002683254,0.8290461872856816
DF,2,0.022363056018081855,0.09473999552603878,0.8828969484558793
DF,2,0.011564067146249838,0.09777074019069937,0.8906651926630507
DF,2,0.00664911738807228,0.0474444515112569,0.9459064311006709
DF,2,0.007365704226974325,0.11282879060569684,0.8798055051673289
DF,2,0.006192037482384924,0.07183822232537045,0.9219697401922446
DF,2,0.009092710198924048,0.11348808503691467,0.8774192047641614
DF,2,0.00576908458908262,0.059716340991313746,0.9345145744196036
DF,2,0.00804494181567189,0.20585225796020964,0.7861028002241185
DF,2,0.009333757921734959,0.1946428222543624,0.7960234198239027
DF,2,0.005076603804770897,0.09228413659866701,0.9026392595965621
DF,2,0.013600524180483407,0.0804432624219365,0.90595621339758
DF,2,0.0077965765285674124,0.1908277126208949,0.8013757108505376
DF,2,0.006572294677792054,0.15807778109665332,0.8353499242255545
DF,2,0.018939734107636663,0.15105849531172022,0.8300017705806431
DF,2,0.006213327839959898,0.10946823931187336,0.8843184328481667
DF,2,0.026978683418321655,0.11108133398805609,0.8619399825936223
DF,2,0.021065202611807762,0.11233577914746938,0.8665990182407229
DF,2,0.011012558604464205,0.06572166242644396,0.9232657789690918
DF,2,0.009426339972100595,0.15279312203929563,0.8377805379886037
DF,2,0.015968745683267668,0.11041900287338981,0.8736122514433425
DF,2,0.008886443172737178,0.17147874690985404,0.8196348099174088
DF,2,0.005865165970117705,0.11385149136694023,0.8802833426629421
DF,2,0.005943683896667552,0.14236350530077138,0.8516928108025611
DF,2,0.005444665658439743,0.1146925501346259,0.8798627842069343
DF,2,0.0249580191277132,0.17312743359628247,0.8019145472760044
DF,2,0.006981108584193158,0.08761596901245534,0.9054029224033514
DF,2,0.005628799672540152,0.10136390876202102,0.8930072915654388
DF,2,0.010508194480392285,0.22363441323857985,0.7658573922810278
DF,2,0.011094021314654754,0.2162127223621978,0.7726932563231476
DF,2,0.007586020096226579,0.14918348931743478,0.8432304905863387
DF,2,0.0066050099232958185,0.1578208056907969,0.8355741843859074
DF,2,0.008602890369929264,0.21679747523236564,0.7745996343977051
DF,2,0.007083260208963687,0.18106738900520325,0.8118493507858331
DF,2,0.0055744358058002165,0.11090156050612987,0.88352400368807
DF,2,0.005741724826397062,0.15795517771538492,0.8363030974582181
DF,2,0.006748927761293331,0.18422842381896581,0.8090226484197408
DF,2,0.010281774034081403,0.25710365582976946,0.7326145701361491
DF,2,0.011273195181042629,0.20747177230522015,0.7812550325137373
DF,2,0.007159934133205447,0.13133838825567384,0.8615016776111207
DF,2,0.008910291622224663,0.22973448684558126,0.761355221532194
DF,2,0.017726268755014284,0.12677002202789184,0.855503709217094
DF,2,0.009441615399062199,0.061157406404189055,0.9294009781967487
DF,2,0.006118314238303262,0.025233934225163637,0.9686477515365332
DF,2,0.012698265239361663,0.060527778766248826,0.9267739559943894
DF,2,0.014950180700875825,0.1293735477827907,0.8556762715163335
DF,2,0.009376689442395026,0.07791387104215076,0.9127094395154542
DF,2,0.011236471939707884,0.09336739059745679,0.8953961374628353
DF,2,0.013491967885722338,0.09087984130151207,0.8956281908127656
DF,2,0.010400088394822007,0.09308021509846652,0.8965196965067115
DF,2,0.01012628258645588,0.08659972038037814,0.9032739970331659
DF,2,0.008353321019175831,0.07532341414935018,0.916323264831474
DF,2,0.01212041685167546,0.04445682763399871,0.9434227555143258
DF,2,0.010202568596330027,0.028417218455616778,0.9613802129480531
DF,2,0.012461305651342413,0.03989603426639856,0.9476426600822591
DF,2,0.01171165231893001,0.049981358464506465,0.9383069892165636
DF,2,0.012953385313039288,0.038986392547901906,0.9480602221390588
DF,2,0.04124146310643797,0.15960126744517883,0.7991572694483832
DF,2,0.010932418565486527,0.06912883067342374,0.9199387507610899
DF,2,0.01186223820340051,0.059159125080673884,0.9289786367159256
DF,2,0.009721683579978968,0.06960323844869913,0.9206750779713219
DF,2,0.007864856069484467,0.08522620318165819,0.9069089407488573
DF,2,0.008581416299569454,0.030019057432501602,0.961399526267929
DF,2,0.02655922370135284,0.12547814123525872,0.8479626350633885
DF,2,0.014751246695595662,0.03316881964264271,0.9520799336617616
DF,2,0.021856705652988678,0.06972499239275895,0.9084183019542524
DF,2,0.007062124418116722,0.01655178292577187,0.9763860926561113
DF,2,0.03456844435189412,0.14464055551736185,0.8207910001307441
DF,2,0.05201488761309584,0.15896102194504722,0.7890240904418568
DF,2,0.07833011963586238,0.20940213979671396,0.7122677405674236
DF,2,0.08012940488759569,0.17856366645563393,0.7413069286567705
DF,2,0.038893523601496234,0.21720786729260846,0.7438986091058952
DF,2,0.052359369134030914,0.1673700923658455,0.7802705385001237
DF,2,0.07753769201634352,0.22694319311089536,0.6955191148727612
DF,2,0.05340654250250359,0.10677689682319756,0.8398165606742989
DF,2,0.02789978471559462,0.08602874548756399,0.8860714697968414
DF,2,0.06696186355632427,0.10537876974115236,0.8276593667025235
DF,2,0.11384535572196765,0.1508974089078057,0.7352572353702267
DF,2,0.02095868148653728,0.046876878924921754,0.932164439588541
DF,2,0.006091326409616415,0.030095530264257958,0.9638131433261258
DF,2,0.005923871045255348,0.011456036994631493,0.9826200919601131
DF,2,0.01208575831753093,0.02848154369682997,0.9594326979856391
DF,2,0.00967539281277871,0.025944786660967147,0.9643798205262542
DF,2,0.006994351427366403,0.017157352871668086,0.9758482957009655
DF,2,0.007401396763663644,0.01388836826812633,0.9787102349682101
DF,2,0.02953314819593338,0.06446067468256744,0.9060061771214992
DF,2,0.03488503045273157,0.11436962203289698,0.8507453475143714
DF,2,0.026518033446242983,0.02911596043798822,0.9443660061157689
DF,2,0.024869935816072292,0.037345845258124906,0.9377842189258029
DF,2,0.018195550990155858,0.031014659683508344,0.9507897893263357
DF,2,0.008883496658569292,0.019670912137656867,0.9714455912037739
DF,2,0.012019146972816665,0.045250053718072974,0.9427307993091103
DF,2,0.011284840832935449,0.018255325259970052,0.9704598339070944
DF,2,0.015917067014502358,0.041536888338241804,0.9425460446472559
DF,2,0.015258159658046739,0.04657054502004709,0.9381712953219062
DF,2,0.01251101781873464,0.035749324258935615,0.9517396579223298
DF,2,0.014520850594128148,0.02996346919948743,0.9555156802063844
DF,2,0.01612426972025088,0.027414076623471246,0.9564616536562779
DF,2,0.01704818485394158,0.029916706965504542,0.9530351081805538
DF,2,0.015627910717948886,0.02844991534706522,0.955922173934986
DF,2,0.014434120303754261,0.02371295460964565,0.9618529250866001
DF,2,0.00942336314256147,0.0158645370240731,0.9747120998333654
DF,2,0.05135883932942605,0.12333932036838288,0.825301840302191
DF,2,0.0166208600823487,0.03300331461562092,0.9503758253020304
DF,2,0.013739015400397661,0.034529613678724584,0.9517313709208779
DF,2,0.008291371355517205,0.032657735896949286,0.9590508927475335
DF,2,0.00985755259102327,0.029170666072441828,0.9609717813365348
DF,2,0.011438110174897133,0.023649364152672697,0.9649125256724302
DF,2,0.00832474016421124,0.013378619696017556,0.9782966401397711
DF,2,0.01500867500918698,0.044715796513426734,0.9402755284773863
DF,2,0.01072297233623071,0.03178613309632572,0.9574908945674435
DF,2,0.014287800310808474,0.04247727292496419,0.9432349267642274
DF,2,0.011766025349903345,0.026795628437760167,0.9614383462123366
DF,2,0.010372246892231225,0.038637442552578484,0.9509903105551903
DF,2,0.005567492005376978,0.018637360707671066,0.9757951472869519
DF,2,0.006087328698668544,0.024824539631884152,0.9690881316694473
DF,2,0.015168787017848375,0.0366721775681793,0.9481590354139724
DF,2,0.07985229884689217,0.23634415694141053,0.6838035442116974
DF,2,0.05923229580890396,0.11558665390512,0.825181050285976
DF,2,0.022176697719383565,0.06084736448430976,0.9169759377963067
DF,2,0.012576829615289581,0.026202391810845927,0.9612207785738646
DF,2,0.02551698003493557,0.114460604195552,0.8600224157695124
DF,2,0.011147568017025024,0.027753421352304453,0.9610990106306705
DF,2,0.009204546074793004,0.023990939781759184,0.9668045141434478
DF,2,0.011884367211408826,0.02517019369972624,0.962945439088865
DF,2,0.009722608575950562,0.03453718929659964,0.9557402021274497
DF,2,0.014982329214058693,0.04025415064521981,0.9447635201407215
DF,2,0.010073880441606793,0.032717467524054855,0.9572086520343382
DF,2,0.010131296150398282,0.0326513843779414,0.9572173194716603
DF,2,0.007415755616047846,0.026965543675734817,0.9656187007082173
DF,2,0.005434041644593575,0.02539348340241583,0.9691724749529905
DF,2,0.009501272463709458,0.04590538460634217,0.9445933429299483
DF,2,0.013532441891394591,0.02608506212598156,0.9603824959826238
DF,2,0.028337519121569957,0.05489911398505216,0.916763366893378
DF,2,0.015034584915665667,0.06693573117102508,0.9180296839133093
DF,2,0.036954043176406444,0.07789298975318631,0.8851529670704074
DF,2,0.02455006207439312,0.09364002776383114,0.8818099101617758
DF,2,0.014552245198917426,0.04751035076316914,0.9379374040379135
DF,2,0.01278462743893935,0.024135862434980337,0.9630795101260803
DF,2,0.013932584231367737,0.026801326109729705,0.9592660896589025
DF,2,0.011538765937885397,0.018884382104949384,0.9695768519571654
DF,2,0.0253905948098137,0.0381231857062758,0.9364862194839106
DF,2,0.023929904084095736,0.06792407720207813,0.9081460187138262
DF,2,0.06407504150352694,0.09943605752283903,0.836488900973634
DF,2,0.02416396009042015,0.07963600019748229,0.8962000397120975
DF,2,0.009191016858010144,0.022785283048926526,0.9680237000930634
DF,2,0.005458786853691266,0.013041418720352627,0.981499794425956
DF,2,0.009057905352127313,0.01294214282987029,0.9779999518180025
DF,2,0.007390846436612631,0.013033100966095935,0.9795760525972915
DF,2,0.014570865333099044,0.030860393891527525,0.9545687407753735
DF,2,0.013114897797159634,0.03662203102100068,0.9502630711818397
DF,2,0.015937128551911192,0.031926657947356836,0.952136213500732
DF,2,0.028651310545299808,0.10353233776518571,0.8678163516895144
DF,2,0.01610060014482703,0.023786439177038973,0.9601129606781339
DF,2,0.01830711849203793,0.051449534709035134,0.930243346798927
DF,2,0.018958183760967317,0.4266535756637176,0.5543882405753151
DF,2,0.05621163928037568,0.29214413354158747,0.6516442271780368
DF,2,0.018796561370528715,0.0564365671639468,0.9247668714655245
DF,2,0.011883172493333486,0.017237001027568737,0.9708798264790979
DF,2,0.020673034039672473,0.032073974361665376,0.9472529915986623
DF,2,0.01311543029404337,0.02333248175193414,0.9635520879540224
DF,2,0.007590676450372719,0.02609885373653049,0.9663104698130968
DF,2,0.033960538495737436,0.14713947077890746,0.818899990725355
DF,2,0.06928023919588844,0.09709665976563102,0.8336231010384806
DF,2,0.02739354846799858,0.07919501408608184,0.8934114374459196
DF,2,0.015035768146887089,0.037256927872964155,0.9477073039801488
DF,2,0.06076911676603435,0.13982652405364812,0.7994043591803176
DF,2,0.013829971836134077,0.034270006854363246,0.9519000213095027
DF,2,0.0528635582766696,0.12263113518823412,0.8245053065350961
DF,2,0.01491707366003385,0.04435782174060858,0.9407251045993575
DF,2,0.009706417867829054,0.025485899153802543,0.9648076829783685
DF,2,0.006598616078889842,0.014786534415743572,0.9786148495053666
DF,2,0.015560733873533145,0.027823361957539455,0.9566159041689273
DF,2,0.01034801097302881,0.02510247619243547,0.9645495128345356
DF,2,0.030864530416314564,0.08245493137811359,0.8866805382055719
DF,2,0.0172787144689309,0.057776486393682866,0.9249447991373863
DF,2,0.02805990562739251,0.05359231185561643,0.9183477825169911
DF,2,0.037615705213823576,0.0576141664036157,0.9047701283825607
DF,2,0.01144193910102396,0.029478508001470834,0.9590795528975051
DF,0,0.01790481331025572,0.06548883919124633,0.916606347498498
DF,0,0.026516239639778005,0.098926075687595,0.8745576846726271
DF,0,0.020628069471328312,0.10509151532065937,0.8742804152080124
DF,0,0.025564385902846227,0.19417302943414566,0.7802625846630081
DF,0,0.009318002185657436,0.09187562829528693,0.8988063695190557
DF,0,0.00908077999224014,0.0804053062617348,0.9105139137460251
DF,0,0.043881321039137125,0.08320110275316973,0.8729175762076932
DF,0,0.03352831875707062,0.29602243788923194,0.6704492433536975
DF,0,0.14818541762113674,0.3489016567856112,0.5029129255932521
DF,0,0.19050092942140642,0.3075597427664725,0.501939327812121
DF,0,0.08777059535936461,0.11585751137355306,0.7963718932670824
DF,0,0.05214235941685775,0.07014886210417136,0.877708778478971
DF,0,0.07129607262793311,0.16480079001664136,0.7639031373554256
DF,0,0.06074018154405611,0.14945284419375246,0.7898069742621914
DF,0,0.10851193332029242,0.13809745655571157,0.7533906101239961
DF,0,0.03169188841076138,0.13494274242003884,0.8333653691691998
DF,0,0.03934223007116494,0.1309729470605036,0.8296848228683315
DF,0,0.015068020754578972,0.0387099138809717,0.9462220653644493
DF,0,0.14114377205932582,0.25390220104664646,0.6049540268940277
DF,0,0.06871713868516148,0.11245425150153898,0.8188286098132995
DF,2,0.014443889689790544,0.03679913100375865,0.9487569793064508
DF,2,0.033311082928321294,0.013825990882448026,0.9528629261892306
DF,2,0.030448466040989962,0.02920300636899225,0.9403485275900179
DF,2,0.11770794763964834,0.08616108167515053,0.7961309706852011
DF,2,0.7901333995651921,0.01590917091677764,0.19395742951803027
DF,2,0.7383772470199312,0.013152662514113993,0.24847009046595483
DF,2,0.7533164364577597,0.04663119407443263,0.20005236946780772
DF,2,0.1142577385346512,0.03602106628689247,0.8497211951784562
DF,2,0.517876202158291,0.03187682301527892,0.45024697482643006
DF,2,0.12468505089905696,0.07267672204522892,0.8026382270557141
DF,2,0.09677936729578111,0.03861256340307144,0.8646080693011474
DF,2,0.10527191867730055,0.05416581169359601,0.8405622696291034
DF,2,0.08123579666874249,0.026279820668066833,0.8924843826631907
DF,2,0.28891682883888736,0.13493717422375623,0.5761459969373564
DF,2,0.2732688584165854,0.10213006501645647,0.6246010765669582
DF,2,0.3698911074280149,0.13735614002902066,0.49275275254296447
DF,2,0.25795081533463077,0.2334832785913931,0.5085659060739762
DF,2,0.11042993492936631,0.03991447530187591,0.8496555897687578
DF,2,0.13363912798423774,0.7876202942010152,0.07874057781474687
DF,2,0.1732494306291214,0.2432026672823031,0.5835479020885754
DF,2,0.34910563779457315,0.3204915667675048,0.330402795437922
DF,2,0.17897441808511613,0.25519862986214015,0.5658269520527437
DF,2,0.12733881294471172,0.2813794566642353,0.591281730391053
DF,2,0.03932085498422864,0.12501802625394495,0.8356611187618265
DF,2,0.04221982940619864,0.136446697322544,0.8213334732712574
DF,2,0.02919069268164802,0.10728093322567352,0.8635283740926785
DF,2,0.07615408192189259,0.13746890359325492,0.7863770144848524
DF,2,0.11403968152054555,0.09757468432608848,0.7883856341533659
DF,2,0.06834987211492095,0.23513155787537302,0.696518570009706
DF,2,0.06742398116314971,0.294679670172076,0.6378963486647743
DF,2,0.06499212013314005,0.3762958796195655,0.5587120002472944
DF,2,0.09925071271833949,0.06876077022380003,0.8319885170578605
DF,2,0.15295036672246562,0.04093553927036781,0.8061140940071666
DF,2,0.5637958222326298,0.1520681740639792,0.284136003703391
DF,2,0.5414410642982588,0.173463411882593,0.2850955238191482
DF,2,0.4235911505669222,0.09910337422559523,0.47730547520748257
DF,2,0.16113759112228193,0.30943565948656093,0.5294267493911572
DF,2,0.02521068485504869,0.0171179030735561,0.9576714120713952
DF,2,0.032223119414084095,0.15046132284175096,0.817315557744165
DF,2,0.08805357782115376,0.10409207665600619,0.8078543455228401
DF,2,0.10196065188602847,0.08847903894890957,0.8095603091650619
DF,2,0.026705039903263693,0.11673675923842153,0.8565582008583148
DF,2,0.054366452483332425,0.21958252577758022,0.7260510217390873
DF,2,0.038939190660729726,0.21572799994190245,0.7453328093973678
DF,2,0.022574146446477858,0.14238778721930972,0.8350380663342125
DF,2,0.022405004699935352,0.11438236201058895,0.8632126332894757
DF,2,0.02712344593472322,0.24009076463693052,0.7327857894283464
DF,2,0.02102405761694661,0.09590101152601405,0.8830749308570394
DF,2,0.019950357201467334,0.03203692968367687,0.9480127131148559
DF,2,0.06365102970541332,0.12285823945483901,0.8134907308397475
DF,2,0.029894863154576373,0.15643307628018654,0.8136720605652371
DF,2,0.05834962421470816,0.23710800271285365,0.7045423730724382
DF,2,0.05421908362701942,0.3764677947547896,0.569313121618191
DF,2,0.09839512089921994,0.3045815606265846,0.5970233184741955
DF,2,0.17219097162808128,0.32630420781491054,0.5015048205570083
DF,2,0.07307772691994689,0.4638062463606826,0.46311602671937047
DF,2,0.07653186587284047,0.3931393209521579,0.5303288131750016
DF,2,0.20028767859995306,0.4907041751835663,0.30900814621648065
DF,2,0.12980587416433753,0.292694447329696,0.5774996785059665
DF,2,0.10546919802280857,0.3901664322025485,0.5043643697746429
DF,2,0.14477851139730039,0.3307182318485053,0.5245032567541944
DF,2,0.10748914518679178,0.3271773938005345,0.5653334610126737
DF,2,0.138029297746686,0.31196795181608306,0.5500027504372309
DF,2,0.1888210672105711,0.4942787292942256,0.3169002034952033
DF,2,0.23967522720078233,0.1141424877119942,0.6461822850872234
DF,2,0.22013965110127068,0.29758338866591516,0.4822769602328143
DF,2,0.10814372296401828,0.3886653866125249,0.5031908904234568
DF,2,0.09109645462024797,0.22117898050836074,0.6877245648713912
DF,2,0.0862609287999365,0.3755943870915593,0.5381446841085041
DF,2,0.28675776313560647,0.1051239465425177,0.6081182903218758
DF,2,0.11342023578702076,0.24991869315878404,0.6366610710541952
DF,2,0.13584101445227656,0.17701524661478718,0.6871437389329363
DF,2,0.13575875434176618,0.15026091580527526,0.7139803298529586
DF,2,0.14847013669425835,0.10143312450875586,0.7500967387969857
DF,2,0.12361159754924729,0.0928346053154991,0.7835537971352535
DF,2,0.1469480001325995,0.11845723525538861,0.7345947646120118
DF,2,0.1112979399973396,0.04833749690454371,0.8403645630981166
DF,2,0.12915244623776168,0.08542292351141294,0.7854246302508253
DF,2,0.08828273948507413,0.032790365308885266,0.8789268952060406
DF,2,0.09708444229621492,0.031206046984569472,0.8717095107192155
DF,2,0.07429846955711569,0.033632501417074516,0.8920690290258099
DF,2,0.16891646114084163,0.11501350892439138,0.716070029934767
DF,2,0.08975496385214454,0.038637013223422764,0.8716080229244326
DF,2,0.1080745671054872,0.09250095297816119,0.7994244799163517
DF,2,0.08353129452311177,0.05190416297883959,0.8645645424980487
DF,2,0.348882745573661,0.20409789501306846,0.4470193594132705
DF,2,0.19496740717432373,0.06597283933987931,0.739059753485797
DF,2,0.04091826398877188,0.021778472710760766,0.9373032633004673
DF,2,0.06946401440413294,0.059096811664703056,0.8714391739311639
DF,2,0.16814292353082394,0.08648551846807559,0.7453715580011004
DF,2,0.13181338700352244,0.047013273314819325,0.8211733396816583
DF,2,0.13728862106694525,0.04836241213888883,0.8143489667941659
DF,2,0.04213886307142586,0.022437578878638505,0.9354235580499356
DF,2,0.05926354025087266,0.028357911417913505,0.9123785483312139
DF,2,0.1065454260621907,0.06578541736823877,0.8276691565695705
DF,2,0.06979123611025696,0.06111243485555346,0.8690963290341897
DF,2,0.06493639576345805,0.052657001085292796,0.8824066031512491
DF,2,0.0545063473059295,0.05032187646059893,0.8951717762334716
DF,2,0.05983246000141977,0.04827919062693313,0.891888349371647
DF,2,0.05269102326187842,0.0486459154616355,0.8986630612764861
DF,2,0.05153069097007452,0.03123927534016601,0.9172300336897594
DF,2,0.05269102326187842,0.0486459154616355,0.8986630612764861
DF,2,0.05700542391892653,0.03277706886036997,0.9102175072207035
DF,2,0.05729855695126171,0.050173267077104775,0.8925281759716335
DF,2,0.050702446881717,0.04681000276740763,0.9024875503508755
DF,2,0.07708945746912547,0.03307507268489537,0.8898354698459792
DF,2,0.11363953960512246,0.04478592093675466,0.8415745394581228
DF,2,0.04861464913226264,0.08424454843230098,0.8671408024354365
DF,2,0.03682188940882637,0.05664041924618106,0.9065376913449926
DF,2,0.04843314147550896,0.0799972532906428,0.8715696052338482
DF,2,0.05067342485632225,0.05637579861338716,0.8929507765302906
DF,2,0.04902505892022569,0.04883416892046311,0.9021407721593112
DF,2,0.054600179889988436,0.05438758191344758,0.891012238196564
DF,2,0.046015298867453,0.04974088398484136,0.9042438171477055
DF,2,0.05089853989482566,0.052183778850953544,0.8969176812542209
DF,2,0.020476054518559016,0.03041452523764896,0.949109420243792
DF,2,0.034409542422432604,0.029951764180605776,0.9356386933969616
DF,2,0.03736511690789238,0.03948652491452976,0.9231483581775778
DF,2,0.11793728974924926,0.0443941453332459,0.837668564917505
DF,2,0.061094009307601005,0.04337414600191159,0.8955318446904874
DF,2,0.06427735660609232,0.02741864633629726,0.9083039970576104
DF,2,0.027934951146917436,0.054903239105145205,0.9171618097479375
DF,2,0.026686795563641875,0.08695016189555173,0.8863630425408063
DF,2,0.02751033272869088,0.08519366175450971,0.8872960055167994
DF,2,0.021617069278868032,0.049258372314476696,0.9291245584066553
DF,2,0.07977464113787942,0.2703682909937692,0.6498570678683514
DF,2,0.11074659218408715,0.10974162256253092,0.7795117852533819
DF,2,0.16114598787650994,0.1184899598337356,0.7203640522897544
DF,2,0.037121143402352265,0.044382628640342,0.9184962279573058
DF,2,0.025173872048800366,0.0508275586372068,0.9239985693139927
DF,2,0.06889215901223499,0.1271312905028301,0.803976550484935
DF,2,0.3292135725112869,0.07507587404266344,0.5957105534460496
DF,2,0.283281851218527,0.04877292220103457,0.6679452265804384
DF,2,0.1058252752026709,0.025335789623593452,0.8688389351737356
DF,2,0.12369909304511666,0.07534807768082095,0.8009528292740624
DF,2,0.09025174018807831,0.030089459698298467,0.8796588001136232
DF,2,0.07157588059209659,0.047212393728208006,0.8812117256796954
DF,2,0.08526893557402286,0.04331967436674211,0.8714113900592351
DF,2,0.09314558198802139,0.061962526218625066,0.8448918917933537
DF,2,0.0900802214019577,0.04238950931696511,0.8675302692810771
DF,2,0.04136855979168892,0.13985989155308615,0.818771548655225
DF,2,0.24793439105617404,0.054025941097988736,0.6980396678458372
DF,2,0.46434847566235676,0.04214742996280622,0.49350409437483705
DF,2,0.40507993222149813,0.03441243477071996,0.560507633007782
DF,2,0.4896045914076401,0.04383230750658019,0.4665631010857797
DF,2,0.37968679492225016,0.03626917317881438,0.5840440318989355
DF,2,0.32037944005771307,0.04163702754604313,0.6379835323962438
DF,2,0.34013266744103837,0.0340790897556822,0.6257882428032794
DF,2,0.08579831250172248,0.04822645818608136,0.8659752293121961
DF,2,0.21148569275690152,0.056690281799858695,0.7318240254432399
DF,2,0.20610178838098284,0.08608660177635313,0.7078116098426641
DF,2,0.08053251818634209,0.03074195348083925,0.8887255283328187
DF,2,0.08761774847540432,0.03001318432803623,0.8823690671965594
DF,2,0.14143668485196972,0.059725372651544976,0.7988379424964853
DF,2,0.06554233544713825,0.07467256637904825,0.8597850981738134
DF,2,0.24127572744006337,0.08957177530236286,0.6691524972575736
DF,2,0.437227724628478,0.029046800679738385,0.5337254746917837
DF,2,0.2519495916702836,0.029776107616689158,0.7182743007130272
DF,2,0.05586791786702845,0.06585594716354544,0.8782761349694261
DF,2,0.36333848359446297,0.13562396569179683,0.5010375507137402
DF,2,0.03787959773719389,0.053051867298940465,0.9090685349638656
DF,2,0.03160423633636189,0.09917811369874387,0.8692176499648944
DF,2,0.021105970744521214,0.07468987240532053,0.9042041568501582
DF,2,0.10552868693596097,0.015886368220070016,0.8785849448439691
DF,2,0.016089214034238075,0.0716728658012929,0.912237920164469
DF,2,0.03035105377404666,0.0869837061988192,0.8826652400271341
DF,2,0.023207962108647368,0.08874978423403647,0.8880422536573163
DF,2,0.06243192968386479,0.04256143905523228,0.895006631260903
DF,2,0.07049892472621402,0.11269895480270112,0.8168021204710849
DF,2,0.06949290107311243,0.07587388309315979,0.8546332158337279
DF,2,0.09756714205077463,0.061667332050377374,0.840765525898848
DF,2,0.3670859943150324,0.1055583000256069,0.5273557056593607
DF,2,0.28789048827966496,0.09967959364158364,0.6124299180787515
DF,2,0.07220744465386991,0.10623706858857057,0.8215554867575595
DF,2,0.04015713858729959,0.08322770433156101,0.8766151570811395
DF,2,0.03666051001888019,0.07902486866706837,0.8843146213140514
DF,2,0.03164897433766126,0.07101135841672292,0.8973396672456159
DF,2,0.030746072985117535,0.07452113924508788,0.8947327877697947
DF,2,0.03599619863589868,0.08285604948745287,0.8811477518766484
DF,2,0.061769616431422626,0.06962272797208667,0.8686076555964908
DF,2,0.02348772990476678,0.05492585403281072,0.9215864160624225
DF,2,0.069961999805801,0.03860234383662463,0.8914356563575744
DF,2,0.08920271679058432,0.05937905737703663,0.8514182258323791
DF,2,0.030082354835503602,0.05975332183229761,0.9101643233321989
DF,2,0.03894540089510794,0.08093730598290112,0.8801172931219909
DF,2,0.03798157124495699,0.0774688128948409,0.8845496158602021
DF,2,0.03656780952918231,0.08468463394804182,0.8787475565227758
DF,2,0.28328278053394645,0.11999450415558616,0.5967227153104673
DF,2,0.03198175418741143,0.07142187484618728,0.8965963709664013
DF,2,0.07611610234799941,0.07819325152320686,0.8456906461287937
DF,2,0.04995418279054022,0.10735102348221043,0.8426947937272492
DF,2,0.03500694213545222,0.06419947499165517,0.9007935828728927
DF,2,0.04159562124221746,0.033135916399981716,0.9252684623578007
DF,2,0.20300769471000266,0.036711443100905725,0.7602808621890916
DF,2,0.05549416908732899,0.026107087000204046,0.9183987439124669
DF,2,0.15058357838770386,0.034105950760185265,0.8153104708521108
DF,2,0.13704158516285664,0.07769583884532713,0.7852625759918161
DF,2,0.0890497086449117,0.13254405366441874,0.7784062376906695
DF,2,0.15897190523008156,0.04880116928619375,0.7922269254837246
DF,2,0.28780143894898047,0.05969933973596545,0.6524992213150541
DF,2,0.5725768655296879,0.06271969230185721,0.36470344216845474
DF,2,0.5420697577289473,0.06477486421290843,0.3931553780581443
DF,2,0.3534738235618123,0.06676667498483692,0.5797595014533508
DF,2,0.0952576166582233,0.03266494390215354,0.8720774394396232
DF,2,0.0310426967090526,0.05503637681954311,0.9139209264714043
DF,2,0.040069568885253884,0.054922310217442705,0.9050081208973034
DF,2,0.051643855075536586,0.11710334246742471,0.8312528024570387
DF,2,0.055495222456033756,0.06343915069384636,0.8810656268501198
DF,2,0.02638193246372901,0.11232946666709709,0.8612886008691738
DF,2,0.02045893532049564,0.05459832797413661,0.9249427367053678
DF,2,0.038011823925314624,0.07418486449572201,0.8878033115789633
DF,2,0.04092090869253725,0.07378310657171998,0.8852959847357427
DF,2,0.015385396833080206,0.048906284933684374,0.9357083182332354
DF,2,0.04295568101459584,0.08808118719904204,0.8689631317863622
DF,2,0.020792367892618194,0.055961087936553126,0.9232465441708286
DF,2,0.015143550981389205,0.1051914960734781,0.8796649529451328
DF,2,0.01402883079814013,0.055339089635085825,0.9306320795667741
DF,2,0.012332855995103309,0.07811420333436929,0.9095529406705274
DF,2,0.0406457271751865,0.0975561941028487,0.8617980787219649
DF,2,0.017228260576288578,0.07343527427177489,0.9093364651519364
DF,2,0.02374322198678522,0.06715593410689491,0.9091008439063198
DF,2,0.0305858390253882,0.04865725640089457,0.9207569045737173
DF,2,0.03648036241123407,0.10576010672709131,0.8577595308616747
DF,2,0.033610842296086824,0.06774152195255442,0.8986476357513588
DF,2,0.1981144197514716,0.34216502495000406,0.4597205552985243
DF,2,0.02147625057480023,0.31711847193474146,0.6614052774904582
DF,2,0.0190772056952058,0.31789595071005655,0.6630268435947376
DF,2,0.018480293511522285,0.47196973474384957,0.5095499717446281
E4,2,0.17043413964098797,0.046311203775169604,0.7832546565838425
E4,2,0.06784754983158495,0.07153860354413856,0.8606138466242765
E4,2,0.05467028837794567,0.03763453010345403,0.9076951815186004
E4,2,0.1628091540752916,0.08219334095739805,0.7549975049673104
E4,2,0.16410537964779226,0.041478831354027336,0.7944157889981804
E4,2,0.08566436940652884,0.035060776197789016,0.8792748543956821
E4,2,0.14762216094011912,0.0402814670517059,0.8120963720081751
E4,2,0.1200356730185266,0.1414377750603511,0.7385265519211223
E4,2,0.08694501543278972,0.0791240925424576,0.8339308920247526
E4,2,0.1664804935195991,0.05352700996964136,0.7799924965107596
E4,2,0.10095135822775068,0.036197580757342966,0.8628510610149064
E4,2,0.12657371404585144,0.04986527339278216,0.8235610125613665
E4,2,0.10779481188484924,0.051996950363002906,0.8402082377521477
E4,2,0.4415943264367774,0.17325252332136612,0.3851531502418564
E4,2,0.3611685308837949,0.08813264744075057,0.5506988216754545
E4,2,0.14068696740002784,0.025449148003126892,0.8338638845968452
E4,2,0.19543868435265793,0.04765605055096906,0.756905265096373
E4,2,0.169103191136335,0.0516543165324976,0.7792424923311674
E4,2,0.2680501601368728,0.057327611430226716,0.6746222284329005
E4,2,0.16841390659605993,0.03875884050168351,0.7928272529022566
E4,2,0.18585574081244152,0.06762201076681951,0.746522248420739
E4,2,0.3310294639790178,0.07937950239049281,0.5895910336304894
E4,2,0.10939012307797771,0.043141075074066525,0.8474688018479557
E4,2,0.12417572028965053,0.053338552563139775,0.8224857271472097
E4,2,0.10414402060975968,0.05434071697630491,0.8415152624139355
E4,2,0.07439220066791598,0.01691586528078434,0.9086919340512998
E4,2,0.03385204613516823,0.012178782284815967,0.9539691715800158
E4,2,0.03402475617655701,0.029463121037139117,0.9365121227863038
E4,2,0.06600357859730324,0.07663948968572032,0.8573569317169765
E4,2,0.09776866846157382,0.045388926652841034,0.8568424048855852
E4,2,0.08732953703620874,0.047624740140243364,0.8650457228235479
E4,2,0.1262253833411794,0.05880164068554154,0.8149729759732791
E4,2,0.058704785278528925,0.06826672612859619,0.873028488592875
E4,2,0.21786255409163313,0.09747562382027204,0.6846618220880949
E4,2,0.07363542045850338,0.04959860027143296,0.8767659792700637
E4,2,0.057557058376659274,0.032746796119011656,0.909696145504329
E4,2,0.06256437367535563,0.03250283572829991,0.9049327905963443
E4,2,0.11412477646283573,0.05034403270003586,0.8355311908371285
E4,2,0.08763851858602367,0.0632355003930846,0.8491259810208918
E4,2,0.11136713369291441,0.05580286839165763,0.832829997915428
E4,2,0.11351293510140166,0.0981042316372436,0.7883828332613548
E4,0,0.06724147447080266,0.03827718681801306,0.8944813387111843
E4,0,0.11853058413466536,0.04042114990477476,0.8410482659605599
E4,0,0.20540601212057466,0.043990037601483616,0.7506039502779417
E4,0,0.1649937570905552,0.034615241314015686,0.8003910015954292
E4,0,0.12719046900849287,0.03858422656670418,0.834225304424803
E4,0,0.09804390009625824,0.037461721176603846,0.864494378727138
E4,0,0.08804108937851529,0.06043321004746643,0.8515257005740182
E4,0,0.08862344066462412,0.11130771641393883,0.8000688429214371
E4,0,0.12518319194969907,0.07733706889443122,0.7974797391558698
E4,1,0.04025082182028611,0.022656065569284206,0.9370931126104296
E4,1,0.025400399298714006,0.010920051176097354,0.9636795495251885
E4,1,0.07544146351801094,0.021095077442624267,0.9034634590393648
E4,1,0.06458743318699997,0.023357369126779503,0.9120551976862205
E4,1,0.03080067551228025,0.02054072483185442,0.9486585996558653
E4,1,0.053982666300955384,0.029973075557250234,0.9160442581417942
E4,1,0.022574435247865843,0.031745281911272724,0.9456802828408615
E4,1,0.04384416668302101,0.022898915838953256,0.9332569174780256
E4,2,0.08795206992624187,0.033595228422813685,0.8784527016509445
E4,2,0.09184737359139122,0.023519226009878103,0.8846334003987307
E4,2,0.07922227891290805,0.05140954975798111,0.8693681713291108
E4,2,0.13678049612203627,0.035030218585808494,0.8281892852921553
E4,2,0.052682977641763426,0.049901708483723696,0.8974153138745128
E4,2,0.12335616308428574,0.04372534644391075,0.8329184904718034
E4,2,0.09917271626939982,0.045999849520864604,0.8548274342097355
E4,2,0.11293279480178174,0.03828072028609032,0.848786484912128
E4,2,0.09721341409155937,0.061015946319258864,0.8417706395891817
E4,2,0.031892081521151396,0.013107750524713418,0.9550001679541351
E4,2,0.029610220237697233,0.01150211851203556,0.9588876612502671
E4,2,0.048717710451017374,0.022566646256687074,0.9287156432922956
E4,2,0.031911305226494914,0.014908451926807266,0.9531802428466978
E4,2,0.0735810018295243,0.031074772002663,0.8953442261678127
E4,2,0.08264595690169574,0.04331429817618471,0.8740397449221196
E4,2,0.2162932460501482,0.04655168282784532,0.7371550711220065
E4,2,0.08220863419185837,0.04947686147352757,0.868314504334614
E4,2,0.06115041924718125,0.04792460613679241,0.8909249746160264
E4,2,0.039023803637322635,0.02726594788348669,0.9337102484791907
E4,2,0.10071446205028567,0.0899007729964633,0.809384764953251
E4,2,0.06414247503245257,0.060261224064266386,0.875596300903281
E4,2,0.048263292079064844,0.04799361172178622,0.903743096199149
E4,2,0.05040018688815631,0.03138007402415756,0.9182197390876862
E4,2,0.08014641950403459,0.05835386311778014,0.8614997173781854
E4,2,0.0926961322379604,0.0785877376713457,0.828716130090694
E4,2,0.11285336277907475,0.09060262257285413,0.7965440146480711
E4,2,0.07455411622337942,0.0394949698260814,0.8859509139505392
E4,2,0.058160023176359335,0.03777861494677281,0.9040613618768678
E4,2,0.1127166906412,0.07785455310757079,0.8094287562512292
E4,2,0.06871087757881979,0.06112132993145313,0.870167792489727
E4,2,0.05497340068257367,0.04348436865342936,0.901542230663997
E4,2,0.055019816970568576,0.06318506478141399,0.8817951182480175
E4,2,0.04295063583266781,0.053779016125564974,0.9032703480417672
E4,2,0.0444763999342998,0.04032430175240101,0.9151992983132992
E4,2,0.03835588829301755,0.06284370035125905,0.8988004113557234
E4,2,0.051850140256507506,0.04992556649998793,0.8982242932435045
E4,2,0.08483342642397346,0.09637429472816722,0.8187922788478594
E4,2,0.06640310212192975,0.05200214544523842,0.8815947524328318
E4,2,0.044127432154157396,0.0478540455843834,0.9080185222614592
E4,2,0.05198366990432195,0.0504497711028428,0.8975665589928352
E4,2,0.04291600910015323,0.042645716835365936,0.9144382740644809
E4,2,0.10996982674513711,0.035476234927400305,0.8545539383274626
E4,2,0.1508068554755471,0.09448233971959138,0.7547108048048615
E4,2,0.17209524718766445,0.052179130960120605,0.775725621852215
E4,2,0.18918335470029124,0.04127113928991699,0.7695455060097918
E4,2,0.25204840781974625,0.04782276685502836,0.7001288253252252
E4,2,0.32770017055561657,0.051232384748207356,0.6210674446961761
E4,2,0.08183285858410612,0.03625729206901945,0.8819098493468744
E4,2,0.05138206130828416,0.06280079872701193,0.885817139964704
E4,2,0.031415344967703845,0.03883941868798696,0.9297452363443093
E4,2,0.09423245808912646,0.10438741806940688,0.8013801238414667
E4,2,0.08136406937786061,0.049922331808963084,0.8687135988131763
E4,2,0.11838633078150276,0.03916415802919697,0.8424495111893002
E4,2,0.20452131367068857,0.0805118131301806,0.7149668731991308
E4,2,0.15473244192829333,0.07861587208950706,0.7666516859821996
E4,2,0.10953753198816467,0.028215922222681454,0.8622465457891539
E4,2,0.16286768757113734,0.051683137019415355,0.7854491754094473
E4,2,0.2880871614841661,0.08098292362570599,0.630929914890128
E4,2,0.18126846561609256,0.04209945893682317,0.7766320754470843
E4,2,0.09676521816624666,0.03735754397006803,0.8658772378636853
E4,2,0.05162457642223111,0.06332227210196996,0.885053151475799
E4,2,0.04469516476533119,0.04825900968908277,0.9070458255455861
E4,2,0.12788881676389793,0.09378494751091325,0.7783262357251889
E4,2,0.12317455926467034,0.12247623635296127,0.7543492043823683
E4,2,0.28578319155891013,0.08956067463569263,0.6246561338053972
E4,2,0.09820537380903861,0.05867779975670374,0.8431168264342576
E4,2,0.20117146655583557,0.15035234832251113,0.6484761851216533
E4,2,0.14031245421850028,0.07384238032684655,0.7858451654546531
E4,2,0.1342197870643043,0.058570836587275035,0.8072093763484207
E4,2,0.22122051335814605,0.12535864445993578,0.6534208421819182
E4,2,0.06958240402953998,0.06080053694226495,0.869617059028195
E4,2,0.09514390449949157,0.06373599115028229,0.8411201043502262
E4,2,0.06357345574333507,0.03811997419108325,0.8983065700655817
E4,2,0.1533188819990418,0.06743812309969566,0.7792429949012626
E4,2,0.17800402943810792,0.03776832204939455,0.7842276485124976
E4,2,0.1487152859229027,0.036124052401578025,0.8151606616755193
E4,2,0.10100279079587358,0.04157036231832225,0.8574268468858042
E4,2,0.0960607058801308,0.04033138610896727,0.863607908010902
E4,2,0.08792023158816685,0.036275019219961326,0.8758047491918718
E4,2,0.1151849900087376,0.037551632513453156,0.8472633774778092
E4,2,0.2134789020433104,0.06063036392252621,0.7258907340341635
E4,2,0.10009944100174502,0.042296676780995746,0.8576038822172594
E4,2,0.09545417497129759,0.03207614157772694,0.8724696834509754
E4,2,0.09482609074743063,0.03227035552894046,0.8729035537236289
E4,2,0.2732156634034674,0.02825346768922672,0.6985308689073059
E4,2,0.40076725617658443,0.052127133237454513,0.5471056105859611
E4,2,0.18879663090869717,0.03436142450435873,0.7768419445869442
E4,2,0.1630298174493305,0.03162499526609127,0.8053451872845783
E4,2,0.2504920939757201,0.032060260781616695,0.7174476452426632
E4,2,0.3735682914195044,0.02792127966528373,0.5985104289152119
E4,2,0.35465139148541386,0.025876142458789924,0.6194724660557962
E4,2,0.36349518364583366,0.04797053896473511,0.5885342773894312
E4,2,0.29329474121932037,0.067981053313111,0.6387242054675686
E4,2,0.2529759139281921,0.038898300649831664,0.7081257854219762
E4,2,0.26354662905743403,0.04939337853611651,0.6870599924064494
E4,2,0.32767477402079165,0.06973832929154819,0.6025868966876602
E4,2,0.20433310576870412,0.03293544124844935,0.7627314529828465
E4,2,0.2748445977890195,0.05769153479037679,0.6674638674206037
E4,2,0.04665444513614204,0.10275328858905666,0.8505922662748014
E4,2,0.07802449741472035,0.06104529738650968,0.8609302051987701
E4,2,0.0744729128413665,0.04847552878478126,0.8770515583738522
E4,2,0.06128615428353813,0.04713925277710185,0.8915745929393599
E4,2,0.045399429259025514,0.0495586280768053,0.9050419426641693
E4,2,0.020610286182245145,0.0503149838948472,0.9290747299229076
E4,2,0.027011532334145893,0.1464637031488188,0.8265247645170353
E4,2,0.022784849445728842,0.042989102781997454,0.9342260477722736
E4,2,0.022152271577742008,0.07209719546886556,0.9057505329533925
E4,2,0.043016877645805175,0.07533620223335992,0.881646920120835
E4,2,0.025688998139012563,0.08125510110607938,0.8930559007549081
E4,2,0.03199344861782767,0.053901954294156756,0.9141045970880155
E4,2,0.021110190333469767,0.08910586990589933,0.8897839397606309
E4,2,0.03140528104718836,0.10662544546698301,0.8619692734858286
E4,2,0.04745714837021396,0.144450611617061,0.8080922400127251
E4,2,0.023845040843182275,0.16044943266484807,0.8157055264919697
E4,2,0.026532712229707815,0.2142451061337673,0.7592221816365248
E4,2,0.08338748232835844,0.04267650762361725,0.8739360100480242
E4,2,0.1554816206555187,0.04992192185533849,0.7945964574891428
E4,2,0.15797670397654637,0.0329268631706881,0.8090964328527656
E4,2,0.12875771803211974,0.035088412806878425,0.8361538691610019
E4,2,0.07110403760029337,0.030794528032965472,0.8981014343667411
E4,2,0.10823301037821327,0.04235469603510923,0.8494122935866776
E4,2,0.10052295150910788,0.0312901543382582,0.868186894152634
E4,2,0.07573339537476029,0.032336231485708945,0.8919303731395307
E4,2,0.02705306800085547,0.010215186808734681,0.9627317451904098
E4,2,0.0340989046599558,0.015230013641449748,0.9506710816985945
E4,2,0.1647404657172469,0.03540669449587347,0.7998528397868796
E4,2,0.05235114347223717,0.019383884058322833,0.92826497246944
E4,2,0.14020363507993822,0.03398788457903287,0.8258084803410289
E4,2,0.13788603897840274,0.026303571196340657,0.8358103898252566
E4,2,0.03592808377565489,0.017244517260673616,0.9468273989636715
E4,2,0.06290244571971298,0.018739509048988752,0.9183580452312984
E4,2,0.05230540571749153,0.014126390858002626,0.9335682034245059
E4,2,0.039205613461920176,0.022520092304450727,0.938274294233629
E4,2,0.026421107938412774,0.014346288240645315,0.9592326038209418
E4,2,0.02353786795181356,0.010789974008970105,0.9656721580392162
E4,2,0.02329735186354029,0.011953740759604283,0.9647489073768554
E4,2,0.3858602090437033,0.4267574932936234,0.1873822976626734
E4,2,0.20887979460699121,0.05977752840628569,0.7313426769867232
E4,2,0.13818845705389415,0.08701599963606785,0.7747955433100381
E4,2,0.27034266905564563,0.13832171646213406,0.5913356144822203
E4,2,0.19156399887787137,0.038893258033711,0.7695427430884176
E4,2,0.21093761234323985,0.03519401451809709,0.7538683731386632
E4,2,0.18781781165505118,0.03640907107825982,0.7757731172666891
E4,2,0.14201642297243866,0.01656863953297449,0.8414149374945868
E4,2,0.2079181008620027,0.027330541700544136,0.7647513574374531
E4,2,0.2259034737906182,0.050138868112410674,0.7239576580969711
E4,2,0.12939316905457302,0.02720523496517718,0.8434015959802497
E4,2,0.12274142787775555,0.06831996325848154,0.8089386088637629
E4,2,0.08894575210658891,0.031238299211969942,0.8798159486814411
E4,2,0.11547779709600134,0.04815268742033087,0.8363695154836678
E4,2,0.16323515266203506,0.05464598339529248,0.7821188639426724
E4,2,0.237765997904414,0.05837793115787874,0.7038560709377073
E4,2,0.22679164267235832,0.09113522562914506,0.6820731316984966
E4,2,0.26503224030374695,0.07975743858317756,0.6552103211130754
E4,2,0.20070199273797681,0.047591767040678495,0.7517062402213447
E4,2,0.2614815792928149,0.04188275561776176,0.6966356650894233
E4,2,0.1339972588578295,0.025995427800953423,0.840007313341217
E4,2,0.10438265785530801,0.03429074103132474,0.8613266011133672
E4,2,0.10104127406076167,0.02302402891750394,0.8759346970217344
E4,2,0.07791957455346005,0.016696164091137142,0.9053842613554027
E4,2,0.10392824021420355,0.016580892481381743,0.8794908673044146
E4,2,0.13589862148989745,0.06424046918522121,0.7998609093248813
E4,2,0.10619451601230184,0.029607239366106788,0.8641982446215914
E4,2,0.1329152948659331,0.0264884759141336,0.8405962292199333
E4,2,0.1573046493471831,0.02707937412866076,0.8156159765241561
E4,2,0.11485606533271618,0.029395479451007008,0.8557484552162767
E4,2,0.17936286932005616,0.035254835573531186,0.7853822951064127
E4,2,0.11281627850117786,0.022949060992236085,0.8642346605065861
E4,2,0.1498746400979427,0.02766871044237256,0.8224566494596847
E4,2,0.07906489225361296,0.032080795553500414,0.8888543121928866
E4,2,0.18063330923532112,0.03560329622073954,0.7837633945439393
E4,2,0.07436354665019816,0.04022095261228112,0.8854155007375207
E4,2,0.16931249434086287,0.028987721732152676,0.8016997839269846
E4,2,0.07913688968729386,0.029067080605256347,0.8917960297074499
E4,2,0.1359698929080732,0.024451401297713754,0.839578705794213
E4,2,0.10114339784946014,0.0354546670847511,0.8634019350657888
E4,2,0.14684394578218268,0.06542755439644622,0.787728499821371
E4,2,0.05336087995964782,0.021127788579627944,0.9255113314607242
E4,2,0.07321546617306843,0.016734907285898465,0.9100496265410332
E4,2,0.05492965667568641,0.012911139125811872,0.9321592041985018
E4,2,0.05406030264443174,0.01195761037196397,0.9339820869836043
E4,2,0.028702191951914712,0.012017217249623282,0.9592805907984621
E4,2,0.02966367487865869,0.011535039007565633,0.9588012861137757
E4,2,0.04444253462101927,0.010762622747613,0.9447948426313678
E4,2,0.027930581494276577,0.012219796509366913,0.9598496219963564
E4,2,0.05795730313640132,0.011938891939750295,0.9301038049238484
E4,2,0.027169930132692532,0.008771771404927296,0.9640582984623802
E4,2,0.03184965523148128,0.015042193265755502,0.9531081515027632
E4,2,0.04743378645267751,0.011586652590016509,0.9409795609573061
E4,2,0.025895728733532453,0.010407188326700467,0.963697082939767
E4,2,0.050257976485438914,0.011380342813802118,0.938361680700759
E4,2,0.034439097926546605,0.007049789522181315,0.9585111125512721
E4,2,0.04597699521923458,0.009693231796632569,0.9443297729841329
E4,2,0.03421415129916252,0.009735046698923881,0.9560508020019137
E4,2,0.05064259639613548,0.010909864164033308,0.9384475394398313
E4,2,0.053092410680900926,0.013348982997667347,0.9335586063214317
E4,2,0.04350684660991159,0.01037288039913472,0.9461202729909537
E4,2,0.09077732094216819,0.010591382682170556,0.8986312963756613
E4,2,0.04324266199282821,0.010375745401802626,0.9463815926053691
E4,2,0.04485515961938869,0.011307524582592559,0.9438373157980189
E4,2,0.10495091656671737,0.015177802939156533,0.8798712804941262
E4,2,0.0523574592229383,0.009778214939176718,0.937864325837885
E4,2,0.07771253388270002,0.013512494369911723,0.9087749717473883
E4,2,0.09734384181411462,0.015435527769212929,0.8872206304166723
E4,2,0.03882959054949585,0.019735909434989297,0.9414345000155148
E4,2,0.040705721689854264,0.012675534406372233,0.9466187439037737
E4,2,0.03815204557767513,0.03357573066587014,0.9282722237564547
E4,2,0.0600923472533083,0.10448370857635862,0.835423944170333
E4,2,0.11661375876866026,0.02793498264646186,0.8554512585848779
E4,2,0.13797928268208656,0.026242838220136278,0.8357778790977772
E4,2,0.0699497083265942,0.015935510491363426,0.9141147811820424
E4,2,0.13536373779551492,0.02396170847899309,0.840674553725492
E4,2,0.06734749439977265,0.012476722269892318,0.920175783330335
E4,2,0.1358459288926037,0.018686968140066183,0.8454671029673301
E4,2,0.16237923337038151,0.0327157543422042,0.8049050122874142
E4,2,0.10809898808592956,0.027545635695227864,0.8643553762188426
E4,2,0.11325226662620339,0.02047993948526722,0.8662677938885294
E4,2,0.09400015024595797,0.018400813458324214,0.8875990362957178
E4,2,0.11093737328422629,0.01885245772235541,0.8702101689934183
E4,2,0.06895287070161855,0.01760993403060631,0.9134371952677751
E4,2,0.10114343738453528,0.0263750237636254,0.8724815388518393
E4,2,0.10426612848654221,0.017155315318309525,0.8785785561951482
E4,2,0.1228213340394331,0.020171368632870588,0.8570072973276963
E4,2,0.1266829851932935,0.024543770857770694,0.8487732439489359
E4,2,0.0852305481789465,0.017245388427023528,0.8975240633940299
E4,2,0.04992751054848795,0.014941029205872603,0.9351314602456395
E4,2,0.03504954734740049,0.01267398528161593,0.9522764673709835
E4,2,0.06167144773583381,0.014196687189178487,0.9241318650749877
E4,2,0.09886706768756648,0.010987930534238969,0.8901450017781944
E4,2,0.16988733971405667,0.01502846627872379,0.8150841940072195
E4,2,0.08890186171321691,0.012843050549946541,0.8982550877368365
E4,2,0.08091553340555861,0.013537305840664683,0.9055471607537767
E4,2,0.037991410366573906,0.012330167673680385,0.9496784219597456
E4,2,0.04881418360265346,0.014856184340875392,0.9363296320564712
E4,2,0.02878052486390966,0.0680597091217236,0.9031597660143668
E4,2,0.04639231939409317,0.01752838498780433,0.9360792956181024
E4,2,0.04715834225503657,0.013246637769661958,0.9395950199753014
E4,2,0.07194732933029654,0.016831668618009908,0.9112210020516935
E4,2,0.12797100886751941,0.01643654647842721,0.8555924446540534
E4,2,0.2329657857631463,0.019333995794450807,0.7477002184424029
E4,2,0.12206839786231058,0.018005736303780082,0.8599258658339093
E4,2,0.09348951156063932,0.017205240576791746,0.8893052478625689
E4,2,0.06283223436788749,0.011849701015643662,0.9253180646164688
E4,2,0.10308834581943255,0.02235052247514963,0.8745611317054179
E4,2,0.07790821537607323,0.013509111132209645,0.9085826734917172
E4,2,0.08373691982345831,0.017472138863344602,0.8987909413131971
E4,2,0.061095581293934796,0.016917111458178192,0.921987307247887
E4,2,0.0582508614623519,0.01706241876999318,0.924686719767655
E4,2,0.07738940383805933,0.01759317907890455,0.9050174170830362
E4,2,0.06579098417270537,0.015941689395379516,0.9182673264319151
E4,2,0.04913242815271368,0.019006076283068694,0.9318614955642176
E4,2,0.053169530004357014,0.012422044961563426,0.9344084250340795
E4,2,0.036875215890671005,0.01761802070860884,0.94550676340072
E4,2,0.04808108322263261,0.016456014063469564,0.9354629027138978
E4,2,0.13778978655105065,0.034203715347524075,0.8280064981014252
E4,2,0.03005504557709374,0.008898802724982474,0.9610461516979237
E4,2,0.04168527532001252,0.020895053290209017,0.9374196713897786
E4,2,0.054701316062778844,0.014496891318979601,0.9308017926182416
E4,2,0.05776777248612533,0.01820892805121753,0.9240232994626572
E4,2,0.1026613874060863,0.016256285387984345,0.8810823272059294
E4,2,0.07521010280555454,0.01812994812795507,0.9066599490664904
E4,2,0.04642211880933311,0.015216354298208959,0.938361526892458
E4,2,0.05878888858550567,0.01760567909553384,0.9236054323189605
E4,2,0.06859009770084139,0.020331552507984508,0.9110783497911741
E4,2,0.04418317005154736,0.010965791532420692,0.9448510384160319
E4,2,0.035852451721626905,0.011270107755708,0.952877440522665
E4,2,0.03117193733333492,0.007799052514775989,0.9610290101518891
E4,2,0.05791276922492688,0.015642877497009787,0.9264443532780633
E4,2,0.06189495366115661,0.01971571340210598,0.9183893329367373
E4,2,0.043476438377615244,0.01545661327909042,0.9410669483432943
E4,2,0.1025060266000809,0.015292658822796533,0.8822013145771226
E4,2,0.0490344747537636,0.014842196493260245,0.9361233287529762
E4,2,0.03802344439335945,0.01430731515460767,0.9476692404520328
E4,2,0.04939416659895674,0.014002927586571888,0.9366029058144715
E4,2,0.05850110479485802,0.01833344506448844,0.9231654501406537
E4,2,0.05304192922498888,0.014434762067679519,0.9325233087073316
E4,2,0.0540060218917972,0.011950815245307977,0.9340431628628949
E4,2,0.10883411537895056,0.023268669478833114,0.8678972151422163
E4,2,0.11237155556930603,0.023009579896645208,0.8646188645340489
E4,2,0.07922540721250822,0.020679071672176325,0.9000955211153154
E4,2,0.12600146471208698,0.017746221238447903,0.8562523140494652
E4,2,0.08177144624002207,0.017634247134878857,0.900594306625099
E4,2,0.07530487393961317,0.020244988017732807,0.904450138042654
E4,2,0.0889299320382439,0.023172166691755296,0.8878979012700008
E4,2,0.14092112534597287,0.019097993764680393,0.8399808808893467
E4,2,0.056091532040201716,0.020726423787291125,0.923182044172507
E4,2,0.06978908029276917,0.014294608752632864,0.915916310954598
E4,2,0.09578888235922282,0.021768606429683278,0.882442511211094
E4,2,0.09903276447648227,0.04292650789511025,0.8580407276284076
E4,2,0.06752577005926763,0.032018864826367587,0.9004553651143646
E4,2,0.06749704797038086,0.014992389204936937,0.9175105628246822
E4,2,0.164587441194257,0.041460477184377655,0.7939520816213654
E4,2,0.17479013969080454,0.032153440163603664,0.7930564201455919
E4,2,0.10950906655278257,0.022278199290637343,0.8682127341565801
E4,2,0.13294295765824798,0.024937436597801874,0.8421196057439501
E4,2,0.08145278399759241,0.017363102286994565,0.9011841137154131
E4,2,0.10439318413675899,0.039677617654277596,0.8559291982089634
E4,2,0.15933234287987202,0.039166000642667426,0.8015016564774605
E4,2,0.10312079837483742,0.019364413713872392,0.8775147879112902
E4,2,0.09826318038852887,0.021121543906243406,0.8806152757052277
E4,2,0.12747382078590502,0.04079786180453881,0.8317283174095561
E4,2,0.08683519213300116,0.018911588940545374,0.8942532189264535
E4,2,0.1271645145352667,0.04908448964652413,0.8237509958182092
E4,2,0.11713380509626752,0.029358650373008274,0.8535075445307243
E4,2,0.13161966458795302,0.04295521925513076,0.8254251161569162
E4,2,0.13648851438982257,0.037815175151021965,0.8256963104591554
E4,2,0.17896868916039677,0.04976503117470434,0.7712662796648988
E4,2,0.13696460258277887,0.050517344607050395,0.8125180528101708
E4,2,0.11648646642830812,0.022716553562970688,0.8607969800087212
E4,2,0.15233389851028373,0.0191411195739172,0.828524981915799
E4,2,0.10527313601340896,0.02665768168187852,0.8680691823047124
E4,2,0.12006373648371929,0.04293468303361555,0.8370015804826652
E4,2,0.09473004828376681,0.03456105379290038,0.8707088979233328
E4,2,0.06457736682445935,0.031008506472347968,0.9044141267031927
E4,2,0.18412935093124524,0.045361694236793114,0.7705089548319616
E4,2,0.1315117465393423,0.03772801529882442,0.8307602381618334
E4,2,0.0599276518346723,0.02233059697642345,0.9177417511889041
E4,0,0.11609742341405299,0.05500334949340364,0.8288992270925434
E4,0,0.06026073574509752,0.04850643891609483,0.8912328253388078
E4,0,0.1126183738253321,0.049055864502737495,0.8383257616719304
E4,0,0.10032198144808442,0.04196712398311593,0.8577108945687998
E4,0,0.1411083417736085,0.06063018473808188,0.7982614734883097
E4,0,0.0964753946010144,0.05388663449059404,0.8496379709083915
E4,0,0.0922547936715374,0.1011463019873,0.8065989043411627
E4,0,0.09774391395281183,0.1259146933551861,0.7763413926920021
E4,0,0.1263973135459145,0.12328345130009251,0.750319235153993
E4,0,0.09114875289563072,0.11893236334731555,0.7899188837570537
E4,0,0.08296982503210854,0.13164260246835432,0.7853875724995372
E4,0,0.19892673082443119,0.10646857383467451,0.6946046953408943
E4,0,0.07426635277386226,0.13247064047523874,0.793263006750899
E4,0,0.053802091900733734,0.14261195252999226,0.803585955569274
E4,0,0.0627421946051217,0.13726852754994728,0.799989277844931
E4,0,0.07493111885020116,0.19682516645450285,0.7282437146952959
E4,0,0.1360805242475664,0.2451076937287993,0.6188117820236343
E4,0,0.07485605475586228,0.16291902893280977,0.7622249163113279
E4,0,0.09786038853726417,0.27948367293648063,0.6226559385262551
E4,0,0.07760240835802362,0.0984380802056532,0.8239595114363232
E4,0,0.09808867391482967,0.08966986041298726,0.8122414656721831
E4,0,0.14200065353009989,0.03771013461234138,0.8202892118575588
E4,0,0.20009118344788152,0.05369585640742335,0.7462129601446951
E4,0,0.19914693053453597,0.046393409020026165,0.7544596604454379
E4,0,0.0960323512351209,0.06109219018753928,0.8428754585773397
E4,0,0.12987962057603303,0.04082168467815775,0.8292986947458092
E4,0,0.12808098874456272,0.08822916286779875,0.7836898483876384
E4,0,0.0939822383230348,0.2501149479333731,0.655902813743592
E4,0,0.13367623106180884,0.24223381915693926,0.6240899497812519
E4,0,0.11501612105749784,0.5096113060063778,0.3753725729361243
E4,0,0.15001470787106433,0.2693952816637036,0.5805900104652321
E4,0,0.12226584839277076,0.12202999546908093,0.7557041561381483
E4,0,0.09308779814896612,0.1374590439312231,0.7694531579198108
E4,0,0.12193014498451914,0.04350495914706592,0.8345648958684149
E4,0,0.09756156623530043,0.04245303483849062,0.859985398926209
E4,0,0.0757831938316797,0.24229231334523144,0.6819244928230889
E4,0,0.16447812475359302,0.0694125913502149,0.766109283896192
E4,0,0.15534949683876847,0.04841166920496568,0.7962388339562658
E4,0,0.1517435102184768,0.048167401191352086,0.8000890885901711
E4,0,0.12038751949691821,0.04202271216855085,0.8375897683345309
E4,0,0.14622383236089634,0.04314992561433679,0.810626242024767
E4,0,0.16980857647034192,0.05087686976495145,0.7793145537647067
E4,0,0.0941668364608484,0.040752591774113174,0.8650805717650384
E4,0,0.1035699392384352,0.04941556167704079,0.8470144990845241
E4,0,0.06005808755975807,0.0334833675234987,0.9064585449167432
E4,0,0.10868011428977072,0.07974582587628147,0.8115740598339477
E4,0,0.06700715316997889,0.02460455828957746,0.9083882885404437
E4,0,0.043549863357457905,0.014819665519077747,0.9416304711234643
E4,2,0.053752929558460866,0.017445446699973426,0.9288016237415656
E4,2,0.04241089557194367,0.02259070731572347,0.9349983971123329
E4,2,0.08427668790042946,0.0461152689718161,0.8696080431277544
E4,2,0.08544252464201331,0.022849889057522377,0.8917075863004642
E4,2,0.05108999784980788,0.01294856432832608,0.935961437821866
E4,2,0.08699783585237292,0.013474325852027227,0.8995278382955998
E4,2,0.09489751721435127,0.022467040168741473,0.8826354426169073
E4,2,0.06584675934974421,0.020576304371031598,0.9135769362792241
E4,2,0.052857591121041,0.015212929702199982,0.931929479176759
E4,2,0.038580389242321184,0.015527333006820247,0.9458922777508585
E4,2,0.04652101262501838,0.016914736490165797,0.9365642508848159
E4,2,0.07399422784635036,0.01690307874796554,0.9091026934056841
E4,2,0.06749888984419225,0.01692455023144273,0.9155765599243649
E4,2,0.10287192859964274,0.019238186113472746,0.8778898852868845
E4,2,0.05581921670321753,0.015715857581351304,0.928464925715431
E4,2,0.046156013121751605,0.011039502910430484,0.9428044839678179
E4,2,0.061486796635928306,0.01888345094183403,0.9196297524222377
E4,2,0.02431095665922113,0.010439158378968914,0.9652498849618099
E4,2,0.048906887705372444,0.012708976751467134,0.9383841355431605
E4,2,0.078426444322584,0.015712120077711465,0.9058614355997044
E4,2,0.09243602605281487,0.028628900953601703,0.8789350729935834
E4,2,0.06994983848569475,0.01784027531914307,0.9122098861951621
E4,2,0.07355153899845727,0.016368126860570993,0.9100803341409718
E4,2,0.07196515072972832,0.0202185523939041,0.9078162968763676
E4,2,0.038793760517752116,0.009458745828547183,0.9517474936537007
E4,2,0.04552663572817569,0.010995818017531281,0.9434775462542929
E4,2,0.07934542095279865,0.0158843498867612,0.9047702291604401
E4,2,0.04564703206877797,0.00823685595098425,0.9461161119802377
E4,2,0.02747707001984626,0.007788302319386748,0.9647346276607671
E4,2,0.04322047574336312,0.010878724221818731,0.9459008000348181
E4,2,0.04713395732761879,0.010142633574322537,0.9427234090980586
E4,2,0.03422176963306263,0.00850421445524127,0.957274015911696
E4,2,0.09657420300936123,0.014706933808278748,0.8887188631823602
E4,2,0.026280225740029396,0.009731564041533749,0.963988210218437
E4,2,0.022593925302494305,0.010116982293363446,0.9672890924041423
E4,2,0.023533700293207383,0.013348047874157859,0.9631182518326348
E4,2,0.022638199510156123,0.00783955240246128,0.9695222480873825
E4,2,0.05113570107864458,0.011460830053929604,0.9374034688674258
E4,2,0.017859605274361024,0.0054007991069310035,0.976739595618708
E4,2,0.0339572612522206,0.010411301456552367,0.955631437291227
E4,2,0.053877369820802004,0.012752797039430969,0.9333698331397671
E4,2,0.05555215123540159,0.013918859218946072,0.9305289895456523
E4,2,0.07101628290636926,0.018398758452426868,0.9105849586412039
E4,2,0.04415314454943415,0.020775752509479592,0.9350711029410862
E4,2,0.08356863159395293,0.018967793752319575,0.8974635746537274
E4,2,0.05676235310844583,0.00936617995237491,0.9338714669391793
E4,2,0.032337574681122506,0.030685889731492826,0.9369765355873847
E4,2,0.030266329156305255,0.019903000604084828,0.9498306702396099
E4,2,0.057793326237967575,0.04358429743562815,0.8986223763264042
E4,2,0.13003704858898524,0.035274166592539374,0.8346887848184754
E4,2,0.06857412091233799,0.018408731391037877,0.9130171476966242
E4,2,0.09360352544684272,0.0181973579645093,0.8881991165886479
E4,2,0.05366713306702803,0.01885008491938237,0.9274827820135897
E4,2,0.06599212033826764,0.0176471885428932,0.9163606911188392
E4,2,0.05963671861513005,0.01395228818080404,0.9264109932040658
E4,2,0.055635120158472766,0.013016095577527942,0.9313487842639994
E4,2,0.06916482169515122,0.015305249931575636,0.9155299283732731
E4,2,0.0821603117734462,0.019563066353773882,0.89827662187278
E4,2,0.039847531574063025,0.010713381117183396,0.9494390873087535
E4,2,0.02606082072171611,0.007775347274271013,0.9661638320040129
E4,2,0.043524298291909055,0.012793844604863333,0.9436818571032277
E4,2,0.05755898564441635,0.013080231352429703,0.9293607830031538
E4,2,0.04032054101082391,0.011362792364964649,0.9483166666242115
E4,2,0.03726262644289622,0.010976202179397324,0.9517611713777064
E4,2,0.03130783854876898,0.010608269954496758,0.9580838914967343
E4,2,0.045870432708187775,0.011327818064491086,0.9428017492273211
E4,2,0.05795045673146535,0.014813988960921114,0.9272355543076135
E4,2,0.05651013953718358,0.018530309292474546,0.9249595511703419
E4,2,0.09476249988906865,0.01202043185647905,0.8932170682544524
E4,2,0.04356743381995842,0.008194609439536343,0.9482379567405052
E4,2,0.02938689987915973,0.008859497794383903,0.9617536023264565
E4,2,0.0397970266785969,0.012296658778679005,0.9479063145427242
E4,2,0.04797236790646023,0.023183745803255742,0.9288438862902839
E4,2,0.024088447943605155,0.030406329702564017,0.9455052223538308
E4,2,0.023799851383859243,0.011136233734798193,0.9650639148813425
E4,2,0.011802974102216632,0.009936349852268187,0.9782606760455153
E4,2,0.0402430156628765,0.015551867271618856,0.9442051170655047
E4,2,0.0314718463212046,0.007532689515276739,0.9609954641635188
E4,2,0.02002574224086021,0.006292101858434682,0.9736821559007051
E4,2,0.022351461215242258,0.007341893586327371,0.9703066451984304
E4,2,0.024701946999351052,0.006654731917984837,0.9686433210826642
E4,2,0.04499836318916686,0.011235699718972555,0.9437659370918605
E4,2,0.03898051131053915,0.01051390624857054,0.9505055824408905
E4,2,0.05244118533797995,0.016273375976933496,0.9312854386850866
E4,2,0.04887453395143872,0.015123898573268022,0.9360015674752933
E4,2,0.10074059012526491,0.01539599012033108,0.8838634197544041
E4,2,0.04228183853666865,0.0297468985002216,0.9279712629631097
E4,2,0.0327217591522181,0.0038825887459571612,0.9633956521018248
E4,2,0.0901482736147047,0.05539095397841385,0.8544607724068815
E4,2,0.07759451951478853,0.01823950540787682,0.9041659750773346
E4,2,0.07694142004289448,0.02139432151245423,0.9016642584446513
E4,2,0.07177970530478388,0.015009570395811543,0.9132107242994045
E4,2,0.07536496437966987,0.012584077696388174,0.9120509579239419
E4,2,0.035508830589645324,0.007812679290724127,0.9566784901196306
E4,2,0.0629875003887163,0.015100264814224246,0.9219122347970594
E4,2,0.0679990821137699,0.030337922833550475,0.9016629950526797
E4,2,0.04959380680274941,0.02246318162800295,0.9279430115692476
E4,2,0.06663723152091267,0.018858381027572806,0.9145043874515145
E4,2,0.05097994000632887,0.01375143589623726,0.9352686240974339
E4,2,0.11248399632950315,0.01867354170287612,0.8688424619676207
E4,2,0.13256294515205672,0.019222323146767643,0.8482147317011756
E4,2,0.10188778810230288,0.017095673400097558,0.8810165384975996
E4,2,0.038560324028095,0.009227452848156988,0.952212223123748
E4,2,0.05355602043713624,0.013569207647242692,0.932874771915621
E4,2,0.05502138567831057,0.01254382010187846,0.9324347942198111
E4,2,0.04120618372952021,0.00913517280204901,0.9496586434684307
E4,2,0.025075170619698148,0.007405683029764818,0.967519146350537
E4,2,0.0154297212844743,0.006050733547656484,0.9785195451678691
E4,2,0.013045249438571833,0.004483607400562172,0.982471143160866
E4,2,0.026176735869248152,0.008871821459780766,0.964951442670971
E4,2,0.05355689055462294,0.009786978250221935,0.9366561311951552
E4,2,0.029039509134567296,0.012842606837955423,0.9581178840274773
E4,2,0.034007713095448464,0.010815733783649268,0.9551765531209022
E4,2,0.02728413692432526,0.008202929898995868,0.9645129331766789
E4,2,0.01902894152121572,0.007980942513710738,0.9729901159650737
E4,2,0.028270711173494733,0.010390908146026494,0.9613383806804788
E4,2,0.0433716366965446,0.009566880280458894,0.9470614830229965
E4,2,0.048066364433093034,0.011150723544910139,0.9407829120219969
E4,2,0.03227086090207855,0.0072579770553139675,0.9604711620426075
E4,2,0.03550100105883672,0.010166355604398205,0.9543326433367652
E4,2,0.052078087461007186,0.012574950256836477,0.9353469622821564
E4,2,0.05679514617681749,0.018214951796846682,0.9249899020263359
E4,2,0.03312258094093654,0.027528973039430513,0.939348446019633
E4,2,0.04011133188830478,0.01347271424484507,0.9464159538668502
E4,2,0.05166244053349572,0.01362945721148951,0.9347081022550148
E4,2,0.06764185107383142,0.023553548131751645,0.9088046007944169
E4,2,0.05134740170411701,0.013819503575846968,0.9348330947200361
E4,2,0.051138716517481364,0.012044357406189182,0.9368169260763295
E4,2,0.05842097253403897,0.012148051242187404,0.9294309762237737
E4,2,0.06816851545103982,0.01757668782132245,0.9142547967276378
E4,2,0.03401907429580082,0.012080896010655026,0.9539000296935441
E4,2,0.040035727760149895,0.012871232935905717,0.9470930393039445
E4,2,0.0338595112631048,0.013188178775579661,0.9529523099613156
E4,2,0.047713899680597555,0.020882985467008185,0.9314031148523942
E4,2,0.05813256507854353,0.013825233246050804,0.9280422016754056
E4,2,0.05246364670948144,0.00952911604528103,0.9380072372452375
E4,2,0.04570091424387502,0.012310447673234736,0.9419886380828902
E4,2,0.06535061728675821,0.014841718122457322,0.9198076645907844
E4,2,0.05254016329081049,0.009841565636723143,0.9376182710724664
E4,2,0.021428195776440347,0.006461400342395946,0.9721104038811638
E4,2,0.03252688791166014,0.01334942532896889,0.954123686759371
E4,2,0.022908538808944397,0.009394144923387481,0.9676973162676681
E4,2,0.02387438210303185,0.009840518649537097,0.9662850992474311
E4,2,0.026170294656419946,0.007368306115388232,0.9664613992281917
E4,2,0.021167401373679267,0.005674758697431727,0.973157839928889
E4,2,0.058250082266532194,0.013688071137230483,0.9280618465962372
E4,2,0.03437350309215104,0.01009662338363877,0.9555298735242101
E4,2,0.042080071236300545,0.01211105447683898,0.9458088742868604
E4,2,0.04270700150925452,0.01345533855790857,0.9438376599328369
E4,2,0.03911084024978183,0.013802378676221269,0.9470867810739968
E4,2,0.035874999974831345,0.010648277702516102,0.9534767223226527
E4,2,0.04710936214567081,0.012440169909852264,0.9404504679444768
E4,2,0.03827482399210572,0.014239470585475039,0.9474857054224193
E4,2,0.046492124372073146,0.0115438301886883,0.9419640454392385
E4,2,0.03070194219972005,0.009168263755986847,0.960129794044293
E4,2,0.03995652868012185,0.010573395913143848,0.9494700754067342
E4,2,0.043885480298308396,0.013903606320520767,0.9422109133811708
E4,2,0.03696244192955732,0.009392235559334662,0.953645322511108
E4,2,0.03766169557479996,0.007940134915733282,0.9543981695094668
E4,2,0.053800285423793,0.010865090679749735,0.9353346238964573
E4,2,0.04612238990568924,0.008706740699966454,0.9451708693943444
E4,2,0.034832762210852665,0.013497105586403189,0.9516701322027441
E4,2,0.05098493528954369,0.02231738317708781,0.9266976815333685
E4,2,0.028596685159343757,0.008523188092209174,0.9628801267484471
E4,0,0.07892822703498802,0.017174384379261085,0.9038973885857509
E4,0,0.034332870669665345,0.010709687633775285,0.9549574416965593
E4,0,0.039952971748380736,0.01136714445687384,0.9486798837947454
E4,0,0.06203895059203368,0.010798974092510648,0.9271620753154557
E4,0,0.05400019466836888,0.012684316259316913,0.9333154890723142
E4,0,0.029140928455225135,0.007341020086565142,0.9635180514582097
E4,0,0.038624798497631264,0.018008332104398436,0.9433668693979702
E4,0,0.03459484015035297,0.013474587186750205,0.9519305726628968
E4,0,0.04433575376833883,0.014504760627169499,0.9411594856044916
E4,0,0.038133535826525386,0.008578749939155333,0.9532877142343192
E4,0,0.20359499500220013,0.042768495771926665,0.7536365092258732
E4,0,0.09223405947184697,0.04354422848209149,0.8642217120460615
E4,0,0.044299245665820906,0.23453280935326506,0.7211679449809141
E4,0,0.05480160490654526,0.012324266318044235,0.9328741287754104
E4,0,0.0866601908784954,0.022186741568166538,0.8911530675533381
E4,0,0.3343260208511019,0.317513275564815,0.34816070358408313
E4,0,0.5255673522601839,0.028301445575376536,0.44613120216443963
E4,0,0.10787846033721031,0.01867484142659304,0.8734466982361968
E4,0,0.08151935403315369,0.02647475961587963,0.8920058863509666
E4,0,0.0898792118420507,0.021485756504378284,0.888635031653571
E4,0,0.062309738306160954,0.011623134014282121,0.9260671276795569
E4,0,0.029056910319994553,0.006300310355191063,0.9646427793248142
E4,0,0.03273780220348338,0.006855628017099924,0.9604065697794166
E4,0,0.04042448548395947,0.009573692615228394,0.9500018219008121
E4,0,0.07608244696945898,0.01825576161768809,0.905661791412853
E4,0,0.07788377500818282,0.016290878919794263,0.905825346072023
E4,0,0.11124127502565481,0.01644434124361887,0.8723143837307265
E4,0,0.10163669405027194,0.016363756777232907,0.8819995491724951
E4,0,0.06089969280958974,0.015370967979426161,0.9237293392109841
E4,0,0.091465746870647,0.01731432379330173,0.8912199293360512
E4,0,0.07397797861142655,0.014126966816346313,0.9118950545722271
E4,0,0.14159661846265517,0.03126874784756582,0.827134633689779
E4,0,0.09522056128776461,0.02733526353174828,0.877444175180487
E4,0,0.1782577800813542,0.08156943477329785,0.740172785145348
E4,0,0.12320416932018136,0.08377261147942326,0.7930232192003954
E4,0,0.09636829830240458,0.01619767735039574,0.8874340243471998
E4,0,0.2057857785393018,0.012467828806429385,0.7817463926542688
E4,0,0.12126469015941045,0.008149143923531707,0.8705861659170578
E4,0,0.031094650087883268,0.00904395200804969,0.9598613979040671
E4,0,0.03321573786470868,0.010878053336684653,0.9559062087986067
E4,0,0.033474829215266864,0.013767506049182428,0.9527576647355508
E4,0,0.020436551418242174,0.00789298422617477,0.9716704643555831
E4,0,0.011649201407747903,0.011771979673310548,0.9765788189189416
E4,0,0.02003009256106447,0.012645282768962571,0.967324624669973
E4,0,0.05961830604446155,0.032820829443219034,0.9075608645123194
E4,0,0.08194908398080684,0.051957245089144295,0.8660936709300489
E4,0,0.08587407638796217,0.03301689944724107,0.8811090241647969
E4,0,0.0564202427710344,0.019226549329544082,0.9243532078994215
E4,0,0.08852377076783839,0.016795691203798476,0.8946805380283632
E4,0,0.06777731297899596,0.018874542333885774,0.9133481446871182
E4,0,0.05753897830495382,0.022876155842363487,0.9195848658526826
E4,0,0.05407977900356265,0.015333323601043275,0.9305868973953941
E4,0,0.0370025731250939,0.010885956747662243,0.9521114701272438
E4,0,0.09924749758299083,0.02001616230894365,0.8807363401080656
E4,0,0.08026704742841417,0.007643929960420261,0.9120890226111654
E4,0,0.07507418636642976,0.011038318102186384,0.9138874955313838
E4,0,0.0342127434599336,0.008331250247387071,0.9574560062926794
E4,0,0.11974618107846748,0.011872716279580479,0.8683811026419521
E4,0,0.020426368042924525,0.009143236908531058,0.9704303950485443
E4,0,0.03928557949010315,0.013250860222053186,0.9474635602878436
E4,0,0.03887060884623716,0.010128621862380508,0.9510007692913823
E4,0,0.03827015358256795,0.008325564208068913,0.9534042822093632
E4,0,0.06689722621565218,0.017684447446672157,0.9154183263376756
E4,0,0.27404782310856096,0.017161585512020426,0.7087905913794186
E4,0,0.1063124448075375,0.07318356407071845,0.820503991121744
E4,0,0.1153721576507009,0.02444339011325937,0.8601844522360397
E4,0,0.0834525856219268,0.018961790512713003,0.8975856238653601
E4,0,0.05518104199612843,0.01677143983321638,0.9280475181706552
E4,0,0.03332279267188221,0.01791847764617102,0.9487587296819467
E4,0,0.04038360391120416,0.013122733565514851,0.9464936625232809
E4,0,0.027535346125641253,0.010437602423917757,0.962027051450441
E4,0,0.03012376723690498,0.008198300848931073,0.961677931914164
E4,0,0.02745828631965645,0.009703056488429637,0.962838657191914
E4,0,0.021647064910730304,0.006675576234528152,0.9716773588547415
E4,0,0.022481376505044923,0.0072838482294098955,0.9702347752655452
E4,0,0.02515559224405484,0.006968138754561322,0.9678762690013839
E4,0,0.020672619282383464,0.010549038839275939,0.9687783418783407
E4,0,0.021253015976420507,0.0075469205837640505,0.9712000634398154
E4,0,0.0699651853277593,0.01022533208617423,0.9198094825860663
E4,0,0.038392082369757725,0.01096756085113738,0.9506403567791047
E4,0,0.03718508156773691,0.009536822170232818,0.9532780962620302
E4,0,0.044787322872060255,0.01093720446747125,0.9442754726604686
E4,0,0.017264125410701534,0.017055680469783126,0.9656801941195152
E4,0,0.023694834476512147,0.011135189421636948,0.9651699761018508
E4,0,0.036197414514837996,0.011008418562924222,0.9527941669222377
E4,0,0.021395379561073475,0.007214571143143188,0.9713900492957834
E4,0,0.04120833274606102,0.010388617924974955,0.9484030493289639
E4,0,0.0394062097498504,0.007983040043758575,0.952610750206391
E4,0,0.03818881820806951,0.010522567661949738,0.9512886141299808
E4,2,0.02214819806729862,0.017978021970263616,0.9598737799624376
E4,2,0.01893139017230241,0.014965903921490891,0.9661027059062066
E4,2,0.015838353240463246,0.012155278377998723,0.972006368381538
E4,2,0.024299177739668977,0.011148671510427689,0.9645521507499033
E4,2,0.05025254844928565,0.010875249803762777,0.9388722017469515
E4,2,0.01890946888985547,0.008799345343602397,0.972291185766542
E4,2,0.03833298926359411,0.010410426523029983,0.9512565842133759
E4,2,0.019389412135340876,0.006690980832064144,0.973919607032595
E4,2,0.024031651097797667,0.006659305534754438,0.9693090433674479
E4,2,0.041378888231627046,0.012165722166777217,0.9464553896015957
E4,2,0.051814538765801554,0.012795670313818834,0.9353897909203797
E4,2,0.09141634784423996,0.014622559739490695,0.8939610924162693
E4,2,0.03382385501848039,0.011438119171684543,0.954738025809835
E4,2,0.046597108576915645,0.013332590444528409,0.9400703009785559
E4,2,0.07341923748705942,0.0163493107081106,0.91023145180483
E4,2,0.040215540522902826,0.013190394802921047,0.9465940646741761
E4,2,0.04625127780770441,0.01215850237182724,0.9415902198204684
E4,2,0.035780497358265634,0.0145365833666329,0.9496829192751015
E4,2,0.04926930933022525,0.009754858372416735,0.940975832297358
E4,2,0.04950976646529993,0.011800915710264192,0.9386893178244359
E4,2,0.06276915397411054,0.013252429218494803,0.9239784168073947
E4,2,0.054096201238113206,0.015392636830943773,0.9305111619309431
E4,2,0.08730249564566156,0.015233975719842228,0.8974635286344963
E4,2,0.0811349571262178,0.010959554903902387,0.9079054879698799
E4,2,0.06211478987059287,0.011530366466776808,0.9263548436626303
E4,2,0.048522929195465955,0.013132214675615778,0.9383448561289183
E4,2,0.057637510110421765,0.024435604267319777,0.9179268856222585
E4,2,0.07174769838488976,0.027995658600024925,0.9002566430150852
E4,2,0.1250591635116653,0.03870778738827497,0.8362330491000598
E4,2,0.12314669296592261,0.01996627315996066,0.8568870338741168
E4,2,0.2195042649953282,0.012003801242312208,0.7684919337623596
E4,2,0.12297734204993463,0.02272418785351411,0.8542984700965514
E4,2,0.12462173691432986,0.05073443953166128,0.8246438235540089
E4,2,0.08453616856728449,0.028600821702082734,0.8868630097306328
E4,2,0.1793429008031637,0.05775431011715994,0.7629027890796763
E4,2,0.16697112734639757,0.018739268476570436,0.814289604177032
E4,2,0.26914994917430607,0.01047972488029366,0.7203703259454003
E4,2,0.34579862715035514,0.07916046623132023,0.5750409066183246
E4,2,0.11019953271625657,0.037746753198600054,0.8520537140851433
E4,2,0.04868565273878325,0.011972629722117309,0.9393417175390993
E4,2,0.07844628852963682,0.027840343502905523,0.8937133679674576
E4,2,0.04326831558877117,0.017275812462099957,0.9394558719491288
E4,2,0.04608745429736664,0.013000915026864557,0.9409116306757689
E4,2,0.061099250886652835,0.01428436509648603,0.9246163840168611
E4,2,0.03393850459319058,0.009686310045870618,0.9563751853609389
E4,2,0.12801581317026173,0.022936413409696627,0.8490477734200416
E4,2,0.08950612534859961,0.07647947027416037,0.8340144043772401
E4,2,0.05800271285785835,0.029272487515320616,0.912724799626821
E4,2,0.2520386834787335,0.05195417097573073,0.6960071455455359
E4,2,0.1334164538184643,0.06659226619631523,0.7999912799852205
E4,2,0.12720655472822592,0.03724349937838033,0.8355499458933937
E4,2,0.10955943405174591,0.029600205772242802,0.8608403601760112
E4,2,0.09380330842246316,0.03822052748220328,0.8679761640953336
E4,2,0.3357632121271331,0.03458617683373861,0.6296506110391283
E4,2,0.15515061541009448,0.03596948147663668,0.8088799031132688
E4,2,0.15768964206100275,0.06855440955946596,0.7737559483795312
E4,2,0.10082152385127523,0.07384765789260408,0.8253308182561208
E4,2,0.15166371851647414,0.049372475294278136,0.7989638061892478
E4,2,0.17056378971583236,0.02841074382767409,0.8010254664564935
E4,2,0.13078418508142822,0.06243340751969546,0.8067824073988762
E4,2,0.09485689882264509,0.10124768713828637,0.8038954140390686
E4,2,0.06298533090494947,0.0342908809812513,0.9027237881137993
E4,2,0.07308339217592238,0.10387358934069801,0.8230430184833796
E4,2,0.11534657229546474,0.08471397158018738,0.7999394561243478
E4,2,0.14277681394246325,0.03230176273800863,0.8249214233195281
E4,2,0.08451101471738166,0.03315925039203971,0.8823297348905786
E4,2,0.23948005874938152,0.046623770652049756,0.7138961705985688
E4,2,0.10423386630428853,0.02887561603344834,0.8668905176622632
E4,2,0.10090633980254414,0.030183723703617597,0.8689099364938383
E4,2,0.06455430003896759,0.061847048648352616,0.8735986513126799
E4,2,0.10012604402797712,0.0398708461314285,0.8600031098405945
E4,2,0.0668622154374824,0.045940818147179194,0.8871969664153384
E4,2,0.04974299169228138,0.05565332732223416,0.8946036809854844
E4,2,0.029142693935168173,0.03776926123357774,0.9330880448312541
E4,2,0.04211101596194455,0.046897670877074325,0.9109913131609811
E4,2,0.033544265667143365,0.033214914766882216,0.9332408195659745
E4,2,0.057198873609674225,0.03909784757345081,0.9037032788168751
E4,2,0.035390926403293915,0.0333906942378047,0.9312183793589013
E4,2,0.030659977120802116,0.039740744533482114,0.9295992783457159
E4,2,0.04942536955646316,0.07163468547704722,0.8789399449664898
E4,2,0.0483816764065448,0.041253018612332264,0.910365304981123
E4,2,0.05288705296601319,0.06762726621155232,0.8794856808224345
E4,2,0.06887151845418125,0.02912195834744707,0.9020065231983717
E4,2,0.08074292864654331,0.04837955062957979,0.8708775207238769
E4,2,0.06255116540743404,0.03902790099217228,0.8984209336003937
E4,2,0.05469915468180967,0.055564533305076574,0.8897363120131138
E4,2,0.10143863954750217,0.053879340277542334,0.8446820201749556
E4,2,0.1363765928628125,0.0924470969580549,0.7711763101791326
E4,2,0.25252341145202706,0.10486993143887585,0.642606657109097
E4,2,0.19085092685155833,0.10835946642379177,0.70078960672465
E4,2,0.06272304344392751,0.07565953669131534,0.8616174198647572
E4,2,0.1416361823755884,0.0705523233587201,0.7878114942656915
E4,2,0.1532131282030357,0.08967380717583735,0.757113064621127
E4,2,0.06820821879272647,0.05621216798598328,0.8755796132212902
E4,2,0.10531858404509405,0.08406710479179151,0.8106143111631144
E4,2,0.06633722129847532,0.06637216947982165,0.867290609221703
E4,2,0.07914239711608681,0.06425332324913059,0.8566042796347826
E4,2,0.06035373477611085,0.05970194116294817,0.879944324060941
EG,2,0.23755725686463325,0.05764159010019577,0.704801153035171
EG,2,0.16722646950904382,0.07581473908695742,0.7569587914039988
EG,2,0.13231917073518243,0.20477105141377655,0.662909777851041
EG,2,0.10873081265589958,0.054057063701788824,0.8372121236423116
EG,2,0.10903401046061185,0.060744180637712794,0.8302218089016753
EG,2,0.37012772983876496,0.050897498233489914,0.5789747719277452
EG,2,0.24303427354868876,0.05855400974852464,0.6984117167027866
EG,2,0.2348607885578293,0.07997647392743099,0.6851627375147397
EG,2,0.3423797850052458,0.06555865460778523,0.5920615603869689
EG,2,0.2574559750283846,0.08344502607375959,0.6590989988978557
EG,2,0.2279191757538191,0.03411453204477657,0.7379662922014043
EG,2,0.22637120119855092,0.042494486097092186,0.7311343127043568
EG,2,0.5324665075640799,0.04590451054448058,0.42162898189143955
EG,2,0.14517156508128323,0.05087446851645704,0.8039539664022597
EG,2,0.18563016192663895,0.09069386519846007,0.7236759728749009
EG,2,0.23705397618150045,0.06324005103127947,0.6997059727872201
EG,2,0.10291276457605826,0.052824974649088086,0.8442622607748537
EG,2,0.1882167478251632,0.06780405627032728,0.7439791959045094
EG,2,0.22557733413323358,0.03270570860083451,0.741716957265932
EG,2,0.22500198627256604,0.07791433832190596,0.697083675405528
EG,2,0.10267060745217255,0.03160668878310341,0.865722703764724
EG,2,0.183725144513795,0.05820594262692884,0.7580689128592761
EG,2,0.19693174409460756,0.026675780134696972,0.7763924757706955
EG,2,0.16335358429988622,0.022188599422975092,0.8144578162771386
EG,2,0.3040171870183283,0.027148313150067556,0.6688344998316041
EG,2,0.3232323315783018,0.07762926560234072,0.5991384028193575
EG,2,0.38475322595181455,0.059836061362187026,0.5554107126859984
EG,2,0.24184657322216763,0.04146385574704636,0.716689571030786
EG,2,0.32161301599632103,0.044710188291137834,0.6336767957125411
EG,2,0.2685155030509508,0.028968407315361194,0.7025160896336881
EG,2,0.29680371927244403,0.027703816915224097,0.6754924638123319
EG,2,0.29389480629560416,0.030545807647980344,0.6755593860564155
EG,2,0.1362571436066859,0.01195950102709083,0.8517833553662232
EG,2,0.3077067749303521,0.02774639981769152,0.6645468252519563
EG,2,0.4055283757430195,0.06395112729051103,0.5305204969664695
EG,2,0.22566840123316176,0.05464443343626811,0.7196871653305702
EG,2,0.17817863885189103,0.036963446404351494,0.7848579147437574
EG,2,0.11525119874212257,0.060222415359154055,0.8245263858987233
EG,2,0.12525843971336786,0.03270614907326617,0.8420354112133659
EG,2,0.12593709597887243,0.03455461656054744,0.83950828746058
EG,2,0.08363942341312333,0.02616531796223874,0.8901952586246379
EG,2,0.09918103187916283,0.028629925441698203,0.8721890426791389
EG,2,0.1986228569551501,0.05754950652567747,0.7438276365191724
EG,2,0.3843844833511105,0.05623651581223971,0.5593790008366498
EG,2,0.5225331059269802,0.12758932153410196,0.3498775725389178
EG,2,0.22243186175743185,0.07184677217206904,0.7057213660704991
EG,2,0.38973518838578036,0.1303889543059199,0.4798758573082997
EG,2,0.615773048848193,0.10592945488644354,0.2782974962653636
EG,2,0.3979458481474396,0.07639053549452392,0.5256636163580364
EG,2,0.46151961346913223,0.07000019295818204,0.46848019357268567
EG,2,0.616596167089909,0.14924862705272265,0.23415520585736832
EG,2,0.6359761071687671,0.10776415654228769,0.25625973628894516
EG,2,0.5757143726872109,0.09555848015675995,0.32872714715602913
EG,2,0.31869665575571454,0.11527453223639823,0.5660288120078871
EG,2,0.475643195503207,0.1015564000901708,0.4228004044066223
EG,2,0.8157072670509867,0.051798045864256285,0.13249468708475698
EG,2,0.4725617347017598,0.10661955598573465,0.4208187093125056
EG,2,0.5504026967051266,0.09448238323864128,0.355114920056232
EG,2,0.3022088214983468,0.2592749038197952,0.438516274681858
EG,2,0.024116509127285166,0.7527629688571968,0.22312052201551813
EG,2,0.06322158839833164,0.289590361513396,0.6471880500882724
EG,2,0.09941426465204367,0.12998752047290585,0.7705982148750504
EG,2,0.05301569998761502,0.04070140309710792,0.906282896915277
EG,2,0.11492373755726278,0.46595974228920034,0.4191165201535368
EG,2,0.11105507620811575,0.31961656062123517,0.5693283631706492
EG,2,0.15431256999714124,0.3621536182323394,0.4835338117705194
EG,2,0.14895751247168124,0.31787807043661764,0.5331644170917011
EG,2,0.15177774737786687,0.3000953148261501,0.5481269377959831
EG,2,0.12313964607507133,0.38129522397673393,0.4955651299481947
EG,2,0.08958839680199394,0.2535579428413209,0.656853660356685
EG,2,0.08464755233974569,0.21612131313903263,0.6992311345212217
EG,2,0.08616380226199079,0.38196549350010334,0.5318707042379058
EG,2,0.0855084516689158,0.6502290821112978,0.2642624662197864
EG,2,0.15952497672876256,0.38297627875343226,0.45749874451780526
EG,2,0.048455442545592996,0.06588850888355753,0.8856560485708495
EG,2,0.21620544693841787,0.22067501276434506,0.5631195402972371
EG,2,0.6852518475842758,0.022748292647673588,0.29199985976805065
EG,2,0.4025808744768093,0.032193458243479994,0.5652256672797108
EG,2,0.6251286744950941,0.07921720734204156,0.29565411816286424
EG,2,0.2888387002603173,0.04022402562077583,0.6709372741189068
EG,2,0.4387025335123978,0.07034163336801358,0.49095583311958857
EG,2,0.3720452866322825,0.07926924272353111,0.5486854706441865
EG,2,0.18529093975454128,0.27032987823497384,0.544379182010485
EG,2,0.09033510407352795,0.3233982631818484,0.5862666327446237
EG,2,0.3783606159619165,0.12047291614802445,0.501166467890059
EG,2,0.4626833141951966,0.10528462336118473,0.4320320624436187
EG,2,0.35325666693951285,0.045264684284508784,0.6014786487759783
EG,2,0.3951014833552643,0.05780481144469058,0.5470937052000452
EG,2,0.4731951103284825,0.04458611778931238,0.48221877188220524
EG,2,0.49340244526073146,0.047630759632242094,0.4589667951070266
EG,2,0.2413707551481935,0.038089679019606415,0.7205395658322
EG,2,0.15720142667820033,0.05656707389414388,0.7862314994276559
EG,2,0.3444463575944762,0.0703673836033086,0.5851862588022152
EG,2,0.18280309017400392,0.0223308673302742,0.7948660424957219
EG,2,0.23533442973702734,0.028653793745572826,0.7360117765173999
EG,2,0.2037242487641173,0.025349708557587794,0.7709260426782949
EG,2,0.21072959125640123,0.02872894126227578,0.760541467481323
EG,2,0.29565458257736416,0.02843653189630637,0.6759088855263294
EG,2,0.3499909468245452,0.030034343536710743,0.6199747096387441
EG,2,0.22566127109223935,0.032874799129412324,0.7414639297783483
EG,2,0.2681822772890782,0.05816921665092376,0.673648506059998
EG,2,0.11219273043731826,0.020725650626728688,0.8670816189359531
EG,2,0.16495215201754237,0.05470076397281169,0.7803470840096458
EG,2,0.10239028937619618,0.028503700430635732,0.8691060101931681
EG,2,0.1749791331551258,0.023022321407657437,0.8019985454372167
EG,2,0.16416780159869618,0.026181174281541552,0.8096510241197622
EG,2,0.15413891266334198,0.07103914451860381,0.7748219428180542
EG,2,0.14522530183872387,0.03249619551018793,0.8222785026510882
EG,2,0.31210497323841374,0.07476795395725526,0.613127072804331
EG,2,0.22091027783024042,0.033540200676139394,0.7455495214936203
EG,2,0.1541029788316096,0.055890667505091106,0.7900063536632994
EG,2,0.18358391989681797,0.034470295751345595,0.7819457843518364
EG,2,0.2634279290554563,0.043169842003497265,0.6934022289410464
EG,2,0.3027651874628312,0.04436023455876718,0.6528745779784016
EG,2,0.43979520101912517,0.07870817499489502,0.4814966239859798
EG,2,0.48276079115882087,0.0997393935655897,0.4174998152755895
EG,2,0.48189935201314393,0.10487664696858524,0.41322400101827067
EG,2,0.5274802802959971,0.13384939734463577,0.33867032235936706
EG,2,0.16542113538106118,0.027392851219486786,0.807186013399452
EG,2,0.31171484002132843,0.044553972383875845,0.6437311875947958
EG,2,0.40878242137688686,0.056855553707969006,0.5343620249151442
EG,2,0.40059862700753357,0.06116902238192152,0.5382323506105449
EG,2,0.6434550644657859,0.08843297527492915,0.2681119602592851
EG,2,0.2920765326451779,0.04880987410734892,0.6591135932474732
EG,2,0.23160602917074105,0.04840043411244193,0.7199935367168171
EG,2,0.17257170538063443,0.05113651023237197,0.7762917843869935
EG,2,0.15126125227123702,0.10711887030969365,0.7416198774190692
EG,2,0.12371347363665737,0.03915510656150315,0.8371314198018395
EG,2,0.30028800296415925,0.039232243030589906,0.6604797540052507
EG,2,0.3084792549764461,0.024733892218278552,0.6667868528052754
EG,2,0.23058973395510932,0.05266997642493304,0.7167402896199577
EG,2,0.5166083550772707,0.15556653759988243,0.32782510732284703
EG,2,0.028646649365138974,0.014511434542171433,0.9568419160926895
EG,2,0.5501519716247757,0.11819698198357512,0.3316510463916493
EG,2,0.5734313326286887,0.0919440702531497,0.3346245971181616
EG,2,0.37974628663263876,0.06318361093061017,0.557070102436751
EG,2,0.4480406825607209,0.07713083229664555,0.4748284851426337
EG,2,0.5127393060812151,0.12709208628305926,0.3601686076357256
EG,2,0.4810629552552648,0.08052649009506511,0.4384105546496701
EG,2,0.6689439786952355,0.07489292712577994,0.25616309417898464
EG,2,0.4772890318642844,0.043810920480063256,0.47890004765565236
EG,2,0.34471019326864727,0.044107284536910665,0.611182522194442
EG,2,0.4844014486023428,0.03929256712489748,0.47630598427275983
EG,2,0.511603376135623,0.07880671385711414,0.4095899100072628
EG,2,0.6187700295358285,0.027712875187971525,0.35351709527619996
EG,2,0.6783076554410973,0.060955371761759775,0.26073697279714286
EG,2,0.6742627534443996,0.03208471728246067,0.29365252927313973
EG,2,0.45651064925257895,0.08855506119704212,0.454934289550379
EG,2,0.4579308981283446,0.07605203631140166,0.46601706556025385
EG,2,0.5343948184374994,0.08099472590287399,0.3846104556596266
EG,2,0.48224542920269886,0.03504154716298934,0.4827130236343117
EG,2,0.33071821368636184,0.04365478548418575,0.6256270008294524
EG,2,0.34352141002175757,0.10512623161193246,0.55135235836631
EG,2,0.21755117273508331,0.150931039032151,0.6315177882327657
EG,2,0.4657944779389083,0.08147038504126099,0.4527351370198306
EG,2,0.3658589347358751,0.06199413019412577,0.5721469350699991
EG,2,0.4277721653689459,0.11975946689661039,0.45246836773444377
EG,2,0.1768578457219543,0.1044097073990717,0.718732446878974
EG,2,0.42588013738991115,0.03586342931145689,0.5382564332986319
EG,2,0.37622844510231856,0.027412255640956448,0.5963592992567249
EG,2,0.22142925674883482,0.6947318801010479,0.08383886315011733
EG,2,0.14991486587030653,0.6192488930412505,0.23083624108844292
EG,2,0.1756223502301833,0.6282987984117777,0.19607885135803893
EG,2,0.20951667343129307,0.6245698897209738,0.16591343684773308
EG,2,0.24025106546274913,0.4187816874311253,0.3409672471061255
EG,2,0.21350623896222914,0.5192551214239873,0.2672386396137836
EG,2,0.2537271208786289,0.4374199384201206,0.30885294070125047
EG,2,0.19389412501234882,0.21298205260840686,0.5931238223792443
EG,2,0.15224102586907293,0.3002673163985444,0.5474916577323826
EG,2,0.20184381607720048,0.5516344589298574,0.246521724992942
EG,2,0.1073065130929382,0.7280665069295813,0.16462697997748046
EG,2,0.1831961905769552,0.5340447269790849,0.2827590824439599
EG,2,0.1295786356808898,0.7315562639684646,0.1388651003506455
EG,2,0.2057370805730828,0.5370969699591053,0.257165949467812
EG,2,0.20335307120864152,0.523724442240155,0.2729224865512035
EG,2,0.18396391345413451,0.3228711821566636,0.4931649043892019
EG,2,0.19991838123836497,0.4468043246463571,0.3532772941152778
EG,2,0.12994010600019026,0.1760032318626372,0.6940566621371727
EG,2,0.23760177683049788,0.40980800868819267,0.35259021448130945
EG,2,0.08712667391858361,0.23998049546021338,0.672892830621203
EG,2,0.16484100013472563,0.2443732954044091,0.5907857044608653
EG,2,0.20260942519377165,0.3320278923110268,0.4653626824952014
EG,2,0.19337643740387447,0.5593900488140096,0.24723351378211597
EG,2,0.12590310676088592,0.2989433517007683,0.5751535415383457
EG,2,0.19416043221185256,0.3732781305861909,0.43256143720195656
EG,2,0.09609413870394294,0.2661061488615511,0.6377997124345058
EG,2,0.10837651954279012,0.36167336723636256,0.5299501132208472
EG,2,0.18958515934952866,0.47476541557435203,0.3356494250761194
EG,2,0.10995680623676127,0.3363560452173869,0.5536871485458519
EG,2,0.11724886755701096,0.4036199252036912,0.4791312072392978
EG,2,0.0737585736456988,0.49956456679154954,0.42667685956275186
EG,2,0.1958686707707282,0.6748541912322789,0.1292771379969931
EG,2,0.19995936715791582,0.6026270537606233,0.1974135790814609
EG,2,0.1210251239627169,0.21489719950635336,0.6640776765309298
EG,2,0.05433427837239506,0.13318986182003925,0.8124758598075658
EG,2,0.20957660614137605,0.414406204902558,0.376017188956066
EG,2,0.10924118127235219,0.4367182909901982,0.4540405277374496
EG,2,0.08117307009204243,0.34920933611154276,0.5696175937964147
EG,2,0.31563731570113535,0.6046358719786514,0.07972681232021328
EG,2,0.12314499909319976,0.6852440646570496,0.1916109362497506
EG,2,0.1363811629118343,0.639683829577564,0.22393500751060186
EG,2,0.14635204516505299,0.6638851389077323,0.18976281592721478
EG,2,0.18775307339110595,0.5540426552807128,0.25820427132818125
EG,2,0.17079842793785732,0.5885003525961934,0.24070121946594922
EG,2,0.1320292619378994,0.4021041119589446,0.46586662610315605
EG,2,0.09402676899153867,0.30577136691883283,0.6002018640896285
EG,2,0.1384209153588696,0.3694073750171188,0.4921717096240115
EG,2,0.12001184406898223,0.26692004486230847,0.6130681110687093
EG,2,0.03917485795721284,0.04528856062601264,0.9155365814167745
EG,2,0.12121173953399468,0.1437283743575494,0.7350598861084559
EG,2,0.11921178903756124,0.6260325493274861,0.25475566163495256
EG,2,0.2528445103916377,0.6084305742984534,0.13872491530990907
EG,2,0.11417783022851613,0.4351092809788616,0.4507128887926222
EG,2,0.10917551550459592,0.20361521259191304,0.687209271903491
EG,2,0.14868145165635302,0.27937905743863,0.5719394909050171
EG,2,0.02717544674079058,0.049661123035393974,0.9231634302238154
EG,2,0.08332186656689142,0.14633006349751973,0.7703480699355889
EG,2,0.07235730350202109,0.11923759684233783,0.8084050996556412
EG,2,0.08870569861649792,0.6684681559646858,0.2428261454188163
EG,2,0.21081776946924455,0.4635852229282288,0.3255970076025267
EG,2,0.12189183252435612,0.37863446111281296,0.4994737063628309
EG,2,0.18111259830578222,0.4552957197125464,0.36359168198167147
EG,2,0.10678043209565374,0.42839533095420557,0.46482423695014075
EG,2,0.23038259769339903,0.47917011626533995,0.29044728604126097
EG,2,0.2115409155721557,0.4816327347641907,0.3068263496636536
EG,2,0.28487478427272805,0.34549279801343197,0.36963241771384
EG,2,0.1460220654864456,0.25438622093748386,0.5995917135760704
EG,2,0.15521568122491647,0.5689681502196545,0.27581616855542906
EG,2,0.1211461606145167,0.543922877422354,0.33493096196312916
EG,2,0.14552855383089833,0.6307710905471601,0.22370035562194165
EG,2,0.1122275963559713,0.6668549314122433,0.2209174722317854
EG,2,0.03398873765142729,0.1363247888204012,0.8296864735281714
EG,2,0.04974111796024238,0.14316404350807194,0.8070948385316857
EG,2,0.0820776697926626,0.25492011930351327,0.6630022109038242
EG,2,0.08516389445947475,0.29426413930302864,0.6205719662374967
EG,2,0.1109439549918418,0.6132244595928765,0.27583158541528163
EG,2,0.020069294473213536,0.08178098250414607,0.8981497230226404
EG,2,0.12195517327151491,0.24512743802394338,0.6329173887045417
EG,2,0.19953837281395684,0.6955594730323312,0.10490215415371194
EG,2,0.2662870375817696,0.2939768443452822,0.43973611807294827
EG,2,0.20607437354545044,0.20477398534273616,0.5891516411118134
EG,2,0.19892153105034258,0.19346084648755568,0.6076176224621017
EG,2,0.15488921840224973,0.42978854300469244,0.4153222385930578
EG,2,0.05919725620476589,0.12923331626912046,0.8115694275261136
EG,2,0.06470893751756333,0.06457205339278735,0.8707190090896494
EG,2,0.11425909364072577,0.3263519732221517,0.5593889331371226
EG,2,0.0525529580123909,0.0477318837888578,0.8997151581987514
EG,2,0.23261539514160356,0.3501415068371305,0.4172430980212659
EG,2,0.1562252981800739,0.1599663591936916,0.6838083426262346
EG,2,0.2224907194064605,0.28584394995477075,0.49166533063876866
EG,2,0.17132578405753063,0.18641409126825373,0.6422601246742156
EG,2,0.37114631116853647,0.46331559148303425,0.16553809734842917
EG,2,0.30573097929483706,0.4202375596801306,0.2740314610250323
EG,2,0.09860964375388481,0.14551412235031028,0.7558762338958049
EG,2,0.2833234146194686,0.11149613762327197,0.6051804477572594
EG,2,0.22668363776610376,0.08475684020617497,0.6885595220277213
EG,2,0.14746993964110944,0.20981451458417494,0.6427155457747157
EG,2,0.2555712986757934,0.09541139435812773,0.649017306966079
EG,2,0.27855979514885515,0.13845016064743354,0.5829900442037114
EG,2,0.37545956265344954,0.07835371133119486,0.5461867260153557
EG,2,0.2329205127070183,0.12294380192638356,0.6441356853665982
EG,2,0.1691302366664861,0.08093727236334594,0.7499324909701679
EG,2,0.17751727437323114,0.14241403885694257,0.6800686867698263
EG,2,0.07885932642221591,0.28653670253280367,0.6346039710449805
EG,2,0.09698035793605662,0.14327247686923783,0.7597471651947055
EG,2,0.16634751873016054,0.6412914779141949,0.1923610033556444
EG,2,0.09585192999872692,0.02993354867109334,0.8742145213301797
EG,2,0.12825691584761767,0.04138315344603753,0.8303599307063447
EG,2,0.09378727765486145,0.048537036584421656,0.857675685760717
EG,2,0.22237299936664529,0.024486502034118948,0.7531404985992358
EG,2,0.19478324347126508,0.02535076070170848,0.7798659958270265
EG,2,0.154817020841624,0.020190109486115427,0.8249928696722606
EG,2,0.13149150442804786,0.0731349597745397,0.7953735357974123
EG,2,0.11456291826187927,0.09766142267864246,0.7877756590594783
EG,2,0.3005273423672181,0.04004679613729631,0.6594258614954857
EG,2,0.26961981714212296,0.07367178389449684,0.6567083989633802
EG,2,0.12131503825510362,0.04270418580910804,0.8359807759357885
EG,2,0.13035449208377037,0.04169555269299855,0.8279499552232312
EG,2,0.16568122873781507,0.10794910098952416,0.7263696702726608
EG,2,0.10380048545094041,0.05144344418090434,0.8447560703681553
EG,2,0.11432598350833899,0.1175685729731607,0.7681054435185003
EG,2,0.47113075852328473,0.11478518015123768,0.4140840613254776
EG,2,0.3692856639676763,0.1356069622918727,0.4951073737404509
EG,2,0.33729032648321816,0.15427901912330258,0.5084306543934792
EG,2,0.153994939784716,0.24358290916290903,0.602422151052375
EG,2,0.08029454777289524,0.13706325799730984,0.7826421942297949
F5,2,0.37826740649128204,0.08104819308419395,0.540684400424524
F5,2,0.26355781780088255,0.15484681889295177,0.5815953633061656
F5,2,0.21156384101603387,0.13278156181852796,0.6556545971654383
F5,2,0.21555958004263928,0.05860470023776111,0.7258357197195996
F5,2,0.32361376241229467,0.14278255290311656,0.5336036846845887
F5,2,0.19848732138065275,0.08248587206049322,0.7190268065588541
F5,2,0.28193248522337183,0.06404321862343143,0.6540242961531968
F5,2,0.20087910792607136,0.044834749239548506,0.7542861428343801
F5,2,0.15800082560102047,0.05046517131934625,0.7915340030796332
F5,2,0.14213240564864135,0.052243859888387575,0.8056237344629711
F5,2,0.24820419092439364,0.03871352840333969,0.7130822806722666
F5,2,0.07780868256999691,0.08971572852403867,0.8324755889059645
F5,2,0.14760742564809567,0.15707436577948944,0.6953182085724149
F5,2,0.10602188189107203,0.07330944625207982,0.8206686718568482
F5,2,0.11442540230329605,0.08271086643379114,0.8028637312629128
F5,2,0.06935224012297073,0.08214447017613023,0.8485032897008989
F5,2,0.052801919612589225,0.09407466656309389,0.8531234138243169
F5,2,0.06847134940671762,0.12537625404951866,0.8061523965437637
F5,2,0.12432810018158724,0.05698605318769398,0.8186858466307187
F5,2,0.12378632928039796,0.04688609411391521,0.8293275766056868
F5,2,0.1004702563691309,0.048940226936540515,0.8505895166943287
F5,2,0.14863480171942217,0.05731279232141057,0.7940524059591673
F5,2,0.10444881274016392,0.12429633900168248,0.7712548482581537
F5,2,0.1688268371537665,0.028973490459056186,0.8021996723871773
F5,2,0.17758564244020106,0.020868037146020344,0.8015463204137786
F5,2,0.20239998809404136,0.03221582550302649,0.7653841864029322
F5,2,0.17469876713662302,0.03761375044527722,0.7876874824180998
F5,2,0.1097586850135866,0.03724953732810965,0.8529917776583038
F5,2,0.11368783760803973,0.040523363500285355,0.8457887988916749
F5,2,0.1205885691204797,0.0170566520830137,0.8623547787965067
F5,2,0.24737584270342566,0.06720249306540635,0.685421664231168
F5,2,0.1975109985228933,0.029575791594193372,0.7729132098829132
F5,2,0.1325287031661304,0.017837947260137103,0.8496333495737325
F5,2,0.23113433869790548,0.029330159455611668,0.7395355018464829
F5,2,0.11631511452315305,0.041132575845380985,0.8425523096314659
F5,2,0.12060346170459856,0.039895100618162385,0.8395014376772392
F5,2,0.08567686031850484,0.1293364716344276,0.7849866680470676
F5,2,0.07165259835445865,0.04829525757756637,0.880052144067975
F5,2,0.07660532207488711,0.06159282264375138,0.8618018552813616
F5,2,0.05393495091402903,0.03154218220354976,0.9145228668824212
F5,2,0.05820683464860069,0.030681272299831495,0.9111118930515678
F5,2,0.07827048150813284,0.022300264096824413,0.8994292543950426
F5,2,0.10083875893947626,0.019305147991876662,0.879856093068647
F5,2,0.09367295230307403,0.021696013804423254,0.8846310338925026
F5,2,0.13343817959467644,0.05455321290955398,0.8120086074957695
F5,2,0.08728281844079304,0.04918375426159927,0.8635334272976076
F5,2,0.07626307132246163,0.043395605159525015,0.8803413235180134
F5,2,0.12143697594148525,0.02795315397055671,0.850609870087958
F5,2,0.16057693374617607,0.051901101470958666,0.7875219647828652
F5,2,0.16813813426087296,0.13947303810616446,0.6923888276329625
F5,2,0.06968607703428391,0.11584477001280695,0.8144691529529092
F5,2,0.03353954952596276,0.07295734776345597,0.8935031027105813
F5,2,0.05789155339411815,0.0398263534215214,0.9022820931843605
F5,2,0.05556385866241339,0.04402117645099464,0.900414964886592
F5,2,0.04552494595942685,0.07462480073602494,0.8798502533045481
F5,2,0.042464029054811954,0.055874132154144204,0.9016618387910439
F5,2,0.08154926327737519,0.054027255242273135,0.8644234814803516
F5,2,0.0710297679759077,0.05963708027221017,0.8693331517518821
F5,2,0.08009045718440169,0.0767617885200962,0.8431477542955021
F5,2,0.11825616757004463,0.15049800893231036,0.7312458234976449
F5,2,0.08667823479481274,0.1382006230067509,0.7751211421984364
F5,2,0.0810171523025477,0.10291240962882951,0.8160704380686228
F5,2,0.06648405732473708,0.12026864466673495,0.8132472980085279
F5,2,0.10847160368429974,0.07766500761986249,0.8138633886958376
F5,2,0.10598951977648806,0.0755032299524718,0.8185072502710401
F5,2,0.08120664749029381,0.07217030821418004,0.8466230442955262
F5,2,0.08307386134250752,0.073829746245188,0.8430963924123045
F5,2,0.1228895840823681,0.0662054015582528,0.810905014359379
F5,2,0.1151638521436532,0.06252523680854101,0.8223109110478057
F5,2,0.08351108590819378,0.04214492044772757,0.8743439936440786
F5,2,0.13269769214837918,0.06241400698768268,0.8048883008639381
F5,2,0.1298517485263292,0.15229701702129073,0.71785123445238
F5,2,0.09997195223508931,0.8498698501146865,0.0501581976502241
F5,2,0.30786655435064675,0.12791755443062577,0.5642158912187275
F5,2,0.24735352071002553,0.03909526317853645,0.713551216111438
F5,2,0.24699865867294077,0.05597174325123668,0.6970295980758225
F5,2,0.2635917263678933,0.061238625212992025,0.6751696484191146
F5,0,0.09911546252290764,0.062362695919033706,0.8385218415580586
F5,0,0.07031921984943396,0.05321714994809531,0.8764636302024706
F5,0,0.11539817560991686,0.06278286424058102,0.8218189601495021
F5,0,0.188893300406533,0.02799881882240147,0.7831078807710656
F5,0,0.21753233370849948,0.030224613806352378,0.7522430524851482
F5,0,0.2189315044577842,0.02692699554409516,0.7541414999981207
F5,0,0.2615308331581007,0.031115036328808594,0.7073541305130907
F5,0,0.2397037408157735,0.02954957974025373,0.7307466794439729
F5,0,0.1521300005599496,0.023858196439614905,0.8240118030004354
F5,0,0.20434236504631714,0.036777675761703724,0.7588799591919791
F5,0,0.08988347921851433,0.08763721445736689,0.8224793063241188
F5,0,0.21154503116028592,0.03655295435141426,0.7519020144882997
F5,0,0.17916807363995946,0.05245789314988119,0.7683740332101593
F5,0,0.11060532296889163,0.08189672547904175,0.8074979515520666
F5,0,0.16070592839526146,0.1042074258125977,0.7350866457921407
F5,0,0.15840606428502668,0.03566425903731911,0.8059296766776541
F5,2,0.24823327162043735,0.055051352091705245,0.6967153762878575
F5,2,0.20317416127591673,0.037665501305535955,0.7591603374185473
F5,2,0.09930505154265618,0.05086086090291767,0.8498340875544262
F5,2,0.11137426553572889,0.03831650798194071,0.8503092264823304
F5,2,0.12411457478443581,0.04099035964123642,0.8348950655743277
F5,2,0.20303786009671357,0.033791815188050814,0.7631703247152355
F5,2,0.1704549818224645,0.03321213161403472,0.7963328865635008
F5,2,0.13511265830857788,0.05390596983249055,0.8109813718589315
F5,2,0.10010997125757415,0.029335864721272583,0.8705541640211533
F5,2,0.0890444754345731,0.04051922803347418,0.8704362965319528
F5,2,0.2753140615662803,0.04655240004526856,0.6781335383884513
F5,2,0.20692859547855377,0.0410118403851501,0.752059564136296
F5,2,0.1607324508423158,0.03394631101620505,0.8053212381414792
F5,2,0.16288004393082314,0.03491344262292459,0.8022065134462524
F5,2,0.2956459114161702,0.05527565860860076,0.649078429975229
F5,2,0.14720012038646532,0.05049742423824032,0.8023024553752944
F5,2,0.13828897117495378,0.05225263454181855,0.8094583942832276
F5,2,0.11193634484738327,0.09311260421149663,0.7949510509411202
F5,2,0.16981127271761437,0.031673018024872844,0.7985157092575128
F5,2,0.1539244262186259,0.03865333685152471,0.8074222369298494
F5,2,0.18218206751956065,0.040497632655049874,0.7773202998253895
F5,2,0.16999200089442082,0.06298943738426656,0.7670185617213126
F5,2,0.17579684978300758,0.052624915421321375,0.7715782347956711
F5,2,0.19678944876327578,0.031492861322801304,0.771717689913923
F5,2,0.21720273295807518,0.04672159696377293,0.7360756700781519
F5,2,0.13620572428227773,0.036783742145126044,0.8270105335725962
F5,2,0.13676699215176086,0.05120381649770682,0.8120291913505323
F5,2,0.16696453296118238,0.04114386330178042,0.7918916037370373
F5,2,0.18302038357459474,0.0448022556444038,0.7721773607810014
F5,2,0.17936488945486012,0.03246677989457399,0.7881683306505659
F5,2,0.17923646586396746,0.030451367027398462,0.7903121671086341
F5,2,0.16518729395636184,0.044112087097428455,0.7907006189462097
F5,2,0.15905005393849397,0.026699569417179894,0.8142503766443262
F5,2,0.30827913227288006,0.08071390949658572,0.6110069582305342
F5,2,0.153705189818795,0.032797351155952045,0.8134974590252531
F5,2,0.20395686753274395,0.03706603023035085,0.7589771022369053
F5,2,0.16789751349085064,0.030042593304547477,0.8020598932046019
F5,2,0.14753040300148876,0.03805311524789774,0.8144164817506135
F5,2,0.13093318875238716,0.02741607550517433,0.8416507357424386
F5,2,0.36714466851742095,0.01686079870141213,0.6159945327811669
F5,2,0.36149149370963696,0.2935117713954056,0.34499673489495736
F5,2,0.17070691502279658,0.10764877932611742,0.7216443056510861
F5,2,0.1566968562965144,0.01928632079484362,0.824016822908642
F5,2,0.12021466596672915,0.023105710163656194,0.8566796238696146
F5,2,0.156711336251236,0.03671994341464175,0.8065687203341223
F5,2,0.14981539033145722,0.031843196125362065,0.8183414135431807
F5,2,0.08137903826408782,0.011316700681009649,0.9073042610549026
F5,2,0.10286218288766333,0.01717003945345897,0.8799677776588778
F5,2,0.1879923140213734,0.022134672321565605,0.789873013657061
F5,2,0.1051706695719176,0.013133173206421852,0.8816961572216605
F5,2,0.12101912551831043,0.020481231746665055,0.8584996427350245
F5,2,0.0939944718312023,0.015782325806491804,0.8902232023623059
F5,2,0.10297773098597604,0.02146895041714946,0.8755533185968745
F5,2,0.15947409103986457,0.03385887616473993,0.8066670327953954
F5,2,0.09366557335612417,0.017419405422121472,0.8889150212217543
F5,2,0.08410764133388685,0.031245237918261105,0.8846471207478521
F5,2,0.11013036991372278,0.03000711395745969,0.8598625161288176
F5,2,0.1100103563281922,0.03729183270010786,0.8526978109716999
F5,2,0.12980615194793063,0.04586887454717435,0.824324973504895
F5,2,0.08726971389538624,0.04244545156001363,0.8702848345446001
F5,2,0.0782613962326505,0.015424872338259265,0.9063137314290903
F5,2,0.2317180082970143,0.028121181170494353,0.7401608105324914
F5,2,0.4201569845581961,0.0323374369260168,0.5475055785157871
F5,2,0.5462349086432284,0.027673709807192554,0.4260913815495791
F5,2,0.06402724920707033,0.012484887797854236,0.9234878629950756
F5,2,0.1400789697277648,0.017127110141174903,0.8427939201310604
F5,2,0.06851271216656442,0.013858919636649229,0.9176283681967864
F5,2,0.6191240399877704,0.02785528603567708,0.3530206739765525
F5,2,0.7027930627953485,0.020885998251097698,0.27632093895355386
F5,2,0.5322802186572851,0.030117002507518566,0.43760277883519627
F5,2,0.646583571716812,0.02443285596888856,0.3289835723142994
F5,2,0.6245661337839713,0.027139911491396274,0.34829395472463237
F5,2,0.6195431036954957,0.03448371386744039,0.34597318243706393
F5,2,0.5095864377694529,0.033562764732801835,0.45685079749774526
F5,2,0.4801117755752335,0.042540596138844124,0.4773476282859225
F5,2,0.5207345718471812,0.05088015197096094,0.42838527618185784
F5,2,0.5488438634427057,0.047061198489605764,0.40409493806768854
F5,2,0.7214572057884114,0.03349949921074555,0.24504329500084288
F5,2,0.8445209125098363,0.013612873037282326,0.14186621445288136
F5,2,0.8893177863842393,0.022895238549104642,0.0877869750666561
F5,2,0.8709266297230306,0.02173357991315056,0.10733979036381884
F5,2,0.8549253310743824,0.013391653799548002,0.13168301512606953
F5,2,0.8798246706006383,0.022650840929077837,0.09752448847028398
F5,2,0.8676707112857037,0.013516784624195106,0.11881250409010106
F5,2,0.8624921115755846,0.021523100329761624,0.11598478809465373
F5,2,0.8709236599501486,0.016971235142851145,0.11210510490700028
F5,2,0.8557027728538716,0.03415135153002082,0.11014587561610766
F5,2,0.8738083502329661,0.01593866461435865,0.11025298515267515
F5,2,0.8673505413976248,0.015820871222772603,0.11682858737960258
F5,2,0.865357415494557,0.01632040005333243,0.11832218445211046
F5,2,0.8580765110556675,0.013930478966868814,0.12799300997746357
F5,2,0.8339090156449618,0.021494031938287774,0.14459695241675047
F5,2,0.8240300082266068,0.026261699327227342,0.14970829244616593
F5,2,0.8045602674059548,0.028196941819481902,0.16724279077456328
F5,2,0.8157710150308901,0.020073821209287312,0.1641551637598225
F5,2,0.7792429455346446,0.02470622278650812,0.1960508316788474
F5,2,0.7754832135611746,0.03276005163614068,0.19175673480268476
F5,2,0.7669287227589233,0.03182513455060758,0.20124614269046914
F5,2,0.8005816038460943,0.027761729979348452,0.17165666617455727
F5,2,0.7982186430258927,0.032030357551458694,0.16975099942264854
F5,2,0.7217089888754942,0.02738830565726081,0.25090270546724486
F5,2,0.7033026471171424,0.01916915056927279,0.2775282023135848
F5,2,0.7417982466026297,0.026983355120342858,0.23121839827702753
F5,2,0.72876691162912,0.054624088432951176,0.2166089999379287
F5,2,0.76346491634587,0.05109019534518678,0.18544488830894332
F5,2,0.7413534613849223,0.07103279435417248,0.18761374426090513
F5,2,0.7014154061099828,0.10234552932941833,0.19623906456059892
F5,2,0.634591744311502,0.0467072866372666,0.3187009690512314
F5,2,0.37646140401719075,0.022040858178601613,0.6014977378042077
F5,2,0.6830268420987746,0.021456379341317472,0.2955167785599078
F5,2,0.4541727812355494,0.01864030850536459,0.5271869102590859
F5,2,0.4922052683103799,0.014797664642135376,0.49299706704748475
F5,2,0.7209802783094296,0.02108531650143257,0.25793440518913774
F5,2,0.6475733322845134,0.023803520731711,0.3286231469837755
F5,2,0.12931625642604966,0.09695225103188276,0.7737314925420676
F5,2,0.1563998022791534,0.01873830708339814,0.8248618906374485
F5,2,0.09933082785792914,0.00917465341246323,0.8914945187296077
F5,2,0.0948318594786263,0.01160134107451258,0.8935667994468611
F5,2,0.05748392400997427,0.010287109148136395,0.9322289668418894
F5,2,0.13520969053826018,0.021780811527547357,0.8430094979341926
F5,2,0.11904486948512234,0.012013371852127227,0.8689417586627504
F5,2,0.06649546744306523,0.012503372375240629,0.9210011601816942
F5,2,0.05024740478600557,0.008563600996358011,0.9411889942176365
F5,2,0.0940428364815089,0.01295810258260504,0.8929990609358861
F5,2,0.025238790222978046,0.011211122501087566,0.9635500872759345
F5,2,0.02882437310399013,0.018230967236620488,0.9529446596593892
F5,2,0.034634043517244986,0.023450376706945376,0.9419155797758096
F5,2,0.028025888116509915,0.045427667439131264,0.9265464444443589
F5,2,0.04040639651045474,0.05544654887326823,0.9041470546162771
F5,2,0.0327766435505206,0.04382101433922519,0.9234023421102543
F5,2,0.02047352186421789,0.07180055071602064,0.9077259274197614
F5,2,0.027837312626092497,0.07596767437588142,0.8961950129980262
F5,2,0.09212034082574619,0.15972959293955177,0.748150066234702
F5,2,0.06438835421667347,0.05571794711272658,0.8798936986705999
F5,2,0.1478173424815063,0.13139793835003238,0.7207847191684613
F5,2,0.1578231071710754,0.05410669271376093,0.7880702001151637
F5,2,0.08131816912274387,0.05063925987766516,0.8680425709995909
F5,2,0.11012004286880646,0.07622016834362075,0.8136597887875728
F5,2,0.1925172612698402,0.0816323944300423,0.7258503443001174
F5,2,0.08229270460311984,0.08450231363775496,0.8332049817591253
F5,2,0.20484680797746266,0.11116093379823237,0.683992258224305
F5,2,0.2281356028224336,0.08280325172654522,0.6890611454510212
F5,2,0.6156057638556157,0.06458062103171482,0.3198136151126694
F5,2,0.44710908555441536,0.12802573394623334,0.42486518049935124
F5,2,0.20745711492234628,0.07072006757563261,0.721822817502021
F5,2,0.6410261541273896,0.05487903690327349,0.3040948089693368
F5,2,0.7186343851882551,0.052114983048036134,0.22925063176370886
F5,2,0.5984855752596226,0.11116723596142876,0.2903471887789487
F5,2,0.18919639400594304,0.10047994696631786,0.7103236590277391
F5,2,0.15970706280020147,0.06029085714865914,0.7800020800511395
F5,2,0.11810802883823888,0.02610916924170735,0.8557828019200537
F5,2,0.08310046392266146,0.05523854541257242,0.8616609906647661
F5,2,0.12325435645611968,0.0716516320642566,0.8050940114796237
F5,2,0.09036989492061814,0.089754743814195,0.8198753612651868
F5,2,0.12441535852361377,0.09453801987788098,0.7810466215985052
F5,2,0.08186493314019637,0.039226976429384774,0.8789080904304188
F5,2,0.08940752552492684,0.049883796563046603,0.8607086779120267
F5,2,0.12387195491202437,0.03556363531877261,0.840564409769203
F5,2,0.1282727120096518,0.033713731364091955,0.8380135566262563
F5,2,0.10848973464601619,0.0353222691051672,0.8561879962488167
F5,2,0.10833953281784642,0.032142677277623787,0.8595177899045298
F5,2,0.2778954227597092,0.10764397629781283,0.614460600942478
F5,2,0.27590074373557283,0.06596077645371655,0.6581384798107105
F5,2,0.27941038737888046,0.05011469532029576,0.6704749173008238
F5,2,0.2823375746465172,0.06267328320590336,0.6549891421475795
F5,2,0.25925613043569906,0.0518128489953195,0.6889310205689815
F5,2,0.21554534723118096,0.05568191622605352,0.7287727365427654
F5,2,0.18417939172757924,0.037000996180571046,0.7788196120918497
F5,2,0.17461930429584677,0.03539230608227649,0.7899883896218768
F5,2,0.1440896246262438,0.029721426367044567,0.8261889490067117
F5,2,0.1934771486247999,0.037567129747031594,0.7689557216281685
F5,2,0.2182241504132432,0.028878335243838957,0.7528975143429179
F5,2,0.21402129836581957,0.02934926315101241,0.7566294384831681
F5,2,0.20193847420397332,0.03394008684649278,0.7641214389495339
F5,2,0.13693551287284067,0.05440263031203722,0.8086618568151221
F5,2,0.12916547897934968,0.06344262704507354,0.8073918939755768
F5,2,0.11425550211860165,0.0628561592728068,0.8228883386085916
F5,2,0.11853552221955196,0.046190574267276664,0.8352739035131714
F5,2,0.08930352030538818,0.027500727694691706,0.8831957519999201
F5,2,0.14159000511944697,0.08836296253761831,0.7700470323429347
F5,2,0.1779550867218728,0.012241398684011383,0.8098035145941158
F5,2,0.10120793130034723,0.0169400195878306,0.8818520491118221
F5,2,0.23373655762206602,0.056081387062410795,0.7101820553155233
F5,2,0.1084746275089208,0.021459886131520618,0.8700654863595586
F5,2,0.15747037943556938,0.07867279213542433,0.7638568284290063
F5,2,0.24549356252345264,0.0632077714599604,0.691298666016587
